diarrhea,vomiting,fever,stomach_pain,nausea,weakness,headache,jaundice,dark_urine,dehydration,rash,body_pain,blood_stool,loss_appetite,pH,turbidity,possible_microorganisms
0,0,0,1,1,1,0,0,1,0,0,1,1,1,8.4,14.6,"Hepatitis A virus,Shigella spp.,E. coli,Giardia lamblia"
0,1,1,0,1,0,0,0,1,0,0,0,0,0,5.9,11.9,"Salmonella typhi,Hepatitis A virus,Giardia lamblia"
0,0,0,1,0,1,0,1,0,1,1,1,0,1,5.8,0.7,"Hepatitis A virus,Shigella spp.,Pseudomonas"
0,1,1,1,1,0,1,1,1,1,1,0,1,0,6.7,5.1,"Vibrio cholerae,Hepatitis A virus,E. coli,Pseudomonas"
0,0,1,1,0,1,0,1,0,1,1,1,1,0,5.5,5.4,"Hepatitis A virus,Shigella spp.,E. coli,Giardia lamblia,Leptospira,Pseudomonas"
0,1,1,0,1,0,0,1,1,0,1,0,0,0,5.2,0.2,"Hepatitis A virus,Pseudomonas"
1,1,1,0,1,1,0,0,1,0,0,1,1,1,7.2,13.4,"Hepatitis A virus,Shigella spp.,E. coli,Giardia lamblia,Leptospira,Cryptosporidium"
0,1,1,0,0,1,1,0,0,0,1,0,1,1,6.1,0.3,"Shigella spp.,Pseudomonas"
1,0,1,1,1,1,0,0,1,1,0,1,1,0,8.2,11.3,"Salmonella typhi,Hepatitis A virus,Shigella spp.,Giardia lamblia,Leptospira,Cryptosporidium"
0,0,1,0,1,0,1,1,0,1,1,0,1,1,7.9,1.4,"Hepatitis A virus,Shigella spp.,Pseudomonas"
0,1,1,1,1,1,0,0,0,0,0,0,1,0,6.8,14.2,"Vibrio cholerae,Salmonella typhi,Hepatitis A virus,E. coli,Giardia lamblia"
0,0,0,0,0,0,1,1,1,0,0,0,1,1,7.6,14.7,"Salmonella typhi,Hepatitis A virus,Shigella spp."
0,0,1,0,0,1,0,1,0,1,0,1,0,0,8.7,9.3,"Salmonella typhi,Hepatitis A virus,Leptospira"
1,1,1,1,1,0,1,0,1,1,1,0,1,0,7.0,9.0,"Salmonella typhi,Hepatitis A virus,Shigella spp.,E. coli,Pseudomonas,Cryptosporidium"
0,1,0,0,1,1,1,1,0,0,1,0,1,0,5.9,11.8,"Vibrio cholerae,Salmonella typhi,Hepatitis A virus,Shigella spp.,Pseudomonas"
1,1,1,1,1,1,0,1,1,0,0,0,0,1,6.0,4.2,"Salmonella typhi,Hepatitis A virus,Shigella spp.,Giardia lamblia"
1,1,1,1,1,0,0,1,0,0,0,1,0,0,5.6,13.8,"Salmonella typhi,Hepatitis A virus,Shigella spp.,E. coli,Giardia lamblia,Leptospira"
1,1,1,1,1,0,0,0,0,0,0,1,0,1,5.9,1.0,"Hepatitis A virus,Leptospira"
0,0,0,1,0,0,0,0,0,0,0,1,1,0,6.0,10.6,"Shigella spp.,E. coli,Giardia lamblia"
1,1,0,1,1,0,0,1,0,1,0,0,0,0,5.9,1.4,"Hepatitis A virus,Shigella spp."
0,1,1,0,1,0,1,0,1,1,0,0,0,1,8.3,3.2,"Salmonella typhi,Hepatitis A virus,Giardia lamblia"
0,1,1,0,0,0,0,0,0,0,1,1,1,1,8.8,10.7,Leptospira
0,1,0,1,0,0,0,1,0,0,0,0,1,0,7.2,8.9,"Hepatitis A virus,Giardia lamblia"
0,1,0,0,0,1,0,1,1,1,0,0,1,1,6.2,4.0,Salmonella typhi
0,0,0,1,0,1,0,0,0,0,0,1,0,1,6.7,1.2,Shigella spp.
1,0,1,0,1,0,1,1,1,0,0,1,1,0,7.4,4.8,"Salmonella typhi,Hepatitis A virus,Shigella spp.,Giardia lamblia,Leptospira"
1,0,0,0,1,1,1,0,1,0,1,1,1,0,5.4,11.5,"Vibrio cholerae,Salmonella typhi,Shigella spp.,E. coli,Giardia lamblia,Pseudomonas,Cryptosporidium"
1,0,0,1,1,1,1,1,0,1,1,1,1,1,5.1,7.9,"Vibrio cholerae,Salmonella typhi,Hepatitis A virus,Shigella spp.,E. coli,Giardia lamblia,Pseudomonas,Cryptosporidium"
0,0,1,0,1,1,1,1,1,1,0,1,1,0,7.4,14.7,"Salmonella typhi,Shigella spp.,Giardia lamblia,Leptospira"
0,0,0,1,0,1,1,1,1,0,0,1,1,1,7.7,2.4,"Salmonella typhi,Hepatitis A virus,Shigella spp."
0,1,0,0,1,0,1,0,0,1,1,0,1,0,7.9,4.3,"Salmonella typhi,Hepatitis A virus,Shigella spp.,Giardia lamblia,Pseudomonas"
0,1,1,1,1,1,1,0,0,0,1,1,0,1,5.3,0.7,"Hepatitis A virus,Shigella spp.,Leptospira,Pseudomonas"
1,1,0,0,0,1,1,1,0,1,0,0,1,0,8.8,2.3,"Salmonella typhi,Hepatitis A virus,Shigella spp."
1,0,0,0,0,0,0,0,1,0,0,1,1,0,8.4,4.8,"Hepatitis A virus,Shigella spp.,E. coli"
1,1,1,0,0,1,0,0,1,1,0,1,1,0,7.0,10.0,"Salmonella typhi,Hepatitis A virus,Shigella spp.,E. coli,Leptospira,Cryptosporidium"
0,0,0,1,1,1,1,0,0,1,0,1,0,0,7.5,4.6,"Hepatitis A virus,Shigella spp.,E. coli,Giardia lamblia"
0,0,0,0,1,1,0,0,1,0,1,1,0,1,7.1,14.0,"Salmonella typhi,Hepatitis A virus,Giardia lamblia,Pseudomonas"
0,0,0,0,1,0,0,1,0,1,1,0,1,0,5.9,11.1,"Hepatitis A virus,Shigella spp.,Giardia lamblia,Pseudomonas"
0,0,1,1,0,0,1,0,1,0,0,0,0,0,8.3,11.3,"Salmonella typhi,Hepatitis A virus,Shigella spp.,E. coli"
0,1,1,1,1,1,0,1,1,0,0,0,1,0,8.2,4.3,"Salmonella typhi,Hepatitis A virus,Shigella spp.,E. coli"
1,1,1,0,0,0,1,1,0,0,1,1,0,0,6.5,9.2,"Hepatitis A virus,E. coli,Leptospira,Pseudomonas,Cryptosporidium"
1,1,0,0,1,0,0,0,0,1,1,1,0,1,8.2,14.0,"Hepatitis A virus,E. coli,Giardia lamblia,Pseudomonas"
0,1,0,0,0,0,0,1,1,0,1,0,0,0,7.4,0.1,"Hepatitis A virus,Pseudomonas"
1,0,0,0,0,1,0,1,0,0,1,0,1,1,5.4,13.3,"Vibrio cholerae,Salmonella typhi,Shigella spp.,E. coli,Pseudomonas,Cryptosporidium"
0,0,1,0,0,1,1,1,1,0,0,1,0,1,7.5,7.4,"Salmonella typhi,Hepatitis A virus"
1,0,0,1,1,1,1,1,1,1,0,0,1,0,7.9,12.8,"Salmonella typhi,Shigella spp.,E. coli,Giardia lamblia,Cryptosporidium"
1,1,0,0,0,0,0,1,1,0,1,0,0,0,6.2,5.9,"Vibrio cholerae,E. coli,Pseudomonas,Cryptosporidium"
0,1,0,0,0,0,1,0,1,0,0,1,0,1,7.6,12.7,"Salmonella typhi,Hepatitis A virus"
0,0,1,1,1,1,1,0,1,0,1,0,0,1,6.7,1.6,"Hepatitis A virus,Shigella spp.,Pseudomonas"
1,1,1,0,1,0,1,0,1,0,0,1,1,0,5.6,13.0,"Vibrio cholerae,Salmonella typhi,Hepatitis A virus,E. coli,Giardia lamblia,Leptospira,Cryptosporidium"
0,1,1,1,1,1,1,1,0,1,0,0,1,0,8.3,1.5,Hepatitis A virus
1,0,0,1,0,1,0,1,0,1,0,0,0,1,5.4,3.9,"Salmonella typhi,Hepatitis A virus,Shigella spp.,Giardia lamblia"
1,1,0,1,1,0,1,1,0,1,0,1,1,0,6.0,0.0,"Hepatitis A virus,Shigella spp."
1,0,1,0,1,0,0,0,0,1,1,0,0,1,5.8,9.8,"Vibrio cholerae,Salmonella typhi,E. coli,Giardia lamblia,Pseudomonas,Cryptosporidium"
1,1,0,1,1,0,1,0,0,0,0,1,0,0,7.9,3.3,"Salmonella typhi,Shigella spp."
0,1,0,1,1,0,0,0,1,0,1,0,0,1,8.5,0.4,"Hepatitis A virus,Shigella spp.,Pseudomonas"
0,1,1,1,1,1,0,1,1,0,1,0,1,1,8.4,13.2,"Salmonella typhi,Hepatitis A virus,Shigella spp.,E. coli"
1,0,1,0,1,0,0,1,0,0,1,0,0,0,6.1,4.0,"Salmonella typhi,Hepatitis A virus,Giardia lamblia,Pseudomonas"
1,0,0,0,1,0,0,0,1,1,0,1,1,0,6.6,11.2,"Vibrio cholerae,Hepatitis A virus,Shigella spp.,E. coli,Giardia lamblia,Cryptosporidium"
0,0,1,1,0,1,1,0,1,1,1,0,1,1,8.9,8.4,Pseudomonas
0,1,0,0,0,0,0,0,1,1,0,0,1,0,7.3,1.7,Hepatitis A virus
1,0,0,0,1,1,1,0,0,1,1,0,1,1,7.7,2.4,"Salmonella typhi,Hepatitis A virus,Shigella spp.,Pseudomonas"
1,0,0,1,1,0,0,1,0,1,0,0,1,1,6.8,9.7,"Vibrio cholerae,E. coli,Giardia lamblia,Cryptosporidium"
0,0,0,1,0,0,1,0,0,0,1,1,1,0,8.0,2.3,"Salmonella typhi,Pseudomonas"
0,1,0,1,0,1,1,0,0,1,0,1,0,1,8.7,0.9,Shigella spp.
0,1,0,0,1,0,1,1,0,0,1,1,1,0,6.0,8.3,"Vibrio cholerae,Salmonella typhi,Hepatitis A virus,Shigella spp.,Giardia lamblia,Pseudomonas"
0,0,1,1,0,1,1,0,0,0,1,0,1,1,5.6,11.9,"E. coli,Pseudomonas"
1,0,0,1,0,1,0,0,1,0,1,1,0,1,5.8,13.7,"Vibrio cholerae,Salmonella typhi,Hepatitis A virus,Shigella spp.,E. coli,Giardia lamblia,Pseudomonas,Cryptosporidium"
0,1,1,0,0,0,1,0,1,0,0,0,1,1,6.5,10.6,"Salmonella typhi,Hepatitis A virus,Shigella spp."
1,0,0,1,0,0,0,1,0,1,0,1,1,1,6.4,13.2,"Vibrio cholerae,Hepatitis A virus,Shigella spp.,E. coli,Cryptosporidium"
0,0,1,0,1,1,1,1,1,1,1,0,0,1,5.7,7.9,"Salmonella typhi,Giardia lamblia,Pseudomonas"
1,0,0,0,0,1,1,1,1,0,1,0,0,1,7.9,0.7,"Hepatitis A virus,Pseudomonas"
0,0,1,1,0,1,1,1,1,1,1,0,1,0,8.1,12.4,"Salmonella typhi,Hepatitis A virus,Shigella spp.,E. coli,Giardia lamblia"
1,0,1,0,0,0,1,1,0,1,1,1,1,1,6.9,4.1,"Salmonella typhi,Hepatitis A virus,Shigella spp.,E. coli,Leptospira,Pseudomonas"
0,1,1,1,1,1,0,0,0,0,1,0,0,1,5.1,15.0,"Salmonella typhi,Hepatitis A virus,Shigella spp.,E. coli,Pseudomonas"
1,0,0,1,0,0,0,1,0,1,0,0,1,1,5.4,11.9,"Vibrio cholerae,Hepatitis A virus,Shigella spp.,E. coli,Cryptosporidium"
1,0,1,0,1,0,0,1,0,0,1,1,1,1,6.8,0.9,"Hepatitis A virus,Shigella spp.,Leptospira,Pseudomonas"
0,0,0,0,0,0,1,1,0,0,0,0,0,0,8.7,14.0,Hepatitis A virus
0,0,0,0,1,1,0,1,1,1,0,1,0,1,7.3,7.4,"Salmonella typhi,Hepatitis A virus,Giardia lamblia"
0,1,0,0,1,1,0,1,1,1,1,0,1,0,5.6,10.9,"Vibrio cholerae,Salmonella typhi,Hepatitis A virus,Pseudomonas"
0,1,1,1,1,1,0,1,1,0,1,1,0,1,7.5,0.6,"Hepatitis A virus,Shigella spp.,Leptospira,Pseudomonas"
0,0,1,0,0,0,1,1,1,0,0,1,1,1,8.6,5.7,"Salmonella typhi,Hepatitis A virus,Shigella spp.,Leptospira"
1,1,1,1,0,1,0,1,0,1,0,0,1,0,7.1,11.3,"Salmonella typhi,Hepatitis A virus,Shigella spp.,E. coli,Giardia lamblia,Cryptosporidium"
1,1,0,0,1,0,1,1,0,0,1,1,1,0,7.6,10.7,"Salmonella typhi,Hepatitis A virus,Shigella spp.,E. coli,Giardia lamblia,Pseudomonas,Cryptosporidium"
0,1,0,1,1,1,1,1,1,0,1,0,0,1,8.8,5.9,"Salmonella typhi,Hepatitis A virus,Shigella spp.,E. coli,Giardia lamblia,Pseudomonas"
1,0,0,1,0,0,1,0,1,0,0,0,1,1,6.9,9.7,"Vibrio cholerae,Salmonella typhi,Hepatitis A virus,Giardia lamblia"
0,1,1,1,0,1,1,1,0,1,0,0,0,1,6.8,14.5,"Vibrio cholerae,Hepatitis A virus,Shigella spp.,Giardia lamblia"
0,1,0,0,0,0,0,0,0,0,0,0,0,1,7.7,13.9,None
1,0,0,0,0,1,1,0,1,1,1,1,0,1,8.6,6.4,"Hepatitis A virus,E. coli,Pseudomonas,Cryptosporidium"
1,0,1,1,1,0,1,1,1,1,0,1,0,0,8.1,9.0,"Salmonella typhi,Hepatitis A virus,Shigella spp.,Giardia lamblia,Leptospira,Cryptosporidium"
1,1,1,1,1,0,0,1,1,0,0,0,1,0,7.2,13.2,"Salmonella typhi,Hepatitis A virus,Shigella spp.,E. coli,Giardia lamblia,Cryptosporidium"
0,0,0,0,0,1,1,0,0,0,1,1,1,0,5.5,8.3,"Shigella spp.,Pseudomonas"
1,0,0,0,0,1,0,0,1,0,1,1,1,0,6.8,5.1,"Vibrio cholerae,Salmonella typhi,Hepatitis A virus,Shigella spp.,E. coli,Pseudomonas,Cryptosporidium"
1,1,1,0,1,1,0,1,0,0,0,1,1,1,7.5,0.3,Leptospira
0,0,1,0,1,0,0,1,0,0,0,1,1,1,8.6,11.3,"Salmonella typhi,Hepatitis A virus,Shigella spp.,Giardia lamblia"
1,0,0,0,1,1,1,0,0,0,0,0,1,1,6.3,10.9,"Vibrio cholerae,Salmonella typhi,Hepatitis A virus,E. coli,Giardia lamblia,Cryptosporidium"
1,1,1,0,0,0,1,1,0,1,0,0,0,0,5.8,0.4,None
0,1,1,0,0,1,1,0,0,1,0,1,0,0,7.7,11.4,Leptospira
0,1,0,0,1,0,0,1,0,0,1,0,1,0,6.1,10.0,"Vibrio cholerae,Hepatitis A virus,Shigella spp.,Giardia lamblia"
0,0,1,1,1,1,0,0,1,0,0,0,1,0,8.7,14.4,"Salmonella typhi,Hepatitis A virus,Shigella spp.,E. coli,Giardia lamblia"
0,1,0,0,0,0,0,1,1,0,0,1,0,1,8.9,8.2,Hepatitis A virus
0,0,0,0,0,1,1,1,1,1,1,1,1,0,8.3,11.9,"Salmonella typhi,Hepatitis A virus,Shigella spp.,Pseudomonas"
0,0,1,0,0,0,0,0,1,0,1,0,0,0,9.0,6.3,Pseudomonas
1,1,0,0,1,0,0,0,1,0,1,0,1,1,5.8,4.1,"Shigella spp.,E. coli,Giardia lamblia,Pseudomonas"
1,0,0,0,1,0,1,1,1,1,0,1,1,1,7.1,14.0,"Salmonella typhi,Hepatitis A virus,Shigella spp.,E. coli,Giardia lamblia,Cryptosporidium"
1,0,1,1,0,1,1,0,0,0,0,0,0,1,8.7,11.5,"Salmonella typhi,Shigella spp.,E. coli,Giardia lamblia"
1,1,1,0,0,0,1,0,0,1,1,0,0,1,5.5,14.4,"Vibrio cholerae,Salmonella typhi,E. coli,Pseudomonas"
1,1,0,0,1,0,1,1,1,1,1,0,1,1,7.1,6.1,"Salmonella typhi,Hepatitis A virus,Shigella spp.,E. coli,Giardia lamblia,Pseudomonas,Cryptosporidium"
1,0,0,0,1,1,0,1,0,1,0,1,0,1,6.2,6.5,"Vibrio cholerae,Salmonella typhi,Hepatitis A virus,E. coli,Giardia lamblia,Cryptosporidium"
1,1,1,0,1,0,0,1,1,0,0,1,0,1,5.4,0.5,"Hepatitis A virus,Leptospira"
1,0,1,0,1,0,1,0,0,1,1,0,0,0,6.5,11.6,"Vibrio cholerae,Salmonella typhi,Hepatitis A virus,E. coli,Giardia lamblia,Pseudomonas,Cryptosporidium"
1,0,1,0,1,1,0,0,0,0,0,0,0,0,5.6,9.5,"Vibrio cholerae,Salmonella typhi,Hepatitis A virus,E. coli,Giardia lamblia,Cryptosporidium"
0,1,1,0,0,1,1,0,1,0,0,1,1,1,7.0,10.4,"Salmonella typhi,Shigella spp.,Leptospira"
0,1,0,1,0,0,1,0,0,1,0,0,0,1,7.8,6.4,"Salmonella typhi,Shigella spp.,E. coli,Giardia lamblia"
1,0,0,1,0,1,0,0,1,1,1,1,0,1,8.1,5.8,"Salmonella typhi,Hepatitis A virus,E. coli,Giardia lamblia,Pseudomonas,Cryptosporidium"
0,0,0,1,0,1,0,0,0,0,1,1,1,0,5.9,1.9,Shigella spp.
0,1,0,1,1,0,0,1,1,1,1,0,0,0,5.1,14.2,"Vibrio cholerae,Giardia lamblia,Pseudomonas"
1,0,1,0,1,0,0,1,1,1,1,1,0,0,5.1,2.2,"Salmonella typhi,Hepatitis A virus,Leptospira,Pseudomonas"
0,0,0,1,1,1,0,0,1,1,1,0,1,1,6.2,0.3,"Shigella spp.,Pseudomonas"
0,1,1,1,0,0,1,1,1,1,0,0,1,1,6.5,7.8,"Vibrio cholerae,Salmonella typhi,E. coli,Giardia lamblia"
0,0,0,0,0,0,0,0,0,1,1,1,0,0,8.4,5.1,Pseudomonas
1,0,1,0,0,1,1,0,0,0,1,0,0,1,6.8,6.1,"Vibrio cholerae,Salmonella typhi,Pseudomonas,Cryptosporidium"
0,1,1,0,0,1,0,0,1,0,1,0,0,1,7.7,2.5,"Hepatitis A virus,Pseudomonas"
0,1,1,0,0,1,0,1,0,1,1,0,1,0,5.7,9.7,"Vibrio cholerae,Salmonella typhi,Hepatitis A virus,Shigella spp.,Pseudomonas"
1,1,1,1,0,1,0,1,0,0,1,1,1,0,5.1,6.6,"Vibrio cholerae,Hepatitis A virus,Shigella spp.,E. coli,Giardia lamblia,Leptospira,Pseudomonas,Cryptosporidium"
1,1,0,0,0,1,1,0,0,1,1,1,0,1,8.3,6.9,"Salmonella typhi,E. coli,Pseudomonas"
1,1,1,0,1,0,1,0,1,1,1,0,0,1,7.8,4.3,"Salmonella typhi,Hepatitis A virus,E. coli,Pseudomonas"
0,0,1,0,1,0,0,0,0,1,1,0,1,1,6.2,5.9,"Salmonella typhi,Hepatitis A virus,Shigella spp.,Giardia lamblia,Pseudomonas"
0,1,0,1,1,0,1,1,1,0,1,0,1,1,6.2,14.3,"Vibrio cholerae,Salmonella typhi,Hepatitis A virus,Shigella spp.,E. coli,Giardia lamblia,Pseudomonas"
1,1,0,1,1,0,0,0,1,1,0,1,1,1,5.0,7.7,"Vibrio cholerae,Hepatitis A virus,Shigella spp.,E. coli,Giardia lamblia,Cryptosporidium"
1,0,1,1,1,0,0,1,1,0,0,0,0,0,6.2,1.9,"Hepatitis A virus,Shigella spp."
1,0,1,0,1,1,1,0,1,1,0,1,1,1,8.6,2.0,Hepatitis A virus
1,0,0,1,1,0,1,1,0,0,0,0,0,1,6.1,14.4,"Vibrio cholerae,Salmonella typhi,Hepatitis A virus,Shigella spp.,E. coli,Cryptosporidium"
1,1,1,0,0,1,0,0,1,0,1,1,0,1,5.9,7.0,"Vibrio cholerae,Salmonella typhi,Hepatitis A virus,E. coli,Leptospira,Pseudomonas,Cryptosporidium"
0,1,1,0,1,0,0,0,1,1,0,1,0,1,8.9,13.7,"Salmonella typhi,Giardia lamblia,Leptospira"
0,0,1,1,0,1,0,0,0,0,1,0,0,1,7.9,4.8,"Salmonella typhi,E. coli,Giardia lamblia,Pseudomonas"
1,1,0,1,0,1,0,1,0,1,1,0,1,1,7.0,10.6,"Salmonella typhi,Hepatitis A virus,Shigella spp.,E. coli,Giardia lamblia,Pseudomonas,Cryptosporidium"
0,0,1,0,0,1,1,1,0,0,1,0,1,0,5.7,14.3,"Salmonella typhi,Hepatitis A virus,Shigella spp.,Pseudomonas"
0,1,1,0,1,1,1,0,1,1,1,1,1,1,7.9,4.8,"Salmonella typhi,Hepatitis A virus,Shigella spp.,Giardia lamblia,Leptospira"
0,1,0,1,1,0,1,0,1,0,1,1,1,1,7.0,11.8,"Salmonella typhi,E. coli,Pseudomonas"
1,1,0,1,0,0,1,1,0,0,0,0,1,0,7.0,7.4,"Salmonella typhi,Hepatitis A virus,Shigella spp.,E. coli,Giardia lamblia,Cryptosporidium"
1,0,0,1,1,1,1,0,1,1,1,1,1,0,5.3,3.8,"Salmonella typhi,Hepatitis A virus,Shigella spp.,Giardia lamblia,Pseudomonas"
1,0,1,1,0,0,1,0,0,1,0,0,0,0,6.4,5.0,"Salmonella typhi,E. coli,Giardia lamblia"
0,0,0,1,0,0,1,0,0,0,1,0,0,0,6.4,10.7,"Salmonella typhi,Shigella spp.,Pseudomonas"
1,1,0,1,1,0,1,1,1,1,1,0,1,0,8.2,9.5,"Hepatitis A virus,E. coli,Giardia lamblia,Pseudomonas,Cryptosporidium"
0,1,0,0,1,1,1,0,0,1,0,1,0,0,8.2,0.7,Hepatitis A virus
0,1,0,1,0,1,0,0,0,0,0,1,1,1,8.8,9.0,"Salmonella typhi,Shigella spp.,E. coli,Giardia lamblia"
0,1,1,1,1,1,0,0,0,0,1,1,0,0,6.9,3.6,"Salmonella typhi,Hepatitis A virus,Shigella spp.,Leptospira,Pseudomonas"
0,0,0,1,1,1,0,1,0,1,0,1,1,1,7.5,14.0,"Salmonella typhi,Hepatitis A virus,Shigella spp.,Giardia lamblia"
0,1,0,0,0,1,0,1,1,1,1,1,1,0,7.2,11.1,"Salmonella typhi,Hepatitis A virus,Shigella spp.,Pseudomonas"
1,0,1,1,1,1,1,0,1,0,0,0,0,1,6.8,1.7,"Hepatitis A virus,Shigella spp."
0,1,0,1,0,0,1,1,1,1,1,1,1,0,8.7,11.5,"Hepatitis A virus,Shigella spp.,E. coli,Pseudomonas"
0,1,1,0,1,1,0,1,1,1,0,0,1,0,5.8,1.7,Hepatitis A virus
1,1,0,0,0,0,0,0,1,1,1,1,0,1,8.5,12.2,"Hepatitis A virus,E. coli,Pseudomonas,Cryptosporidium"
0,1,0,0,1,0,1,0,0,0,1,0,1,0,6.8,14.8,"Vibrio cholerae,Salmonella typhi,Hepatitis A virus,Giardia lamblia,Pseudomonas"
1,0,0,1,1,1,1,1,1,0,0,0,0,0,7.7,15.0,"Salmonella typhi,Hepatitis A virus,Shigella spp.,E. coli"
1,0,0,0,1,1,0,1,1,1,1,1,1,0,5.2,8.0,"Vibrio cholerae,Salmonella typhi,Hepatitis A virus,Shigella spp.,E. coli,Giardia lamblia,Pseudomonas,Cryptosporidium"
1,1,1,1,0,0,1,1,0,0,1,0,1,0,7.4,7.3,"Salmonella typhi,Hepatitis A virus,Shigella spp.,E. coli,Giardia lamblia,Cryptosporidium"
1,1,1,0,0,1,1,0,0,1,1,0,0,1,8.5,10.5,"E. coli,Pseudomonas,Cryptosporidium"
1,0,0,0,1,1,1,1,0,1,0,0,1,1,7.3,10.0,"Hepatitis A virus,Shigella spp.,E. coli,Giardia lamblia"
1,1,1,0,0,1,1,1,0,0,1,1,0,0,6.3,4.7,"Salmonella typhi,Hepatitis A virus,Leptospira,Pseudomonas"
1,1,1,1,1,1,0,1,1,1,0,1,1,1,7.6,8.2,"Salmonella typhi,Hepatitis A virus,Shigella spp.,E. coli,Giardia lamblia,Cryptosporidium"
1,0,0,0,1,1,1,0,1,1,1,1,0,1,5.6,2.6,"Salmonella typhi,Hepatitis A virus,Pseudomonas"
0,1,1,1,1,0,0,1,0,0,1,0,0,0,7.9,8.5,"Salmonella typhi,Hepatitis A virus,Shigella spp.,Giardia lamblia"
0,0,1,1,1,1,1,0,0,0,0,1,0,0,6.3,12.0,"Salmonella typhi,Hepatitis A virus,Shigella spp.,E. coli,Giardia lamblia,Leptospira"
0,0,0,0,0,0,1,1,0,0,0,0,1,1,5.9,8.6,"Salmonella typhi,Shigella spp."
0,0,0,1,1,1,1,0,1,1,1,0,1,0,5.6,3.1,"Salmonella typhi,Hepatitis A virus,Shigella spp.,Pseudomonas"
1,0,1,1,0,0,0,1,0,0,0,1,1,0,5.5,5.9,"Vibrio cholerae,Salmonella typhi,Shigella spp.,E. coli,Leptospira"
1,0,1,1,1,0,1,0,0,1,1,0,1,1,6.0,5.8,"Vibrio cholerae,Salmonella typhi,Hepatitis A virus,Shigella spp.,E. coli,Pseudomonas,Cryptosporidium"
1,0,0,0,1,0,0,0,0,1,0,1,1,1,6.7,3.6,"Shigella spp.,Giardia lamblia"
0,0,0,0,1,0,1,0,1,0,0,1,1,1,8.4,14.2,"Hepatitis A virus,Shigella spp."
1,1,1,0,1,0,0,0,0,0,1,0,1,0,5.4,1.5,"Hepatitis A virus,Shigella spp.,Pseudomonas"
1,0,0,1,1,0,0,0,1,1,0,0,0,0,7.2,4.7,"Hepatitis A virus,Shigella spp.,E. coli,Giardia lamblia"
0,1,0,1,0,0,0,0,1,1,1,0,0,1,6.5,7.6,"Vibrio cholerae,Hepatitis A virus,Giardia lamblia,Pseudomonas"
0,1,1,1,0,1,1,1,1,1,1,0,0,1,5.4,13.9,"Vibrio cholerae,Salmonella typhi,Hepatitis A virus,Shigella spp.,E. coli,Pseudomonas"
1,1,1,0,1,1,0,0,0,0,0,1,1,1,6.3,12.2,"Vibrio cholerae,Hepatitis A virus,Shigella spp.,E. coli,Giardia lamblia,Leptospira,Cryptosporidium"
0,1,1,0,1,0,1,0,1,1,1,0,1,0,7.8,9.5,"Hepatitis A virus,Shigella spp.,Giardia lamblia,Pseudomonas"
0,0,1,0,0,1,1,1,1,1,1,0,0,0,5.7,2.1,"Salmonella typhi,Hepatitis A virus,Pseudomonas"
1,0,1,1,1,1,1,0,0,0,1,1,1,1,5.5,10.8,"Vibrio cholerae,Salmonella typhi,Hepatitis A virus,Shigella spp.,E. coli,Leptospira,Pseudomonas,Cryptosporidium"
1,0,0,1,1,0,1,0,0,0,1,1,1,1,7.4,5.4,"Salmonella typhi,Hepatitis A virus,E. coli,Giardia lamblia,Pseudomonas,Cryptosporidium"
1,1,1,0,0,0,1,1,1,1,0,0,0,1,5.6,3.5,Hepatitis A virus
0,0,1,0,0,1,1,1,0,0,1,0,1,1,5.3,2.9,"Salmonella typhi,Pseudomonas"
0,1,1,1,0,1,1,1,1,0,0,0,0,1,5.7,9.4,"Vibrio cholerae,Hepatitis A virus,Shigella spp.,E. coli"
1,0,0,1,0,0,0,1,0,1,0,0,1,0,6.2,12.3,"Vibrio cholerae,Hepatitis A virus,Shigella spp.,E. coli,Cryptosporidium"
1,1,1,1,0,1,0,0,1,1,1,0,1,0,5.9,12.8,"Vibrio cholerae,Salmonella typhi,Hepatitis A virus,E. coli,Giardia lamblia,Pseudomonas,Cryptosporidium"
1,1,1,1,0,0,0,1,0,0,0,1,1,1,7.7,12.3,"Salmonella typhi,Hepatitis A virus,Shigella spp.,E. coli,Giardia lamblia,Leptospira,Cryptosporidium"
1,0,1,0,1,0,1,1,1,0,0,0,1,1,6.2,10.7,"Vibrio cholerae,Salmonella typhi,Shigella spp.,Giardia lamblia,Cryptosporidium"
1,0,0,1,1,1,1,0,0,1,0,1,1,1,7.6,10.8,"Salmonella typhi,Shigella spp.,Giardia lamblia,Cryptosporidium"
0,0,0,0,0,1,0,1,0,0,1,1,1,0,7.8,3.0,Hepatitis A virus
0,1,1,1,0,0,1,0,0,1,0,0,1,0,6.3,7.2,"Vibrio cholerae,Salmonella typhi,Shigella spp.,E. coli"
0,1,0,1,1,1,0,0,1,0,1,0,1,1,6.2,8.3,"Salmonella typhi,Shigella spp.,E. coli,Giardia lamblia,Pseudomonas"
0,0,0,1,0,0,1,1,1,1,1,1,0,0,6.7,11.6,"Salmonella typhi,Hepatitis A virus,Shigella spp.,Giardia lamblia,Pseudomonas"
0,0,0,0,1,0,1,1,1,0,1,1,0,1,5.3,5.5,"Salmonella typhi,Hepatitis A virus,Giardia lamblia,Pseudomonas"
0,0,0,1,1,0,1,0,1,0,1,1,0,0,5.1,10.3,"Salmonella typhi,Hepatitis A virus,Shigella spp.,E. coli,Giardia lamblia,Pseudomonas"
1,0,0,0,0,0,0,1,0,1,0,1,0,0,5.4,3.5,Hepatitis A virus
0,0,1,1,0,1,0,0,1,1,1,0,1,0,7.2,7.4,"Salmonella typhi,Hepatitis A virus,E. coli,Giardia lamblia,Pseudomonas"
1,0,0,1,0,0,1,0,0,0,1,0,0,1,8.5,1.4,"Shigella spp.,Pseudomonas"
0,0,0,1,0,1,1,1,0,0,1,1,0,1,6.3,2.7,"Salmonella typhi,Hepatitis A virus,Pseudomonas"
1,1,0,0,0,1,1,1,1,0,0,1,1,0,8.0,4.9,"Hepatitis A virus,Shigella spp.,E. coli"
1,1,0,1,1,0,1,1,1,1,0,0,0,1,5.1,4.3,"Salmonella typhi,Hepatitis A virus,Shigella spp.,Giardia lamblia"
1,0,1,1,0,1,0,1,1,1,0,0,1,0,8.4,14.6,"Hepatitis A virus,Shigella spp.,Giardia lamblia,Cryptosporidium"
1,0,1,0,1,1,0,0,0,0,0,1,1,1,5.4,6.5,"Vibrio cholerae,Salmonella typhi,Hepatitis A virus,Shigella spp.,E. coli,Giardia lamblia,Leptospira,Cryptosporidium"
0,0,0,0,0,0,1,1,1,1,1,0,0,1,5.2,14.7,"Salmonella typhi,Hepatitis A virus,Pseudomonas"
1,1,0,1,0,1,0,1,1,0,0,0,0,1,7.8,3.7,"Hepatitis A virus,Shigella spp."
1,0,0,0,1,1,1,1,0,0,0,1,0,1,7.6,12.3,"Salmonella typhi,Hepatitis A virus,Giardia lamblia,Cryptosporidium"
1,0,1,1,0,0,0,1,1,1,0,0,0,0,5.2,5.1,"Vibrio cholerae,Salmonella typhi,Shigella spp.,Giardia lamblia,Cryptosporidium"
0,1,0,1,1,1,1,0,0,0,1,0,0,1,6.7,3.7,"Hepatitis A virus,Giardia lamblia,Pseudomonas"
0,0,1,1,1,0,1,0,1,0,0,0,0,1,5.3,10.6,"Salmonella typhi,Hepatitis A virus,Shigella spp.,E. coli,Giardia lamblia"
1,1,1,0,1,0,1,1,1,0,1,1,1,0,8.4,10.0,"Salmonella typhi,Hepatitis A virus,Shigella spp.,E. coli,Pseudomonas,Cryptosporidium"
0,0,0,0,1,0,0,1,0,0,0,1,1,1,6.7,0.5,"Hepatitis A virus,Shigella spp."
1,0,1,0,0,0,0,1,0,1,0,0,1,0,6.4,2.2,"Salmonella typhi,Shigella spp."
1,1,1,1,0,0,0,0,0,1,0,0,1,0,5.2,7.8,"Salmonella typhi,Shigella spp.,E. coli,Giardia lamblia,Cryptosporidium"
0,1,0,1,1,0,0,1,0,0,1,1,0,0,7.9,13.7,"Hepatitis A virus,Shigella spp.,E. coli,Giardia lamblia,Pseudomonas"
0,1,0,0,0,0,0,0,0,1,1,1,0,0,7.5,3.3,Pseudomonas
0,1,1,0,1,1,0,0,0,1,0,0,0,1,7.3,0.0,Hepatitis A virus
1,0,0,0,1,0,0,0,1,1,1,1,0,1,6.9,10.4,"Vibrio cholerae,Hepatitis A virus,E. coli,Pseudomonas"
1,1,1,1,1,0,0,0,0,1,0,0,1,1,5.5,10.8,"Vibrio cholerae,Salmonella typhi,Hepatitis A virus,Shigella spp.,E. coli,Giardia lamblia,Cryptosporidium"
1,1,1,0,0,0,0,0,0,0,1,1,0,0,6.1,5.1,"Vibrio cholerae,Salmonella typhi,Pseudomonas,Cryptosporidium"
0,0,1,1,1,0,1,1,0,0,1,0,0,1,7.8,12.1,"Salmonella typhi,Hepatitis A virus,Shigella spp.,Giardia lamblia,Pseudomonas"
1,0,1,0,0,0,1,1,0,0,0,0,1,1,6.6,5.5,"Vibrio cholerae,Salmonella typhi,Hepatitis A virus,Shigella spp.,E. coli,Cryptosporidium"
0,0,1,0,1,1,0,0,0,0,1,1,1,0,8.8,9.5,"Salmonella typhi,Hepatitis A virus,Shigella spp.,Giardia lamblia,Leptospira,Pseudomonas"
0,1,0,0,0,1,0,0,1,1,1,0,1,0,8.0,6.4,"Salmonella typhi,Hepatitis A virus"
1,1,0,0,1,0,1,1,1,1,0,1,1,1,6.4,8.5,"Vibrio cholerae,Salmonella typhi,Hepatitis A virus,Shigella spp.,E. coli,Giardia lamblia,Cryptosporidium"
0,1,1,1,1,0,0,1,0,1,0,0,0,1,7.0,5.3,"Salmonella typhi,Hepatitis A virus,Giardia lamblia"
0,0,1,0,1,0,0,1,1,0,1,0,0,0,6.5,3.0,"Salmonella typhi,Hepatitis A virus,Pseudomonas"
1,1,0,1,1,1,0,0,0,1,1,0,1,0,6.0,12.5,"Vibrio cholerae,Salmonella typhi,Hepatitis A virus,Shigella spp.,Giardia lamblia,Pseudomonas"
0,1,0,0,1,0,0,1,1,1,1,0,1,1,6.5,15.0,"Vibrio cholerae,Hepatitis A virus,Giardia lamblia,Pseudomonas"
1,0,1,0,1,1,1,0,0,0,0,1,0,0,7.0,5.3,"Hepatitis A virus,E. coli,Leptospira,Cryptosporidium"
1,1,0,1,1,1,1,1,1,0,1,1,0,0,5.9,12.0,"Vibrio cholerae,Salmonella typhi,Hepatitis A virus,Shigella spp.,Pseudomonas,Cryptosporidium"
0,1,1,1,0,0,0,1,0,0,1,1,0,0,7.8,7.8,"Salmonella typhi,E. coli,Giardia lamblia,Leptospira"
1,1,1,0,1,1,0,0,1,1,1,1,1,1,6.4,7.3,"Vibrio cholerae,Hepatitis A virus,Shigella spp.,E. coli,Leptospira,Pseudomonas,Cryptosporidium"
0,0,0,0,1,0,0,1,1,0,0,1,1,1,5.0,9.0,"Hepatitis A virus,Shigella spp.,Giardia lamblia"
1,0,1,0,1,1,1,0,1,1,0,0,0,1,6.6,3.0,"Salmonella typhi,Hepatitis A virus"
0,1,1,0,1,1,0,1,1,1,1,0,1,0,6.7,5.1,"Vibrio cholerae,Salmonella typhi,Hepatitis A virus,Shigella spp.,Giardia lamblia"
1,1,0,0,1,0,1,0,1,1,0,0,1,0,7.6,6.7,"Salmonella typhi,Hepatitis A virus,E. coli,Giardia lamblia"
0,0,1,0,1,0,0,0,1,1,0,0,1,0,7.3,11.7,"Salmonella typhi,Hepatitis A virus,Giardia lamblia"
1,0,1,1,1,0,1,0,0,0,1,1,1,1,7.3,9.3,"Salmonella typhi,Hepatitis A virus,Shigella spp.,E. coli,Giardia lamblia,Leptospira,Pseudomonas,Cryptosporidium"
0,0,0,1,0,0,1,0,1,0,1,1,0,1,5.5,12.5,"Hepatitis A virus,Shigella spp.,E. coli,Giardia lamblia,Pseudomonas"
1,0,0,0,0,0,1,1,1,0,1,0,1,0,7.1,0.5,"Shigella spp.,Pseudomonas"
1,0,0,0,1,0,0,0,1,0,1,1,0,1,7.9,1.1,Hepatitis A virus
1,0,0,0,0,0,1,0,1,1,0,1,0,0,8.1,11.8,"E. coli,Cryptosporidium"
1,0,1,1,0,0,0,1,0,1,0,0,1,0,6.3,9.4,"Vibrio cholerae,Salmonella typhi,Hepatitis A virus,E. coli"
0,1,1,1,0,0,0,0,1,1,0,1,0,1,6.8,5.7,"Vibrio cholerae,Salmonella typhi,Hepatitis A virus,E. coli,Giardia lamblia"
1,1,1,1,1,1,0,0,0,1,1,1,0,0,5.5,4.0,"Hepatitis A virus,Shigella spp.,Giardia lamblia,Leptospira,Pseudomonas"
1,1,0,0,1,1,0,1,0,1,0,0,1,0,8.6,0.5,"Hepatitis A virus,Shigella spp."
0,1,1,0,0,1,0,0,1,0,1,0,1,1,6.5,5.3,"Salmonella typhi,Hepatitis A virus,Shigella spp.,Pseudomonas"
0,1,0,1,0,0,0,0,1,0,1,0,1,0,8.4,11.8,"Hepatitis A virus,Shigella spp.,E. coli,Giardia lamblia,Pseudomonas"
1,1,1,1,1,1,0,0,1,0,1,1,1,0,7.2,8.8,"Salmonella typhi,Hepatitis A virus,Shigella spp.,E. coli,Giardia lamblia,Pseudomonas,Cryptosporidium"
0,0,0,1,1,1,1,0,0,0,1,1,1,1,5.8,10.8,"Salmonella typhi,Hepatitis A virus,Shigella spp.,E. coli,Giardia lamblia,Pseudomonas"
0,0,0,0,1,1,1,1,0,1,1,1,1,1,6.4,4.4,"Salmonella typhi,Hepatitis A virus,Shigella spp.,Giardia lamblia,Pseudomonas"
0,0,0,0,1,0,1,1,0,0,1,0,1,0,8.6,4.9,"Salmonella typhi,Hepatitis A virus,Shigella spp.,Giardia lamblia,Pseudomonas"
1,0,1,1,1,1,1,1,1,0,1,1,0,1,9.0,13.5,"Salmonella typhi,Hepatitis A virus,Shigella spp.,E. coli,Giardia lamblia,Leptospira,Cryptosporidium"
0,1,1,0,0,0,0,0,0,0,0,1,0,0,8.2,9.6,None
1,1,1,0,0,1,1,1,1,1,0,0,1,1,8.6,14.8,"Salmonella typhi,Hepatitis A virus,Shigella spp.,E. coli,Cryptosporidium"
1,0,1,0,0,1,1,1,1,0,1,0,1,1,8.1,10.2,"Salmonella typhi,Hepatitis A virus,Shigella spp.,E. coli,Pseudomonas,Cryptosporidium"
1,0,1,1,1,0,1,0,0,1,1,0,1,0,8.6,9.0,"Salmonella typhi,Hepatitis A virus,Shigella spp.,E. coli,Giardia lamblia,Pseudomonas,Cryptosporidium"
0,1,1,0,0,1,1,0,1,1,1,1,0,0,8.8,0.8,"Hepatitis A virus,Leptospira,Pseudomonas"
0,0,1,1,0,0,1,1,1,0,0,0,0,1,5.1,12.1,"Salmonella typhi,Hepatitis A virus,Shigella spp.,E. coli,Giardia lamblia"
1,0,1,0,0,1,1,1,1,1,0,1,0,0,9.0,13.7,"Hepatitis A virus,E. coli,Leptospira,Cryptosporidium"
0,0,0,0,0,1,1,0,0,1,1,1,1,1,6.4,2.2,"Shigella spp.,Pseudomonas"
1,1,0,1,0,1,1,1,1,1,1,1,0,0,5.9,14.5,"Vibrio cholerae,Salmonella typhi,Hepatitis A virus,E. coli,Giardia lamblia,Pseudomonas,Cryptosporidium"
1,0,0,0,1,1,1,1,1,0,0,0,0,1,5.2,0.8,Hepatitis A virus
0,1,1,1,1,1,1,1,0,0,0,0,0,0,7.2,1.9,"Hepatitis A virus,Shigella spp."
1,0,0,1,1,1,1,1,0,0,0,1,1,1,7.3,0.4,"Hepatitis A virus,Shigella spp."
0,0,1,1,1,0,0,0,1,0,0,1,0,0,9.0,4.5,"Salmonella typhi,Hepatitis A virus,Shigella spp.,E. coli,Giardia lamblia,Leptospira"
0,1,1,0,1,0,0,0,0,1,1,1,1,1,7.0,3.2,"Hepatitis A virus,Shigella spp.,Giardia lamblia,Leptospira,Pseudomonas"
0,0,0,1,1,1,0,0,1,1,0,0,1,1,6.6,11.2,"Hepatitis A virus,Shigella spp.,E. coli,Giardia lamblia"
1,1,0,0,1,0,0,0,0,1,0,1,1,1,8.4,6.0,"Hepatitis A virus,Shigella spp.,Cryptosporidium"
1,0,1,0,1,0,1,0,1,0,0,1,1,0,7.9,11.1,"Salmonella typhi,Hepatitis A virus,Shigella spp.,E. coli,Giardia lamblia,Leptospira,Cryptosporidium"
1,0,1,0,0,1,1,1,0,1,1,1,1,1,6.6,9.8,"Vibrio cholerae,Salmonella typhi,Hepatitis A virus,Shigella spp.,E. coli,Leptospira,Pseudomonas,Cryptosporidium"
1,0,1,0,1,1,1,1,0,1,0,0,0,0,5.7,7.0,"Vibrio cholerae,Salmonella typhi,Hepatitis A virus,E. coli"
0,0,0,1,1,1,0,1,1,1,0,0,0,1,6.1,7.7,"Salmonella typhi,Shigella spp.,E. coli,Giardia lamblia"
1,1,0,1,1,1,1,1,0,0,1,0,0,0,7.9,13.6,"Hepatitis A virus,Shigella spp.,E. coli,Giardia lamblia,Pseudomonas,Cryptosporidium"
1,1,1,1,1,0,1,0,0,0,0,0,0,1,7.8,8.5,"Salmonella typhi,Shigella spp.,E. coli,Giardia lamblia,Cryptosporidium"
0,0,1,0,0,0,0,0,0,1,1,1,1,1,5.7,2.2,"Shigella spp.,Leptospira,Pseudomonas"
1,1,0,1,0,0,0,0,0,1,0,1,1,1,5.5,3.7,"Shigella spp.,Giardia lamblia"
1,0,0,1,1,0,1,0,0,0,1,1,1,1,6.3,8.4,"Vibrio cholerae,Salmonella typhi,Hepatitis A virus,Shigella spp.,E. coli,Giardia lamblia,Pseudomonas,Cryptosporidium"
1,1,1,0,0,0,0,1,1,1,0,1,0,0,6.0,5.3,"Vibrio cholerae,Salmonella typhi,Hepatitis A virus,E. coli,Leptospira,Cryptosporidium"
1,0,0,0,0,1,1,0,1,0,1,1,0,1,6.6,2.5,"Salmonella typhi,Hepatitis A virus,Pseudomonas"
0,0,0,1,1,1,0,1,1,1,1,1,1,1,6.5,10.0,"Salmonella typhi,Hepatitis A virus,E. coli,Giardia lamblia,Pseudomonas"
1,1,1,1,0,1,1,1,1,0,0,0,1,0,6.2,7.6,"Vibrio cholerae,Salmonella typhi,Hepatitis A virus,Shigella spp.,E. coli,Cryptosporidium"
1,0,1,0,0,1,1,0,0,1,1,1,1,0,7.2,6.5,"Salmonella typhi,Shigella spp.,E. coli,Leptospira,Pseudomonas,Cryptosporidium"
1,1,0,0,1,1,1,1,0,0,1,1,1,0,8.4,8.3,"Salmonella typhi,Hepatitis A virus,Shigella spp.,E. coli,Giardia lamblia,Pseudomonas,Cryptosporidium"
1,0,1,0,1,0,0,0,0,0,0,0,1,0,7.8,9.4,"Salmonella typhi,Hepatitis A virus,Shigella spp.,Giardia lamblia,Cryptosporidium"
0,1,0,0,1,1,1,1,0,1,1,0,0,0,5.8,8.3,"Vibrio cholerae,Salmonella typhi,Giardia lamblia,Pseudomonas"
1,1,1,1,0,1,0,1,0,1,0,1,1,0,7.7,10.9,"E. coli,Cryptosporidium"
1,1,1,1,1,1,1,0,0,0,0,0,0,1,6.5,5.3,"Vibrio cholerae,Salmonella typhi,Shigella spp.,E. coli,Giardia lamblia,Cryptosporidium"
0,1,0,0,0,1,1,1,1,0,0,1,0,1,5.3,12.4,"Vibrio cholerae,Salmonella typhi,Hepatitis A virus"
0,1,0,0,0,1,0,0,1,1,1,1,0,0,8.7,6.2,"Salmonella typhi,Hepatitis A virus,Pseudomonas"
0,0,0,1,1,0,0,1,0,0,0,1,1,0,8.9,0.5,None
1,1,1,0,0,1,1,1,1,0,0,0,1,1,7.0,10.0,"Salmonella typhi,Shigella spp.,Cryptosporidium"
0,0,0,1,0,1,1,0,1,1,0,1,0,0,6.5,7.3,"Salmonella typhi,Hepatitis A virus,Shigella spp.,Giardia lamblia"
0,0,1,0,0,1,1,1,1,1,1,0,1,1,5.5,7.4,"Salmonella typhi,Hepatitis A virus,Shigella spp.,Pseudomonas"
1,0,0,1,1,0,1,0,1,1,1,1,0,1,5.2,13.7,"Vibrio cholerae,Hepatitis A virus,Shigella spp.,E. coli,Giardia lamblia,Pseudomonas,Cryptosporidium"
1,0,0,0,1,0,0,0,0,1,1,1,1,1,8.7,6.1,"Hepatitis A virus,Shigella spp.,E. coli,Pseudomonas,Cryptosporidium"
1,1,0,1,0,1,0,0,0,0,0,1,0,1,7.3,13.4,"Salmonella typhi,Shigella spp.,E. coli,Giardia lamblia,Cryptosporidium"
1,0,0,1,1,1,1,1,0,0,1,1,0,0,7.4,14.4,"Salmonella typhi,Shigella spp.,E. coli,Giardia lamblia,Pseudomonas,Cryptosporidium"
1,0,1,1,0,1,1,1,0,1,1,1,0,1,5.7,11.8,"Vibrio cholerae,Salmonella typhi,Hepatitis A virus,Shigella spp.,E. coli,Leptospira,Pseudomonas,Cryptosporidium"
1,1,1,0,0,0,1,1,0,1,1,1,0,0,5.2,12.9,"Vibrio cholerae,Hepatitis A virus,E. coli,Pseudomonas,Cryptosporidium"
0,1,0,1,0,1,1,1,0,1,1,1,0,0,5.2,2.7,"Salmonella typhi,Hepatitis A virus,Pseudomonas"
0,1,1,1,0,0,0,1,0,0,0,1,0,1,8.5,12.5,"Salmonella typhi,Hepatitis A virus,Shigella spp.,E. coli,Leptospira"
1,0,1,1,1,1,1,0,0,0,0,0,0,1,7.2,10.9,"Salmonella typhi,E. coli,Giardia lamblia,Cryptosporidium"
1,1,1,0,0,1,1,1,1,1,0,0,1,1,5.4,12.7,"Vibrio cholerae,Salmonella typhi,Hepatitis A virus,Shigella spp.,E. coli"
1,1,0,1,0,1,0,0,1,0,0,1,0,1,5.8,5.9,"Vibrio cholerae,Salmonella typhi,Hepatitis A virus,Shigella spp.,E. coli,Giardia lamblia,Cryptosporidium"
1,1,0,0,1,1,0,0,0,1,0,1,1,0,5.4,12.8,"Vibrio cholerae,Salmonella typhi,Hepatitis A virus,Shigella spp.,E. coli,Giardia lamblia,Cryptosporidium"
0,1,0,0,1,1,0,1,0,1,0,0,1,1,7.8,4.1,"Salmonella typhi,Hepatitis A virus,Shigella spp.,Giardia lamblia"
1,0,0,1,0,0,1,1,1,1,0,1,1,0,5.3,2.6,"Salmonella typhi,Shigella spp."
0,1,0,0,0,0,1,0,0,0,0,0,0,0,7.6,13.1,Salmonella typhi
0,1,1,0,0,0,0,0,1,1,0,0,1,1,6.6,5.7,"Vibrio cholerae,Salmonella typhi,Hepatitis A virus,Shigella spp."
0,0,1,0,1,1,0,0,1,1,0,0,0,1,6.3,12.8,"Salmonella typhi,Hepatitis A virus,Giardia lamblia"
0,0,1,1,1,1,1,1,0,0,0,1,1,1,6.0,11.3,"Salmonella typhi,Hepatitis A virus,Shigella spp.,E. coli,Giardia lamblia,Leptospira"
1,0,1,1,1,1,1,1,1,0,0,1,1,0,6.9,11.1,"Vibrio cholerae,Salmonella typhi,Hepatitis A virus,Shigella spp.,E. coli,Giardia lamblia,Leptospira,Cryptosporidium"
1,1,1,1,1,0,0,0,1,1,1,1,0,1,5.6,5.7,"Vibrio cholerae,Salmonella typhi,Hepatitis A virus,Shigella spp.,E. coli,Giardia lamblia,Leptospira,Pseudomonas,Cryptosporidium"
0,0,0,0,0,0,1,0,0,0,0,1,1,1,8.4,3.1,"Salmonella typhi,Shigella spp."
0,0,1,0,1,0,1,1,1,1,1,1,1,0,6.3,3.0,"Salmonella typhi,Hepatitis A virus,Shigella spp.,Pseudomonas"
0,0,0,1,0,0,0,1,0,0,1,1,1,1,8.7,4.9,"Hepatitis A virus,E. coli,Giardia lamblia,Pseudomonas"
1,0,0,1,0,0,0,0,0,1,1,0,0,0,5.7,11.0,"Vibrio cholerae,Shigella spp.,Giardia lamblia,Pseudomonas"
1,1,0,1,0,1,0,0,0,1,1,1,0,1,5.2,1.1,"Shigella spp.,Pseudomonas"
1,0,1,0,1,0,0,1,1,0,0,1,0,0,8.9,1.3,Hepatitis A virus
1,0,1,1,1,0,0,0,0,1,1,1,0,0,6.3,12.7,"Vibrio cholerae,Salmonella typhi,Hepatitis A virus,Shigella spp.,E. coli,Giardia lamblia,Leptospira,Pseudomonas,Cryptosporidium"
0,0,1,1,0,1,0,1,1,1,1,1,0,1,8.6,3.0,"Salmonella typhi,Hepatitis A virus,Shigella spp.,Leptospira,Pseudomonas"
1,1,0,1,1,0,0,0,0,0,0,1,0,1,5.0,0.4,"Hepatitis A virus,Shigella spp."
1,1,0,1,1,0,0,0,1,1,1,0,0,1,8.3,1.8,"Shigella spp.,Pseudomonas"
0,0,1,0,1,1,1,1,0,0,0,1,1,0,5.3,10.5,"Salmonella typhi,Hepatitis A virus,Shigella spp.,Leptospira"
0,0,1,0,0,1,0,1,1,0,0,0,1,0,6.8,4.9,"Salmonella typhi,Hepatitis A virus,Shigella spp."
1,0,1,0,0,0,0,1,1,1,1,1,0,0,7.2,9.5,"Salmonella typhi,Hepatitis A virus,E. coli,Leptospira,Pseudomonas,Cryptosporidium"
1,1,1,0,1,0,1,0,1,1,0,1,0,0,8.1,6.7,"Salmonella typhi,Hepatitis A virus,E. coli,Leptospira,Cryptosporidium"
1,0,1,1,0,0,1,1,0,1,1,1,0,1,7.6,11.0,"Salmonella typhi,Hepatitis A virus,Shigella spp.,Giardia lamblia,Leptospira,Pseudomonas,Cryptosporidium"
0,1,0,1,1,0,0,1,1,1,1,1,0,0,6.4,10.3,"Vibrio cholerae,Shigella spp.,Giardia lamblia"
1,0,0,1,0,0,1,1,0,1,0,0,0,1,8.5,9.8,"Salmonella typhi,Hepatitis A virus,Cryptosporidium"
0,0,1,1,1,1,0,0,1,1,0,0,0,1,7.5,10.9,"Salmonella typhi,Hepatitis A virus,Shigella spp.,E. coli,Giardia lamblia"
0,1,0,1,1,0,1,0,0,1,0,0,0,1,7.0,11.5,"Hepatitis A virus,Shigella spp.,E. coli"
0,0,0,0,0,1,0,0,0,0,0,0,1,0,5.7,7.8,"Salmonella typhi,Shigella spp."
1,1,0,0,1,1,1,1,0,0,0,0,0,1,8.9,6.5,"Salmonella typhi,Hepatitis A virus,E. coli,Giardia lamblia,Cryptosporidium"
0,0,1,0,0,0,0,1,1,0,0,1,1,1,5.8,8.5,"Salmonella typhi,Hepatitis A virus,Leptospira"
1,0,1,0,0,0,0,0,0,0,0,1,1,1,6.2,8.9,"Vibrio cholerae,Salmonella typhi,Shigella spp.,E. coli,Leptospira,Cryptosporidium"
1,1,1,0,0,0,1,1,1,1,1,0,0,1,5.8,5.1,"Vibrio cholerae,Hepatitis A virus,E. coli,Pseudomonas"
1,0,0,1,1,0,1,1,1,1,1,1,1,0,8.2,2.7,Shigella spp.
0,1,1,0,1,1,1,0,0,0,0,0,0,0,8.3,11.5,"Salmonella typhi,Hepatitis A virus"
0,1,1,0,0,0,0,1,0,1,0,1,0,0,5.7,0.6,Leptospira
0,1,0,1,1,0,0,1,1,1,1,1,0,1,7.8,10.4,"Hepatitis A virus,Shigella spp.,E. coli,Pseudomonas"
1,1,0,1,1,1,1,1,1,1,1,0,0,1,6.6,4.1,"E. coli,Giardia lamblia,Pseudomonas"
0,0,1,0,0,0,0,0,0,0,1,0,1,1,7.4,7.4,"Salmonella typhi,Shigella spp."
0,1,1,1,0,1,1,0,0,0,1,1,1,0,6.0,11.6,"Vibrio cholerae,Salmonella typhi,Shigella spp.,E. coli,Giardia lamblia,Leptospira,Pseudomonas"
0,1,0,0,0,0,0,0,0,0,0,0,0,0,5.3,6.2,Vibrio cholerae
1,1,1,1,1,1,0,0,1,0,1,0,0,1,7.6,11.7,"Salmonella typhi,Hepatitis A virus,Shigella spp.,E. coli,Giardia lamblia,Pseudomonas,Cryptosporidium"
0,1,1,0,1,0,0,1,1,1,0,1,1,0,6.9,9.1,"Vibrio cholerae,Salmonella typhi,Hepatitis A virus,Shigella spp.,Giardia lamblia,Leptospira"
1,0,0,0,0,0,0,0,0,0,1,0,0,0,7.5,2.8,Pseudomonas
0,0,0,1,1,0,0,1,1,1,1,0,1,0,6.1,10.5,"Hepatitis A virus,E. coli,Giardia lamblia,Pseudomonas"
1,1,1,1,1,0,0,1,1,0,0,0,1,0,8.6,12.2,"Shigella spp.,E. coli,Giardia lamblia"
0,0,1,1,1,1,0,0,1,1,0,1,0,0,6.4,11.9,"Salmonella typhi,Shigella spp.,E. coli"
0,0,1,1,1,0,1,0,1,0,1,0,1,1,7.1,0.2,"Hepatitis A virus,Shigella spp.,Pseudomonas"
1,1,1,0,0,1,1,0,1,0,1,0,1,0,8.7,14.3,"Salmonella typhi,Hepatitis A virus,Shigella spp.,E. coli,Pseudomonas,Cryptosporidium"
0,0,1,0,0,0,0,1,0,1,0,1,1,1,7.1,3.4,"Salmonella typhi,Hepatitis A virus,Shigella spp.,Leptospira"
1,0,0,1,0,1,0,0,1,0,0,1,1,0,8.9,14.5,"Salmonella typhi,Hepatitis A virus,E. coli,Giardia lamblia,Cryptosporidium"
0,1,0,0,1,0,1,0,1,0,0,1,0,0,5.7,13.3,"Vibrio cholerae,Salmonella typhi,Hepatitis A virus"
0,1,1,0,1,0,0,1,0,0,0,0,1,0,7.6,6.0,"Salmonella typhi,Hepatitis A virus,Shigella spp.,Giardia lamblia"
1,1,1,0,1,1,1,0,0,0,0,0,0,1,6.9,12.9,"Vibrio cholerae,Salmonella typhi,Hepatitis A virus,Giardia lamblia"
1,0,1,0,0,0,1,1,0,1,1,0,0,1,8.5,7.1,"Salmonella typhi,Hepatitis A virus,E. coli,Pseudomonas"
1,0,0,1,0,1,0,0,0,0,0,0,1,1,6.8,13.1,"Vibrio cholerae,Salmonella typhi,Shigella spp.,E. coli,Giardia lamblia,Cryptosporidium"
0,1,1,1,1,1,1,0,1,1,0,0,0,1,7.4,3.9,"Salmonella typhi,Hepatitis A virus,Shigella spp.,Giardia lamblia"
1,0,0,1,0,0,1,0,1,0,1,1,0,1,5.4,5.2,"Vibrio cholerae,Salmonella typhi,Hepatitis A virus,Shigella spp.,E. coli,Giardia lamblia,Pseudomonas,Cryptosporidium"
1,1,0,0,1,1,0,0,0,1,1,1,1,1,7.9,6.5,"Salmonella typhi,Hepatitis A virus,Shigella spp.,E. coli,Giardia lamblia,Pseudomonas,Cryptosporidium"
0,0,0,0,0,1,0,0,0,1,1,0,0,0,6.5,8.6,"Salmonella typhi,Pseudomonas"
1,0,0,1,0,1,1,1,0,0,0,1,1,1,6.1,11.1,"Vibrio cholerae,Salmonella typhi,Hepatitis A virus,Shigella spp.,E. coli,Giardia lamblia,Cryptosporidium"
0,0,0,0,0,0,1,0,1,1,1,1,1,1,6.6,2.7,"Salmonella typhi,Shigella spp.,Pseudomonas"
1,1,1,0,0,1,1,0,1,0,1,0,0,0,8.0,8.3,"Salmonella typhi,E. coli,Cryptosporidium"
0,0,1,0,1,1,1,0,0,0,0,1,1,0,7.6,5.7,"Salmonella typhi,Hepatitis A virus,Shigella spp.,Giardia lamblia,Leptospira"
1,0,1,0,1,0,1,0,0,1,0,0,1,1,7.3,13.6,"Salmonella typhi,Hepatitis A virus,Shigella spp.,E. coli,Giardia lamblia,Cryptosporidium"
1,0,0,0,1,0,0,0,1,0,1,0,0,1,8.8,13.6,"Hepatitis A virus,E. coli,Giardia lamblia,Pseudomonas,Cryptosporidium"
1,0,1,1,1,1,1,0,0,1,1,0,1,1,6.3,3.7,"Salmonella typhi,Hepatitis A virus,Shigella spp.,Giardia lamblia,Pseudomonas"
0,1,1,0,0,0,1,1,0,1,1,0,0,0,8.2,9.8,"Salmonella typhi,Pseudomonas"
1,1,0,1,1,0,0,1,0,1,1,0,0,1,7.6,5.6,"Hepatitis A virus,Shigella spp.,E. coli,Pseudomonas,Cryptosporidium"
1,0,1,0,0,0,0,1,1,0,0,1,1,1,5.8,5.2,"Vibrio cholerae,Salmonella typhi,Shigella spp.,E. coli,Leptospira,Cryptosporidium"
1,0,1,1,0,0,0,1,1,1,0,0,0,1,7.9,4.6,"Salmonella typhi,Hepatitis A virus,Shigella spp.,E. coli,Giardia lamblia"
1,1,1,0,0,0,1,1,0,1,0,1,1,1,6.4,8.1,"Vibrio cholerae,Hepatitis A virus,Shigella spp.,E. coli,Leptospira"
1,1,1,1,1,1,1,0,0,1,0,0,1,0,7.3,9.4,"Salmonella typhi,Hepatitis A virus,E. coli,Giardia lamblia,Cryptosporidium"
1,1,1,0,0,1,0,0,0,1,1,0,1,1,6.8,5.7,"Vibrio cholerae,Salmonella typhi,Shigella spp.,E. coli,Pseudomonas,Cryptosporidium"
1,1,0,1,0,1,1,1,0,1,0,1,1,0,6.5,6.9,"Vibrio cholerae,Salmonella typhi,Hepatitis A virus,Shigella spp.,E. coli,Giardia lamblia,Cryptosporidium"
0,1,1,1,0,1,0,1,0,0,1,1,1,0,7.9,5.2,"Hepatitis A virus,Shigella spp.,E. coli,Giardia lamblia,Pseudomonas"
1,0,0,0,0,0,1,1,1,0,1,0,0,0,7.8,0.7,"Hepatitis A virus,Pseudomonas"
0,0,0,1,1,1,0,1,0,0,1,0,0,1,7.8,1.8,"Hepatitis A virus,Pseudomonas"
1,1,0,1,1,1,0,1,0,1,0,1,1,1,8.9,14.3,"Salmonella typhi,Hepatitis A virus,Shigella spp.,Giardia lamblia,Cryptosporidium"
1,1,0,1,0,1,1,1,1,1,0,1,1,0,8.0,10.6,"Salmonella typhi,Hepatitis A virus,Cryptosporidium"
1,0,1,1,1,1,1,0,0,1,0,0,0,1,6.8,6.3,"Vibrio cholerae,Hepatitis A virus,E. coli,Giardia lamblia"
1,0,1,0,0,0,1,0,0,0,0,0,0,1,8.4,9.0,"Salmonella typhi,E. coli,Cryptosporidium"
1,1,0,1,0,0,0,1,0,1,1,1,0,1,5.4,6.3,"Vibrio cholerae,Hepatitis A virus,Shigella spp.,E. coli,Giardia lamblia,Pseudomonas,Cryptosporidium"
0,1,0,0,1,1,1,0,0,0,0,0,0,0,8.3,13.7,"Salmonella typhi,Hepatitis A virus,Giardia lamblia"
1,1,0,0,1,1,1,0,0,0,1,0,1,0,6.9,8.5,"Vibrio cholerae,Salmonella typhi,Shigella spp.,E. coli,Giardia lamblia,Pseudomonas,Cryptosporidium"
0,0,1,0,1,0,1,0,0,1,1,1,0,1,6.4,9.8,"Salmonella typhi,Giardia lamblia,Leptospira,Pseudomonas"
0,0,0,1,1,0,1,1,1,1,0,0,1,0,7.3,12.7,"Salmonella typhi,Hepatitis A virus,E. coli,Giardia lamblia"
0,1,0,0,0,0,0,1,1,1,0,1,1,0,8.2,1.6,"Hepatitis A virus,Shigella spp."
1,1,0,1,1,1,1,1,1,1,1,1,0,1,6.2,5.4,"Vibrio cholerae,Salmonella typhi,Shigella spp.,Giardia lamblia,Pseudomonas,Cryptosporidium"
1,0,0,1,0,1,0,1,1,1,0,1,1,1,8.1,3.6,"Hepatitis A virus,Giardia lamblia"
1,0,0,1,1,0,0,0,0,0,1,0,1,0,6.2,9.9,"Vibrio cholerae,Hepatitis A virus,Shigella spp.,E. coli,Giardia lamblia,Pseudomonas,Cryptosporidium"
1,0,0,0,1,1,0,0,0,0,1,0,1,1,8.4,4.0,"Hepatitis A virus,Shigella spp.,Giardia lamblia,Pseudomonas"
1,0,0,1,1,1,1,1,1,0,1,1,0,0,8.8,14.7,"Hepatitis A virus,Shigella spp.,E. coli,Pseudomonas,Cryptosporidium"
1,1,0,0,0,0,0,1,1,1,0,0,1,1,6.7,12.3,"Vibrio cholerae,Hepatitis A virus,Shigella spp.,E. coli,Cryptosporidium"
1,1,1,1,0,0,0,0,1,0,0,1,0,0,6.4,2.4,"Salmonella typhi,Shigella spp.,Leptospira"
1,1,0,0,0,0,1,1,1,0,0,0,0,0,5.3,11.8,"Vibrio cholerae,Salmonella typhi,Hepatitis A virus,E. coli,Cryptosporidium"
1,0,0,1,1,1,0,0,0,0,0,0,0,0,8.9,8.1,"Salmonella typhi,Hepatitis A virus,Shigella spp.,E. coli,Cryptosporidium"
0,1,0,0,0,1,0,0,0,0,1,0,1,0,5.8,7.4,"Vibrio cholerae,Salmonella typhi,Shigella spp.,Pseudomonas"
0,0,1,0,0,1,1,1,0,1,1,1,1,0,7.3,12.0,"Salmonella typhi,Shigella spp.,Leptospira,Pseudomonas"
0,1,1,0,1,0,0,1,1,0,1,0,1,0,5.9,3.5,"Salmonella typhi,Hepatitis A virus,Shigella spp.,Giardia lamblia,Pseudomonas"
0,1,1,1,0,1,1,1,0,1,0,1,1,0,5.4,11.5,"Vibrio cholerae,Salmonella typhi,Hepatitis A virus,Shigella spp.,E. coli,Giardia lamblia,Leptospira"
1,0,0,1,1,1,0,1,1,0,1,1,0,1,6.9,3.2,"Salmonella typhi,Hepatitis A virus,Shigella spp.,Giardia lamblia,Pseudomonas"
1,0,0,1,0,1,1,1,0,0,0,0,1,0,5.2,13.2,"Salmonella typhi,Shigella spp.,E. coli"
1,1,0,0,0,1,1,1,0,1,1,1,1,0,5.9,14.8,"Vibrio cholerae,Salmonella typhi,Shigella spp.,E. coli,Pseudomonas"
0,0,1,0,1,0,0,1,0,1,0,0,0,1,7.1,5.9,"Hepatitis A virus,Giardia lamblia"
0,1,0,0,0,0,0,0,0,1,0,1,0,1,6.4,13.3,Vibrio cholerae
1,0,1,0,0,0,1,1,1,1,1,0,0,0,5.2,1.5,Pseudomonas
1,0,1,0,1,1,1,1,1,1,1,1,0,1,7.2,2.3,"Salmonella typhi,Hepatitis A virus,Leptospira,Pseudomonas"
0,0,1,0,0,1,1,0,0,1,1,0,0,1,8.9,9.4,"Salmonella typhi,Pseudomonas"
1,0,0,1,1,0,0,1,1,1,0,0,1,1,5.1,4.6,"Hepatitis A virus,Shigella spp.,E. coli,Giardia lamblia"
1,1,0,1,1,1,0,1,0,0,1,0,1,1,7.0,10.9,"Salmonella typhi,Hepatitis A virus,Shigella spp.,Giardia lamblia,Pseudomonas,Cryptosporidium"
1,1,0,0,1,1,0,1,1,0,0,1,1,1,8.3,10.3,"Salmonella typhi,Hepatitis A virus,E. coli,Cryptosporidium"
1,0,0,0,1,0,0,1,1,0,1,1,0,1,5.2,13.1,"Vibrio cholerae,E. coli,Giardia lamblia,Pseudomonas,Cryptosporidium"
0,1,1,0,1,0,0,0,0,1,1,1,0,1,5.2,3.5,"Salmonella typhi,Hepatitis A virus,Giardia lamblia,Leptospira,Pseudomonas"
0,1,1,1,0,0,1,0,0,0,0,0,1,0,8.4,7.6,E. coli
0,0,1,0,1,1,0,1,0,0,0,0,0,0,7.3,6.1,Salmonella typhi
1,0,0,1,0,1,0,1,1,0,0,0,1,0,8.7,8.5,"Salmonella typhi,Hepatitis A virus,Shigella spp.,E. coli,Giardia lamblia"
0,1,0,0,0,0,1,1,0,0,1,1,0,0,7.3,8.4,"Salmonella typhi,Hepatitis A virus,Pseudomonas"
1,0,1,1,1,1,0,1,0,1,1,0,1,1,5.3,14.1,"Vibrio cholerae,Shigella spp.,E. coli,Giardia lamblia,Pseudomonas,Cryptosporidium"
0,0,1,0,0,1,1,1,1,0,1,1,1,0,7.7,8.4,"Salmonella typhi,Hepatitis A virus,Shigella spp.,Leptospira,Pseudomonas"
1,1,0,0,0,1,0,1,1,0,0,1,0,0,7.3,4.0,"Salmonella typhi,Hepatitis A virus"
1,1,1,1,1,1,1,1,1,0,1,0,1,0,6.2,6.4,"Salmonella typhi,Shigella spp.,E. coli,Giardia lamblia,Pseudomonas,Cryptosporidium"
1,1,0,1,1,0,1,0,0,0,1,0,1,0,7.1,6.7,"Salmonella typhi,Hepatitis A virus,Shigella spp.,E. coli,Giardia lamblia,Pseudomonas,Cryptosporidium"
0,1,1,1,0,0,1,0,1,1,1,1,1,1,8.9,11.9,"Salmonella typhi,Hepatitis A virus,Shigella spp.,E. coli,Pseudomonas"
1,1,1,1,1,0,1,0,1,1,0,0,1,0,8.2,2.9,"Salmonella typhi,Hepatitis A virus"
0,1,1,1,1,1,0,1,1,0,1,0,1,0,5.2,11.7,"Vibrio cholerae,Shigella spp.,E. coli,Giardia lamblia,Pseudomonas"
1,1,1,0,1,0,0,1,0,0,0,0,0,0,7.4,12.9,"Salmonella typhi,Hepatitis A virus,E. coli,Giardia lamblia,Cryptosporidium"
0,0,1,0,1,1,0,1,0,0,0,0,1,1,6.2,14.7,"Salmonella typhi,Hepatitis A virus,Shigella spp.,Giardia lamblia"
1,1,0,1,1,1,1,1,1,1,1,1,0,0,5.2,4.2,"Salmonella typhi,Hepatitis A virus,Shigella spp.,E. coli,Giardia lamblia"
0,1,0,0,1,0,1,0,1,0,0,0,0,0,5.8,0.6,Hepatitis A virus
1,0,1,1,1,0,0,0,0,1,0,1,0,0,6.7,5.1,"Vibrio cholerae,Salmonella typhi,Hepatitis A virus,Shigella spp.,E. coli,Giardia lamblia,Leptospira,Cryptosporidium"
1,1,1,0,1,0,0,1,1,1,0,1,1,0,7.1,5.7,"Salmonella typhi,Hepatitis A virus,Shigella spp.,E. coli,Giardia lamblia,Leptospira,Cryptosporidium"
0,1,1,1,1,1,1,0,1,0,1,0,0,1,7.4,14.9,"Salmonella typhi,Hepatitis A virus,Shigella spp.,E. coli,Giardia lamblia,Pseudomonas"
0,0,0,1,0,0,0,1,0,0,1,0,1,0,6.3,2.5,"Hepatitis A virus,Pseudomonas"
0,1,0,1,1,1,0,1,1,1,0,0,1,0,6.3,9.3,"Vibrio cholerae,Salmonella typhi,Hepatitis A virus,Shigella spp.,E. coli,Giardia lamblia"
0,1,1,0,0,1,0,1,1,0,0,1,0,0,6.2,3.0,"Salmonella typhi,Hepatitis A virus,Leptospira"
0,1,0,1,1,1,1,0,0,1,0,0,1,1,7.5,3.7,"Salmonella typhi,Shigella spp.,Giardia lamblia"
1,0,0,0,1,1,1,0,0,0,1,0,0,0,7.2,1.8,"Hepatitis A virus,Pseudomonas"
1,0,1,0,0,1,1,0,0,1,0,1,0,0,8.8,6.1,"E. coli,Leptospira,Cryptosporidium"
0,0,0,0,1,0,0,1,0,1,0,1,1,0,7.2,6.6,"Hepatitis A virus,Shigella spp."
0,0,0,0,0,1,1,1,1,1,1,1,1,0,7.2,9.6,"Salmonella typhi,Shigella spp.,Pseudomonas"
0,1,0,1,0,1,0,1,1,1,1,0,1,0,8.4,4.1,"Salmonella typhi,Hepatitis A virus,E. coli,Giardia lamblia,Pseudomonas"
1,1,0,1,0,0,1,1,0,1,1,1,1,0,8.9,3.5,"Salmonella typhi,Hepatitis A virus,Shigella spp.,Giardia lamblia,Pseudomonas"
0,0,1,0,1,0,1,0,1,0,1,0,0,0,8.1,8.6,"Salmonella typhi,Hepatitis A virus,Giardia lamblia"
0,0,0,0,1,0,1,0,1,0,0,0,1,1,6.8,0.1,"Hepatitis A virus,Shigella spp."
1,1,1,1,1,0,1,1,1,0,1,1,0,1,7.4,11.7,"Hepatitis A virus,Shigella spp.,E. coli,Giardia lamblia,Pseudomonas,Cryptosporidium"
1,0,0,1,0,1,1,1,0,1,1,1,0,0,7.5,6.7,"Salmonella typhi,Hepatitis A virus,Shigella spp.,E. coli,Giardia lamblia,Pseudomonas,Cryptosporidium"
1,1,1,0,1,0,0,1,0,1,1,1,1,1,8.2,9.4,"Salmonella typhi,Hepatitis A virus,Shigella spp.,E. coli,Leptospira,Pseudomonas"
1,0,0,0,0,0,0,1,0,1,0,1,0,1,8.6,5.3,"Hepatitis A virus,Cryptosporidium"
0,1,1,0,0,0,0,0,0,0,0,0,0,1,6.3,7.2,"Vibrio cholerae,Salmonella typhi"
0,1,1,1,1,1,1,0,1,0,0,1,0,0,8.2,4.6,"Salmonella typhi,Hepatitis A virus,E. coli,Leptospira"
1,1,1,1,1,1,1,0,1,0,0,0,1,0,7.0,9.5,"Hepatitis A virus,Shigella spp.,E. coli,Giardia lamblia,Cryptosporidium"
1,1,1,0,1,0,1,1,0,0,1,1,0,0,5.4,2.9,"Salmonella typhi,Hepatitis A virus,Leptospira,Pseudomonas"
1,1,1,1,1,0,0,0,0,1,1,0,0,0,5.4,10.8,"Vibrio cholerae,Salmonella typhi,Shigella spp.,E. coli,Giardia lamblia,Pseudomonas,Cryptosporidium"
1,0,0,0,0,1,0,0,1,0,1,0,0,0,7.2,15.0,"Hepatitis A virus,Pseudomonas,Cryptosporidium"
1,1,1,1,0,0,1,0,0,1,0,1,1,0,5.3,12.8,"Vibrio cholerae,Shigella spp.,E. coli,Giardia lamblia,Leptospira,Cryptosporidium"
1,1,1,1,1,1,0,1,0,1,1,0,0,1,7.3,4.2,"Salmonella typhi,Shigella spp.,E. coli,Pseudomonas"
0,1,1,1,0,0,0,1,1,0,1,1,1,1,8.1,12.0,"Salmonella typhi,Hepatitis A virus,Shigella spp.,E. coli,Giardia lamblia,Leptospira,Pseudomonas"
1,0,1,1,0,1,1,1,0,1,0,1,1,0,6.4,10.6,"Vibrio cholerae,Salmonella typhi,Hepatitis A virus,Shigella spp.,E. coli,Giardia lamblia,Leptospira"
1,1,1,0,0,1,1,1,1,0,0,0,1,0,6.2,12.5,"Salmonella typhi,Hepatitis A virus,Shigella spp.,E. coli,Cryptosporidium"
0,1,1,1,1,1,1,1,1,1,0,1,0,0,7.4,10.5,"Salmonella typhi,Hepatitis A virus,Shigella spp.,E. coli,Giardia lamblia,Leptospira"
1,0,1,0,1,0,1,1,0,0,0,0,0,0,8.8,12.2,"Salmonella typhi,Hepatitis A virus,E. coli,Giardia lamblia"
1,1,1,1,0,1,0,1,0,0,0,0,0,1,7.9,9.4,"Salmonella typhi,Hepatitis A virus,Shigella spp.,Cryptosporidium"
0,0,0,1,0,0,1,1,0,0,0,1,1,1,7.4,14.2,"Salmonella typhi,Hepatitis A virus,Shigella spp.,E. coli,Giardia lamblia"
1,0,0,1,0,1,1,1,1,0,0,0,0,0,5.1,4.3,"Salmonella typhi,Hepatitis A virus,Shigella spp.,E. coli,Giardia lamblia"
0,1,0,1,1,0,1,0,1,0,0,1,1,1,6.1,7.7,"Vibrio cholerae,Salmonella typhi,Hepatitis A virus,Shigella spp.,E. coli,Giardia lamblia"
0,0,0,0,1,0,1,0,0,0,1,0,0,1,6.3,9.0,"Salmonella typhi,Hepatitis A virus,Giardia lamblia,Pseudomonas"
0,0,0,0,0,0,1,0,1,0,0,0,1,0,5.2,13.1,"Salmonella typhi,Hepatitis A virus,Shigella spp."
1,0,1,1,1,1,1,0,0,0,0,1,0,1,7.9,0.0,"Hepatitis A virus,Shigella spp.,Leptospira"
1,1,1,1,1,0,0,0,0,1,1,0,1,1,9.0,10.2,"Salmonella typhi,Hepatitis A virus,E. coli,Giardia lamblia,Pseudomonas,Cryptosporidium"
0,0,0,1,1,1,0,1,1,1,1,0,0,1,7.3,13.4,"Salmonella typhi,Shigella spp.,Giardia lamblia,Pseudomonas"
0,0,1,1,0,0,0,1,1,1,1,1,0,1,7.9,3.6,"Salmonella typhi,Hepatitis A virus,Shigella spp.,Giardia lamblia,Leptospira,Pseudomonas"
0,0,1,0,0,1,1,0,0,1,0,0,0,1,7.8,5.3,Salmonella typhi
0,1,1,0,1,1,1,0,0,1,0,1,1,1,6.6,4.6,"Salmonella typhi,Giardia lamblia"
0,0,0,1,0,1,1,1,1,0,1,0,0,0,7.7,6.0,"Salmonella typhi,Hepatitis A virus,Shigella spp.,Giardia lamblia,Pseudomonas"
1,1,0,1,1,1,1,1,0,1,1,0,0,1,6.3,2.4,"Salmonella typhi,Hepatitis A virus"
0,1,1,0,0,0,1,1,1,0,1,0,1,0,5.9,12.9,"Vibrio cholerae,Hepatitis A virus,Shigella spp.,Pseudomonas"
1,0,1,1,1,1,1,0,0,0,0,1,0,0,5.5,5.5,"Vibrio cholerae,Salmonella typhi,Shigella spp.,E. coli,Leptospira,Cryptosporidium"
0,0,0,0,1,0,0,1,0,0,0,1,0,1,8.9,5.2,"Hepatitis A virus,Giardia lamblia"
1,1,1,0,1,0,1,1,0,0,1,1,0,0,6.2,0.3,"Leptospira,Pseudomonas"
0,0,0,1,0,1,0,1,1,1,1,0,0,0,5.3,12.2,"Salmonella typhi,Hepatitis A virus,Shigella spp.,E. coli,Giardia lamblia,Pseudomonas"
0,1,0,0,1,0,1,1,1,0,1,0,0,0,5.4,5.0,"Salmonella typhi,Hepatitis A virus,Giardia lamblia,Pseudomonas"
1,0,0,0,0,1,1,1,0,1,1,0,1,1,7.8,11.1,"Salmonella typhi,Hepatitis A virus,Shigella spp.,E. coli,Pseudomonas"
1,1,1,1,1,1,0,1,0,0,0,0,1,0,8.4,13.6,"Shigella spp.,E. coli,Giardia lamblia,Cryptosporidium"
1,0,0,1,0,1,1,0,0,1,1,0,0,1,7.4,14.0,"Salmonella typhi,Shigella spp.,Giardia lamblia,Pseudomonas,Cryptosporidium"
0,1,0,1,1,1,0,1,0,1,1,1,1,1,6.2,1.3,"Hepatitis A virus,Shigella spp.,Pseudomonas"
1,0,1,0,0,1,1,1,1,0,1,0,0,1,5.1,6.8,"Vibrio cholerae,Salmonella typhi,Hepatitis A virus,E. coli,Pseudomonas,Cryptosporidium"
1,0,1,1,0,0,1,0,1,0,0,1,1,0,7.7,4.6,"Salmonella typhi,Hepatitis A virus,Shigella spp.,E. coli,Giardia lamblia,Leptospira"
1,1,0,1,1,0,0,1,1,0,0,0,0,1,7.3,12.3,"Hepatitis A virus,E. coli,Cryptosporidium"
1,1,1,1,1,1,1,0,0,0,1,1,1,1,8.4,12.0,"Salmonella typhi,Hepatitis A virus,Shigella spp.,Giardia lamblia,Leptospira,Pseudomonas"
1,1,1,0,0,0,1,1,0,1,0,1,1,1,7.3,6.9,"Salmonella typhi,Hepatitis A virus,Shigella spp.,E. coli,Leptospira,Cryptosporidium"
0,0,1,1,1,0,1,0,1,0,0,1,1,0,7.0,5.2,"Hepatitis A virus,Shigella spp.,E. coli,Leptospira"
1,1,1,1,1,1,0,0,0,1,1,0,1,1,5.9,8.0,"Vibrio cholerae,Salmonella typhi,Hepatitis A virus,Shigella spp.,E. coli,Giardia lamblia,Pseudomonas,Cryptosporidium"
1,1,1,1,1,1,0,0,1,0,0,1,1,0,8.6,14.8,"Salmonella typhi,Hepatitis A virus,Shigella spp.,E. coli,Giardia lamblia,Leptospira,Cryptosporidium"
1,1,0,0,1,0,0,1,0,1,0,1,1,0,7.8,2.4,"Hepatitis A virus,Shigella spp."
0,1,0,1,0,1,1,1,0,0,0,0,1,0,7.6,5.2,"Salmonella typhi,Hepatitis A virus,Shigella spp.,E. coli,Giardia lamblia"
0,0,0,0,0,1,1,0,1,1,0,0,1,0,5.6,9.7,"Salmonella typhi,Hepatitis A virus"
0,0,0,1,0,0,1,1,0,0,1,1,1,0,5.7,6.4,"Salmonella typhi,Hepatitis A virus,Shigella spp.,E. coli,Pseudomonas"
1,0,1,0,1,0,1,1,1,0,1,0,0,0,5.7,13.8,"Salmonella typhi,Hepatitis A virus,E. coli,Giardia lamblia,Pseudomonas,Cryptosporidium"
0,0,0,0,1,0,1,0,1,0,1,0,0,0,6.1,11.6,"Salmonella typhi,Hepatitis A virus,Giardia lamblia,Pseudomonas"
1,1,1,0,0,0,1,1,0,1,1,1,1,1,7.1,10.5,"Salmonella typhi,Hepatitis A virus,Shigella spp.,E. coli,Leptospira,Cryptosporidium"
1,1,0,1,1,0,1,0,0,1,0,0,0,0,8.9,10.8,"Salmonella typhi,Shigella spp.,E. coli,Giardia lamblia,Cryptosporidium"
1,1,1,1,0,0,1,1,1,1,0,1,1,0,7.6,12.3,"Salmonella typhi,Hepatitis A virus,Shigella spp.,E. coli,Leptospira,Cryptosporidium"
1,0,1,1,1,0,0,1,0,1,1,1,0,0,6.5,13.8,"Vibrio cholerae,Shigella spp.,E. coli,Giardia lamblia,Leptospira,Cryptosporidium"
0,0,0,1,1,1,1,1,1,0,1,1,1,0,8.7,1.8,"Hepatitis A virus,Pseudomonas"
1,1,0,1,0,1,1,0,1,0,1,1,1,0,5.8,8.2,"Vibrio cholerae,Hepatitis A virus,Shigella spp.,E. coli,Pseudomonas"
1,1,1,0,0,0,0,0,1,1,0,1,0,1,6.1,11.8,"Hepatitis A virus,E. coli,Leptospira,Cryptosporidium"
1,0,0,1,0,0,1,0,0,1,1,0,1,0,7.4,13.1,"Salmonella typhi,Shigella spp.,E. coli,Giardia lamblia,Pseudomonas"
1,1,1,1,0,1,0,1,1,0,1,1,0,1,5.6,6.0,"Vibrio cholerae,Salmonella typhi,Hepatitis A virus,Shigella spp.,E. coli,Leptospira,Pseudomonas,Cryptosporidium"
0,1,0,1,0,0,1,0,0,0,0,0,0,0,7.3,3.5,"Salmonella typhi,Shigella spp.,Giardia lamblia"
0,0,0,1,1,1,0,1,1,0,1,1,0,0,8.9,10.3,"Salmonella typhi,Hepatitis A virus,Shigella spp.,E. coli,Giardia lamblia,Pseudomonas"
0,0,1,1,1,0,0,1,0,0,0,0,0,1,5.1,5.1,"Salmonella typhi,Hepatitis A virus,Shigella spp.,E. coli,Giardia lamblia"
1,1,1,0,1,1,1,1,1,0,1,0,1,1,7.7,4.4,"Salmonella typhi,Hepatitis A virus,E. coli,Pseudomonas"
1,0,1,0,0,0,1,0,1,1,1,0,0,0,5.7,9.9,"Vibrio cholerae,Salmonella typhi,Hepatitis A virus,E. coli,Cryptosporidium"
0,0,0,0,1,1,0,0,1,0,1,1,0,0,8.4,9.6,"Hepatitis A virus,Giardia lamblia,Pseudomonas"
0,1,0,1,0,1,0,1,0,1,0,1,0,1,9.0,6.8,"Hepatitis A virus,Shigella spp.,E. coli,Giardia lamblia"
1,0,1,1,0,1,0,1,0,0,1,0,0,1,8.9,6.6,"Salmonella typhi,Hepatitis A virus,Shigella spp.,E. coli,Giardia lamblia,Cryptosporidium"
1,0,1,0,0,1,1,1,1,0,0,0,1,0,8.4,13.6,"Salmonella typhi,Hepatitis A virus,E. coli"
0,1,1,1,1,1,1,0,0,1,1,0,1,1,8.9,14.6,"Shigella spp.,E. coli,Giardia lamblia,Pseudomonas"
0,0,0,0,0,0,0,1,0,1,0,0,1,1,5.4,9.0,Hepatitis A virus
0,1,0,1,0,1,0,0,0,0,1,1,1,1,7.3,12.7,"Salmonella typhi,Shigella spp.,E. coli,Giardia lamblia,Pseudomonas"
1,1,0,1,1,0,1,0,0,0,0,1,0,0,8.2,1.7,"Hepatitis A virus,Shigella spp."
0,1,1,1,0,0,0,1,1,0,0,1,0,1,6.5,0.6,Hepatitis A virus
0,1,0,0,1,1,0,0,0,1,1,1,1,0,6.2,11.1,"Vibrio cholerae,Salmonella typhi,Hepatitis A virus,Shigella spp.,Giardia lamblia,Pseudomonas"
0,1,0,1,1,1,1,1,0,1,1,0,1,0,8.2,3.4,"Salmonella typhi,Shigella spp.,Giardia lamblia,Pseudomonas"
0,0,1,0,0,1,1,1,0,1,1,1,0,1,7.0,13.7,"Salmonella typhi,Hepatitis A virus,Leptospira,Pseudomonas"
1,1,1,0,0,1,1,0,0,1,1,1,1,1,8.1,6.0,"Salmonella typhi,Shigella spp.,Leptospira,Pseudomonas,Cryptosporidium"
0,0,1,0,1,1,1,0,0,0,0,1,1,0,5.9,1.2,"Hepatitis A virus,Shigella spp.,Leptospira"
0,0,0,0,1,1,0,0,0,1,0,1,0,1,6.6,14.5,"Salmonella typhi,Hepatitis A virus"
1,1,0,1,1,0,1,0,1,1,1,1,0,1,5.6,2.6,"Salmonella typhi,Hepatitis A virus,Pseudomonas"
1,0,1,0,1,1,0,1,0,1,0,0,0,1,6.3,9.8,"Vibrio cholerae,Salmonella typhi,Hepatitis A virus,E. coli,Giardia lamblia,Cryptosporidium"
1,0,0,0,1,1,0,0,0,1,1,0,1,0,7.2,3.8,"Salmonella typhi,Hepatitis A virus,Shigella spp.,Giardia lamblia,Pseudomonas"
0,0,1,1,1,0,0,0,0,1,1,0,0,0,5.2,9.1,"Salmonella typhi,Hepatitis A virus,Giardia lamblia,Pseudomonas"
1,0,0,1,0,1,0,1,0,0,0,1,0,0,5.9,12.6,"Vibrio cholerae,Salmonella typhi,E. coli,Giardia lamblia,Cryptosporidium"
1,0,0,0,1,0,1,1,0,1,1,0,1,1,8.4,7.4,"Salmonella typhi,Hepatitis A virus,Shigella spp.,E. coli,Pseudomonas,Cryptosporidium"
1,0,1,1,1,0,0,1,1,1,0,1,1,1,5.9,7.3,"Vibrio cholerae,Salmonella typhi,Hepatitis A virus,Giardia lamblia,Leptospira"
0,0,1,0,1,1,0,1,0,1,1,1,0,1,6.1,4.5,"Salmonella typhi,Leptospira,Pseudomonas"
0,1,0,0,0,1,0,1,0,0,0,0,1,0,7.7,12.6,"Salmonella typhi,Shigella spp."
1,0,1,1,0,0,1,0,0,1,0,0,1,0,8.2,13.1,"Shigella spp.,E. coli,Giardia lamblia,Cryptosporidium"
1,1,0,0,0,1,0,1,1,1,1,0,0,0,8.5,2.9,"Salmonella typhi,Hepatitis A virus,Pseudomonas"
0,1,0,1,0,0,1,0,0,0,0,0,0,0,6.5,1.6,Shigella spp.
0,1,1,1,0,1,0,0,0,0,0,1,1,0,6.6,8.7,"Vibrio cholerae,Shigella spp.,E. coli,Giardia lamblia"
1,0,0,1,0,0,0,0,0,1,1,1,0,0,5.5,5.6,"Vibrio cholerae,E. coli,Giardia lamblia,Pseudomonas,Cryptosporidium"
1,0,1,0,1,1,0,0,1,1,0,0,0,0,7.1,9.2,"Salmonella typhi,Hepatitis A virus,E. coli,Giardia lamblia,Cryptosporidium"
0,1,0,1,0,0,1,0,0,0,1,1,1,0,7.4,7.9,"Salmonella typhi,Shigella spp.,E. coli,Giardia lamblia,Pseudomonas"
1,0,0,0,1,0,0,0,0,1,1,0,0,1,7.4,12.7,"Hepatitis A virus,E. coli,Giardia lamblia,Pseudomonas,Cryptosporidium"
0,0,0,1,0,0,1,1,1,0,0,0,0,0,7.6,13.6,"Salmonella typhi,E. coli,Giardia lamblia"
1,1,1,0,0,1,1,1,0,1,1,1,1,1,6.3,12.5,"Vibrio cholerae,Hepatitis A virus,Leptospira,Pseudomonas,Cryptosporidium"
1,0,0,1,0,0,0,1,1,1,0,0,0,0,5.6,13.7,"Vibrio cholerae,Hepatitis A virus,Shigella spp.,E. coli,Cryptosporidium"
0,1,1,1,0,1,1,0,1,1,0,1,1,0,5.7,13.4,"Vibrio cholerae,Shigella spp.,E. coli,Giardia lamblia,Leptospira"
0,0,0,0,1,1,1,1,1,0,0,0,0,1,7.4,14.5,"Salmonella typhi,Hepatitis A virus,Giardia lamblia"
0,1,0,0,1,1,0,1,0,1,1,1,1,0,6.7,11.3,"Salmonella typhi,Giardia lamblia,Pseudomonas"
0,1,1,1,1,0,0,0,0,0,1,0,0,1,7.5,0.5,"Hepatitis A virus,Shigella spp.,Pseudomonas"
1,1,0,0,0,0,0,0,0,0,0,1,1,1,6.9,3.8,Shigella spp.
1,0,1,1,0,0,1,0,1,1,0,0,0,1,5.0,2.5,"Hepatitis A virus,Shigella spp."
1,0,1,1,0,1,1,1,1,1,0,1,0,1,7.8,6.2,"Salmonella typhi,Hepatitis A virus,Shigella spp.,E. coli"
1,0,1,1,1,1,0,1,1,0,1,1,0,0,5.5,8.2,"Vibrio cholerae,Salmonella typhi,Hepatitis A virus,Shigella spp.,E. coli,Giardia lamblia,Leptospira,Pseudomonas,Cryptosporidium"
0,0,1,0,0,0,1,0,1,0,0,1,1,0,8.7,10.2,"Salmonella typhi,Hepatitis A virus,Shigella spp.,Leptospira"
0,0,0,0,1,0,1,0,0,1,1,1,0,1,6.0,7.4,"Salmonella typhi,Hepatitis A virus,Giardia lamblia,Pseudomonas"
0,0,0,1,0,1,0,1,0,1,0,1,0,0,8.3,13.5,"Salmonella typhi,Hepatitis A virus,Shigella spp.,E. coli,Giardia lamblia"
0,0,1,0,1,0,0,0,1,0,0,0,0,0,5.3,7.5,"Hepatitis A virus,Giardia lamblia"
1,1,0,1,1,1,1,1,0,0,1,1,1,1,8.3,13.1,"Salmonella typhi,Hepatitis A virus,Shigella spp.,E. coli,Giardia lamblia,Pseudomonas,Cryptosporidium"
0,0,1,1,1,0,1,0,1,0,1,0,1,0,6.6,12.6,"Salmonella typhi,E. coli,Giardia lamblia,Pseudomonas"
1,0,1,0,0,0,0,0,0,0,1,1,0,0,7.9,6.8,"Salmonella typhi,E. coli,Leptospira,Pseudomonas,Cryptosporidium"
1,1,0,1,1,0,0,1,0,0,1,1,0,0,5.9,11.3,"Vibrio cholerae,Hepatitis A virus,Shigella spp.,Giardia lamblia,Pseudomonas,Cryptosporidium"
1,1,1,0,0,0,0,1,0,1,0,1,0,0,7.4,3.9,"Salmonella typhi,Leptospira"
0,1,0,1,0,1,0,0,1,1,1,1,1,0,7.1,9.3,"Salmonella typhi,Hepatitis A virus,Shigella spp.,E. coli,Pseudomonas"
0,1,0,0,0,1,1,0,0,0,0,0,1,1,8.8,5.0,"Salmonella typhi,Shigella spp."
0,0,1,0,0,1,0,1,1,0,0,1,0,1,6.5,9.2,"Salmonella typhi,Leptospira"
0,1,0,0,0,0,0,0,1,0,1,1,1,0,8.4,4.0,"Hepatitis A virus,Shigella spp.,Pseudomonas"
1,0,1,1,0,0,1,0,1,0,0,1,0,1,5.7,0.1,"Hepatitis A virus,Shigella spp.,Leptospira"
1,0,0,1,0,0,1,0,0,0,0,1,1,0,5.6,1.6,Shigella spp.
0,1,1,1,1,0,0,0,0,1,0,1,1,0,7.4,1.5,"Hepatitis A virus,Shigella spp.,Leptospira"
1,0,0,0,0,1,1,0,1,0,0,1,0,1,7.4,12.6,"Salmonella typhi,Hepatitis A virus,Cryptosporidium"
1,1,1,1,0,0,1,0,1,0,0,0,1,0,6.0,10.9,"Vibrio cholerae,Salmonella typhi,Shigella spp.,E. coli,Giardia lamblia,Cryptosporidium"
0,1,0,0,1,1,1,0,1,1,0,1,0,0,5.5,0.1,Hepatitis A virus
0,1,1,0,0,1,0,0,0,1,0,1,1,1,7.3,1.9,"Shigella spp.,Leptospira"
0,0,1,1,0,0,1,1,0,1,0,0,1,1,6.4,14.3,"Hepatitis A virus,Shigella spp.,E. coli,Giardia lamblia"
1,0,1,0,1,1,0,1,1,1,1,0,1,0,6.5,10.1,"Vibrio cholerae,Salmonella typhi,Hepatitis A virus,Shigella spp.,E. coli,Giardia lamblia,Pseudomonas,Cryptosporidium"
1,0,1,1,0,0,1,0,0,1,1,1,1,1,8.8,5.5,"Salmonella typhi,E. coli,Giardia lamblia,Leptospira,Pseudomonas,Cryptosporidium"
0,1,0,1,0,1,0,1,0,1,1,0,1,0,8.3,2.2,"Salmonella typhi,Shigella spp.,Pseudomonas"
0,0,0,1,1,1,0,1,0,0,0,0,0,0,8.8,0.4,"Hepatitis A virus,Shigella spp."
1,1,1,0,0,1,0,0,1,0,0,0,0,0,7.6,13.1,"Salmonella typhi,Hepatitis A virus,E. coli,Cryptosporidium"
1,1,0,1,1,1,0,0,0,1,0,1,1,0,6.9,3.2,"Salmonella typhi,Hepatitis A virus,Shigella spp.,Giardia lamblia"
1,1,1,1,0,0,0,0,1,0,1,0,0,1,5.9,4.3,"Salmonella typhi,Hepatitis A virus,E. coli,Giardia lamblia"
0,1,0,0,1,1,1,1,0,1,1,1,1,0,6.5,10.7,"Vibrio cholerae,Salmonella typhi,Giardia lamblia,Pseudomonas"
1,0,0,1,0,0,0,1,1,0,1,0,0,1,8.3,12.9,"Hepatitis A virus,Shigella spp.,E. coli,Giardia lamblia,Pseudomonas,Cryptosporidium"
1,0,0,1,0,1,0,1,0,1,1,0,1,1,5.1,7.1,"Vibrio cholerae,Hepatitis A virus,Shigella spp.,E. coli,Giardia lamblia,Pseudomonas,Cryptosporidium"
1,0,0,1,0,1,1,0,1,1,1,0,1,0,8.2,11.3,"Hepatitis A virus,Giardia lamblia,Pseudomonas,Cryptosporidium"
0,0,1,1,0,0,0,0,1,1,0,1,1,1,5.8,1.7,"Hepatitis A virus,Shigella spp."
1,0,0,0,0,1,0,0,0,0,0,1,0,0,7.3,3.5,Salmonella typhi
0,1,0,0,0,1,0,1,0,0,1,1,0,0,8.9,7.3,"Salmonella typhi,Hepatitis A virus,Pseudomonas"
0,1,1,0,0,0,1,1,1,0,0,1,0,1,5.7,6.7,"Vibrio cholerae,Salmonella typhi,Hepatitis A virus"
0,0,1,0,1,0,0,0,1,1,1,1,0,0,6.7,8.4,"Hepatitis A virus,Giardia lamblia,Leptospira,Pseudomonas"
1,1,0,1,1,0,1,0,1,1,0,0,0,0,8.8,14.0,"Hepatitis A virus,Shigella spp.,Giardia lamblia,Cryptosporidium"
1,0,1,1,0,0,0,1,1,0,1,1,1,1,7.6,8.1,"Salmonella typhi,Hepatitis A virus,Shigella spp.,E. coli,Giardia lamblia,Leptospira,Pseudomonas,Cryptosporidium"
0,0,1,1,0,1,1,0,0,0,1,1,1,1,5.6,2.4,Leptospira
0,1,0,1,1,1,1,1,0,1,1,1,0,0,8.1,1.1,"Hepatitis A virus,Shigella spp."
1,1,1,0,1,0,0,1,0,0,1,1,1,1,6.5,9.9,"Vibrio cholerae,Salmonella typhi,Hepatitis A virus,Shigella spp.,E. coli,Leptospira,Cryptosporidium"
1,1,1,0,0,1,0,1,1,1,0,1,1,1,7.5,4.3,"Salmonella typhi,Shigella spp.,E. coli,Leptospira"
1,1,1,1,0,1,0,0,1,1,1,1,1,0,8.2,0.2,"Shigella spp.,Leptospira,Pseudomonas"
0,0,1,1,1,0,1,0,1,0,0,1,0,0,8.9,11.8,"Salmonella typhi,Hepatitis A virus,Shigella spp.,E. coli,Leptospira"
0,0,1,0,0,0,1,0,1,1,1,0,1,0,7.5,6.3,"Salmonella typhi,Hepatitis A virus,Pseudomonas"
0,0,0,1,1,1,0,0,1,0,0,0,0,1,8.2,11.6,"Salmonella typhi,E. coli"
0,1,1,0,1,1,1,0,0,0,1,1,1,1,8.6,11.1,"Salmonella typhi,Hepatitis A virus,Shigella spp.,Giardia lamblia,Pseudomonas"
0,0,0,0,1,0,1,0,1,1,1,1,1,0,6.7,6.5,"Salmonella typhi,Giardia lamblia,Pseudomonas"
0,0,0,0,0,1,1,1,1,1,0,1,0,1,8.4,12.8,"Salmonella typhi,Hepatitis A virus"
1,1,0,1,0,1,0,0,0,1,0,1,1,0,7.0,4.0,"Salmonella typhi,Shigella spp.,Giardia lamblia"
0,1,0,1,1,0,1,1,0,0,0,1,0,1,8.8,3.4,"Salmonella typhi,Shigella spp.,Giardia lamblia"
1,0,0,0,1,0,0,1,0,1,1,1,1,1,5.5,2.2,"Hepatitis A virus,Shigella spp.,Pseudomonas"
1,0,0,0,0,1,0,1,1,0,1,0,0,1,7.8,7.8,"Salmonella typhi,Hepatitis A virus,Pseudomonas"
1,0,1,0,0,1,1,1,1,0,1,1,1,0,8.8,4.3,"Salmonella typhi,Hepatitis A virus,Shigella spp.,E. coli,Leptospira,Pseudomonas"
0,0,1,1,1,0,0,0,0,0,1,1,0,1,5.3,6.7,"Salmonella typhi,Hepatitis A virus,Shigella spp.,E. coli,Leptospira,Pseudomonas"
0,1,0,0,1,0,1,1,0,1,0,0,0,0,7.3,10.8,"Salmonella typhi,Giardia lamblia"
0,1,0,0,0,1,1,1,0,1,0,0,0,0,8.3,13.1,Hepatitis A virus
1,0,1,1,0,0,0,1,1,1,1,1,1,1,7.2,13.2,"Salmonella typhi,Hepatitis A virus,E. coli,Giardia lamblia,Leptospira,Pseudomonas"
1,1,0,1,0,1,0,1,1,1,1,1,1,0,6.5,6.6,"Vibrio cholerae,Salmonella typhi,Hepatitis A virus,Shigella spp.,E. coli,Pseudomonas"
0,0,0,0,1,0,0,1,0,0,1,0,1,1,8.5,5.4,"Hepatitis A virus,Shigella spp.,Giardia lamblia"
0,1,0,1,1,1,1,1,0,1,1,1,0,0,6.2,5.1,"Salmonella typhi,Hepatitis A virus,E. coli,Pseudomonas"
1,1,0,1,1,0,0,1,1,1,0,0,1,1,8.2,0.7,Hepatitis A virus
0,0,0,1,1,1,0,1,1,1,0,0,1,0,8.9,9.6,"Salmonella typhi,Hepatitis A virus,Shigella spp.,E. coli,Giardia lamblia"
0,0,1,1,0,1,1,0,0,0,0,1,1,1,6.2,3.0,"Salmonella typhi,Leptospira"
1,0,0,0,1,1,0,1,1,1,0,1,0,0,7.4,14.1,"Hepatitis A virus,E. coli,Giardia lamblia,Cryptosporidium"
0,0,1,1,0,1,1,1,1,1,1,0,0,0,7.7,1.6,"Hepatitis A virus,Shigella spp.,Pseudomonas"
0,1,1,1,0,1,0,1,1,1,1,1,1,1,5.2,13.9,"Salmonella typhi,Hepatitis A virus,E. coli,Giardia lamblia,Leptospira,Pseudomonas"
1,0,0,0,0,0,0,1,0,1,1,1,1,0,6.8,10.8,"Vibrio cholerae,Hepatitis A virus,Shigella spp.,E. coli,Pseudomonas,Cryptosporidium"
0,1,1,0,0,0,0,1,0,0,1,0,1,0,7.3,2.2,"Hepatitis A virus,Pseudomonas"
0,0,1,0,0,1,0,0,1,0,0,0,0,1,8.4,9.5,"Salmonella typhi,Hepatitis A virus"
0,1,0,1,0,1,1,1,0,1,1,0,0,0,5.3,9.2,"Vibrio cholerae,E. coli,Giardia lamblia,Pseudomonas"
0,0,1,1,1,0,0,1,0,0,1,0,0,0,8.6,7.6,"Salmonella typhi,Hepatitis A virus,Shigella spp.,E. coli,Giardia lamblia,Pseudomonas"
0,1,0,1,0,1,1,1,1,0,1,1,1,1,6.5,5.5,"Salmonella typhi,Hepatitis A virus,Shigella spp.,E. coli,Pseudomonas"
0,1,1,0,0,1,0,1,1,0,1,1,1,1,5.6,13.0,"Vibrio cholerae,Salmonella typhi,Hepatitis A virus,Leptospira,Pseudomonas"
1,0,1,1,0,1,1,0,1,1,0,1,0,0,9.0,0.5,"Hepatitis A virus,Shigella spp."
0,1,1,1,0,0,0,1,0,0,1,1,0,0,6.1,14.1,"Vibrio cholerae,Salmonella typhi,Hepatitis A virus,Shigella spp.,E. coli,Giardia lamblia,Leptospira,Pseudomonas"
1,0,1,1,0,1,1,0,1,1,1,1,1,0,7.5,3.7,"Salmonella typhi,Hepatitis A virus,Shigella spp.,Giardia lamblia,Pseudomonas"
1,1,0,0,1,1,1,0,1,1,0,0,1,0,7.2,6.3,"Salmonella typhi,Shigella spp.,E. coli,Giardia lamblia,Cryptosporidium"
0,1,1,1,0,0,0,0,1,1,1,0,0,0,5.6,14.4,"Vibrio cholerae,Salmonella typhi,Shigella spp.,Pseudomonas"
1,1,1,1,0,0,1,1,0,0,1,1,0,1,6.5,7.7,"Vibrio cholerae,Hepatitis A virus,Shigella spp.,E. coli,Giardia lamblia,Leptospira,Pseudomonas,Cryptosporidium"
1,0,1,0,1,1,1,0,0,0,0,0,1,0,6.8,10.3,"Vibrio cholerae,Hepatitis A virus,Shigella spp.,E. coli,Giardia lamblia,Cryptosporidium"
0,0,1,0,0,1,0,1,0,0,1,1,1,1,6.7,6.9,"Salmonella typhi,Hepatitis A virus,Shigella spp.,Leptospira,Pseudomonas"
0,0,1,0,0,0,1,1,1,1,1,0,0,0,5.6,0.9,"Hepatitis A virus,Pseudomonas"
0,1,1,0,1,1,1,1,1,0,0,0,0,0,6.2,0.4,Hepatitis A virus
0,0,0,1,0,0,0,1,0,0,0,1,1,1,7.5,12.5,"Shigella spp.,E. coli,Giardia lamblia"
0,1,1,1,1,1,1,0,1,1,0,1,0,1,5.3,6.1,"Vibrio cholerae,Salmonella typhi,Hepatitis A virus,Shigella spp.,E. coli,Giardia lamblia,Leptospira"
0,1,1,1,1,1,1,1,0,0,1,0,1,0,5.2,7.8,"Vibrio cholerae,Salmonella typhi,Hepatitis A virus,Shigella spp.,E. coli,Giardia lamblia"
0,0,0,0,1,1,0,0,1,0,1,0,0,1,7.4,4.8,"Salmonella typhi,Hepatitis A virus,Giardia lamblia,Pseudomonas"
1,0,0,1,0,1,0,1,1,1,0,0,0,1,7.4,3.1,"Salmonella typhi,Hepatitis A virus,Shigella spp.,Giardia lamblia"
0,1,0,0,1,1,1,0,1,0,0,0,1,1,5.0,0.4,"Hepatitis A virus,Shigella spp."
0,0,1,0,1,1,0,1,0,0,0,1,1,0,5.4,2.4,"Salmonella typhi,Hepatitis A virus,Shigella spp.,Leptospira"
0,0,0,1,0,1,1,0,0,0,1,0,1,1,8.9,12.0,"Salmonella typhi,Shigella spp.,E. coli,Pseudomonas"
0,0,0,1,0,0,0,1,1,1,1,1,0,1,5.8,12.5,"Hepatitis A virus,E. coli,Giardia lamblia,Pseudomonas"
0,1,0,1,0,1,1,0,1,0,1,0,1,1,6.9,12.2,"Salmonella typhi,Hepatitis A virus,E. coli,Giardia lamblia,Pseudomonas"
0,1,0,0,1,1,0,0,0,0,1,0,0,1,6.6,10.4,"Vibrio cholerae,Giardia lamblia,Pseudomonas"
1,1,1,1,0,0,0,0,0,1,1,1,0,0,5.0,0.1,"Shigella spp.,Leptospira,Pseudomonas"
1,0,0,1,1,0,0,0,0,1,1,1,0,0,8.9,1.8,"Hepatitis A virus,Shigella spp.,Pseudomonas"
0,1,1,1,1,0,0,0,0,1,1,0,0,1,6.9,1.3,"Hepatitis A virus,Shigella spp.,Pseudomonas"
0,0,0,0,1,1,0,0,1,1,1,0,0,0,8.3,13.1,"Salmonella typhi,Pseudomonas"
0,1,1,0,1,0,1,1,0,1,1,1,0,1,5.6,4.6,"Salmonella typhi,Pseudomonas"
1,0,0,1,1,0,1,0,1,1,1,0,1,0,8.0,3.1,"Salmonella typhi,Hepatitis A virus,Shigella spp.,Giardia lamblia,Pseudomonas"
1,0,0,1,1,1,1,1,0,1,0,1,1,0,6.4,7.6,"Vibrio cholerae,Salmonella typhi,Hepatitis A virus,Shigella spp.,E. coli,Giardia lamblia"
0,0,0,0,0,1,0,0,0,0,1,1,0,0,7.1,10.3,"Salmonella typhi,Pseudomonas"
1,0,1,0,0,1,0,1,0,0,0,0,0,1,5.1,3.2,"Salmonella typhi,Hepatitis A virus"
0,1,1,1,0,0,1,0,1,0,1,0,1,0,6.4,13.9,"Vibrio cholerae,Salmonella typhi,Hepatitis A virus,Shigella spp.,E. coli,Pseudomonas"
0,0,1,1,0,1,1,0,1,0,1,1,0,1,8.2,3.7,"Salmonella typhi,Hepatitis A virus,Shigella spp.,Giardia lamblia,Leptospira,Pseudomonas"
1,1,1,1,1,1,0,0,0,1,1,0,0,0,7.6,7.7,"Salmonella typhi,Hepatitis A virus,Shigella spp.,E. coli,Giardia lamblia,Pseudomonas,Cryptosporidium"
0,0,0,0,0,1,1,0,1,0,1,0,0,1,5.4,9.5,"Salmonella typhi,Pseudomonas"
0,0,0,0,1,0,1,0,0,1,0,0,0,1,8.7,6.3,Hepatitis A virus
1,0,1,1,0,0,0,1,1,1,1,0,1,0,5.5,2.8,"Salmonella typhi,Hepatitis A virus,Shigella spp.,Pseudomonas"
0,1,1,1,1,0,0,1,0,1,1,1,1,0,6.8,9.6,"Vibrio cholerae,Salmonella typhi,Hepatitis A virus,Shigella spp.,E. coli,Giardia lamblia,Leptospira,Pseudomonas"
1,0,0,0,0,0,0,1,0,1,1,0,1,0,5.5,11.1,"Vibrio cholerae,Hepatitis A virus,Shigella spp.,E. coli,Pseudomonas,Cryptosporidium"
1,1,1,1,1,1,0,1,1,0,0,0,1,1,5.6,8.2,"Vibrio cholerae,Salmonella typhi,Hepatitis A virus,Shigella spp.,E. coli,Giardia lamblia,Cryptosporidium"
0,0,0,0,0,1,0,0,1,0,0,1,1,0,5.8,1.0,"Hepatitis A virus,Shigella spp."
0,1,1,0,0,1,0,0,1,0,1,1,0,1,8.6,11.5,"Salmonella typhi,Hepatitis A virus,Pseudomonas"
1,1,0,0,0,0,0,1,1,1,0,1,1,1,7.3,4.2,"Shigella spp.,E. coli"
1,1,1,1,1,1,1,0,0,1,1,1,0,0,6.1,4.7,"Hepatitis A virus,E. coli,Giardia lamblia,Leptospira,Pseudomonas"
0,0,1,0,1,0,1,0,0,1,0,1,1,0,8.0,3.0,"Salmonella typhi,Shigella spp.,Leptospira"
0,1,1,1,1,1,1,1,1,1,1,1,1,1,5.2,0.7,"Shigella spp.,Leptospira,Pseudomonas"
0,0,0,0,0,1,0,1,1,1,0,0,1,0,7.3,1.8,"Hepatitis A virus,Shigella spp."
0,1,0,1,1,0,0,1,1,1,0,0,1,0,6.2,6.5,"Vibrio cholerae,Shigella spp.,E. coli,Giardia lamblia"
1,0,1,0,0,0,0,0,0,0,1,0,1,0,8.6,6.9,"Salmonella typhi,Shigella spp.,E. coli,Pseudomonas,Cryptosporidium"
0,0,1,1,1,0,0,0,0,1,0,0,0,1,6.8,7.3,"Hepatitis A virus,Shigella spp."
1,1,1,0,0,1,1,0,1,0,1,0,0,1,7.9,8.1,"Salmonella typhi,Hepatitis A virus,E. coli,Pseudomonas,Cryptosporidium"
1,1,1,0,0,1,1,1,1,0,1,0,1,1,7.7,5.7,"Salmonella typhi,Hepatitis A virus,Shigella spp.,E. coli,Pseudomonas,Cryptosporidium"
0,0,1,1,1,1,0,1,1,1,0,1,0,1,8.6,4.9,"Salmonella typhi,Hepatitis A virus,Shigella spp.,E. coli,Giardia lamblia,Leptospira"
0,0,0,1,1,0,0,0,0,0,0,1,0,0,6.7,12.0,"Hepatitis A virus,E. coli"
0,0,1,0,0,0,1,1,0,0,1,0,1,1,8.4,13.0,"Salmonella typhi,Hepatitis A virus,Shigella spp.,Pseudomonas"
0,0,1,0,0,0,0,1,0,1,1,0,1,0,6.8,1.8,"Hepatitis A virus,Shigella spp.,Pseudomonas"
0,0,1,0,1,0,0,0,0,1,1,0,1,0,8.9,8.3,"Hepatitis A virus,Giardia lamblia,Pseudomonas"
1,0,1,1,1,1,0,1,0,0,1,1,0,0,5.8,0.7,"Hepatitis A virus,Shigella spp.,Leptospira,Pseudomonas"
0,0,0,1,1,0,0,0,0,0,0,1,1,1,8.4,8.9,"Hepatitis A virus,E. coli,Giardia lamblia"
1,0,1,0,0,1,0,0,1,0,0,1,1,0,5.6,2.4,"Salmonella typhi,Hepatitis A virus,Leptospira"
1,1,1,1,0,1,0,0,0,0,1,1,0,0,7.2,1.8,Pseudomonas
1,1,1,1,1,1,1,1,1,0,0,1,0,0,8.8,8.2,"Salmonella typhi,Hepatitis A virus,Shigella spp.,E. coli,Leptospira,Cryptosporidium"
0,1,0,0,0,1,1,1,1,0,1,1,0,1,6.2,2.0,"Hepatitis A virus,Pseudomonas"
0,1,0,1,0,0,0,0,1,0,1,1,0,1,5.9,7.1,"Vibrio cholerae,Hepatitis A virus,Shigella spp.,E. coli,Giardia lamblia,Pseudomonas"
0,1,0,1,1,0,0,1,1,1,1,0,1,1,8.2,13.1,"Shigella spp.,E. coli,Giardia lamblia,Pseudomonas"
1,0,1,1,0,1,0,1,0,1,0,0,0,0,8.8,8.9,"Salmonella typhi,Hepatitis A virus,Shigella spp.,E. coli,Giardia lamblia"
0,1,1,0,1,0,0,0,1,1,0,0,0,0,7.6,11.0,"Salmonella typhi,Giardia lamblia"
1,1,1,0,0,1,0,0,1,0,1,0,0,1,6.8,2.7,"Salmonella typhi,Hepatitis A virus"
0,0,1,0,0,0,1,0,0,0,0,0,0,1,6.8,0.9,None
1,0,1,1,0,0,0,1,1,1,0,1,0,0,5.3,11.8,"Vibrio cholerae,Salmonella typhi,Hepatitis A virus,E. coli,Giardia lamblia,Leptospira,Cryptosporidium"
0,0,1,1,1,0,1,0,1,1,0,1,1,0,5.4,11.5,"Salmonella typhi,Hepatitis A virus,Shigella spp.,E. coli,Giardia lamblia,Leptospira"
0,1,0,0,0,1,0,0,0,1,0,1,0,1,7.7,4.4,Salmonella typhi
1,1,1,0,1,0,0,0,1,0,1,1,0,0,6.9,10.0,"Vibrio cholerae,Salmonella typhi,Hepatitis A virus,E. coli,Giardia lamblia,Leptospira,Pseudomonas"
0,1,1,0,0,1,0,0,1,1,0,1,1,0,7.7,0.5,"Hepatitis A virus,Shigella spp.,Leptospira"
1,1,1,0,0,1,0,1,1,0,1,0,1,0,5.1,3.3,"Salmonella typhi,Hepatitis A virus,Shigella spp.,Pseudomonas"
0,1,0,1,1,0,0,1,1,1,1,1,0,1,7.2,7.7,"Hepatitis A virus,Shigella spp.,E. coli,Giardia lamblia,Pseudomonas"
0,1,0,1,1,1,0,1,1,1,0,1,0,0,8.8,9.2,"Salmonella typhi,Hepatitis A virus,Shigella spp."
0,1,1,0,1,1,0,1,1,0,1,1,0,1,5.6,0.1,"Hepatitis A virus,Leptospira,Pseudomonas"
1,0,1,1,1,1,0,1,1,1,1,1,0,1,6.7,10.4,"Vibrio cholerae,Salmonella typhi,Hepatitis A virus,Shigella spp.,E. coli,Giardia lamblia,Leptospira,Pseudomonas,Cryptosporidium"
0,1,1,0,0,1,1,0,1,0,0,0,1,1,8.9,9.0,"Salmonella typhi,Hepatitis A virus,Shigella spp."
0,0,1,0,1,1,0,1,1,0,0,1,1,1,8.7,1.8,"Shigella spp.,Leptospira"
1,1,0,1,1,1,0,0,1,0,1,0,0,0,5.1,2.0,"Hepatitis A virus,Shigella spp.,Pseudomonas"
1,0,1,1,1,1,1,0,1,1,0,1,0,0,6.3,8.8,"Vibrio cholerae,Salmonella typhi,Hepatitis A virus,Shigella spp.,E. coli,Cryptosporidium"
1,1,1,1,1,0,1,1,0,0,0,0,0,0,5.3,4.4,"Salmonella typhi,Shigella spp.,E. coli,Giardia lamblia"
0,1,0,0,1,1,1,1,0,0,0,1,0,0,6.3,13.0,"Vibrio cholerae,Salmonella typhi,Hepatitis A virus,Giardia lamblia"
0,1,1,1,0,0,0,1,1,1,1,1,0,0,7.1,13.5,"Hepatitis A virus,Shigella spp.,E. coli,Giardia lamblia,Leptospira,Pseudomonas"
1,1,1,0,0,1,0,0,0,0,0,0,1,0,5.0,10.6,"Vibrio cholerae,Shigella spp.,E. coli,Cryptosporidium"
0,1,0,0,0,0,1,1,0,0,0,0,0,0,5.3,12.8,"Vibrio cholerae,Salmonella typhi,Hepatitis A virus"
0,0,1,1,1,1,0,0,1,1,1,1,1,1,6.4,13.2,"Salmonella typhi,Hepatitis A virus,Shigella spp.,E. coli,Giardia lamblia,Leptospira,Pseudomonas"
0,1,0,1,1,1,0,1,1,1,1,0,1,1,5.0,12.3,"Salmonella typhi,Shigella spp.,Giardia lamblia,Pseudomonas"
0,1,0,1,1,1,0,1,0,1,0,0,0,1,6.3,5.2,"Vibrio cholerae,Shigella spp.,E. coli,Giardia lamblia"
1,1,1,0,1,0,1,1,0,0,1,1,0,1,8.5,2.5,"Salmonella typhi,Hepatitis A virus,Leptospira,Pseudomonas"
1,0,0,0,1,1,0,1,0,1,1,1,1,1,8.0,6.9,"Hepatitis A virus,E. coli,Pseudomonas"
1,1,0,0,1,1,1,1,0,0,0,0,0,0,7.1,12.6,"Salmonella typhi,Hepatitis A virus,E. coli,Cryptosporidium"
0,0,0,1,0,0,1,1,0,1,1,1,0,1,6.8,4.7,"Shigella spp.,E. coli,Giardia lamblia,Pseudomonas"
1,1,0,0,1,0,0,1,0,1,1,1,0,1,6.7,7.6,"Vibrio cholerae,Hepatitis A virus,E. coli,Giardia lamblia,Pseudomonas,Cryptosporidium"
1,1,1,1,0,1,1,0,0,0,1,0,0,0,6.9,6.2,"Vibrio cholerae,Shigella spp.,Giardia lamblia,Pseudomonas,Cryptosporidium"
1,1,0,1,1,1,0,0,0,0,0,1,1,1,8.1,3.8,"Hepatitis A virus,Shigella spp.,Giardia lamblia"
0,1,1,1,1,1,0,0,1,1,1,0,0,0,8.5,14.7,"Salmonella typhi,Hepatitis A virus,E. coli,Giardia lamblia,Pseudomonas"
1,0,1,0,0,1,0,1,0,0,1,0,0,0,5.7,13.8,"Vibrio cholerae,Hepatitis A virus,E. coli,Pseudomonas,Cryptosporidium"
1,0,1,1,0,0,0,1,0,0,0,1,0,0,7.2,10.4,"Salmonella typhi,Hepatitis A virus,E. coli,Giardia lamblia,Leptospira"
1,1,1,1,0,1,1,1,0,0,0,1,0,0,6.0,13.1,"Vibrio cholerae,Salmonella typhi,Hepatitis A virus,E. coli,Leptospira,Cryptosporidium"
1,1,0,0,1,1,0,0,0,0,0,0,1,1,8.2,6.1,"Salmonella typhi,Hepatitis A virus,Shigella spp.,E. coli,Cryptosporidium"
0,1,0,1,0,0,1,1,1,1,0,0,1,0,8.4,4.0,Shigella spp.
0,1,0,1,0,1,1,0,1,0,0,1,0,1,5.4,13.7,"Vibrio cholerae,Salmonella typhi,Hepatitis A virus,Shigella spp.,E. coli,Giardia lamblia"
0,1,0,0,0,0,0,1,0,0,1,1,0,0,7.0,2.0,"Hepatitis A virus,Pseudomonas"
1,1,1,1,1,0,0,1,0,0,1,0,0,0,5.9,5.8,"Vibrio cholerae,Salmonella typhi,Hepatitis A virus,Shigella spp.,E. coli,Giardia lamblia,Pseudomonas"
0,0,1,1,0,0,1,0,1,1,1,1,0,1,5.7,7.0,"Shigella spp.,E. coli,Leptospira,Pseudomonas"
1,1,0,0,0,0,1,0,0,0,1,1,1,1,5.2,12.5,"Vibrio cholerae,Shigella spp.,E. coli,Pseudomonas"
1,1,1,0,1,1,0,1,0,0,1,0,0,1,5.0,13.6,"Vibrio cholerae,Salmonella typhi,Hepatitis A virus,E. coli,Giardia lamblia"
1,1,1,1,1,0,0,1,1,1,1,1,1,1,8.7,1.6,"Hepatitis A virus,Shigella spp.,Leptospira,Pseudomonas"
0,0,1,0,1,0,1,1,1,0,0,0,1,0,5.5,8.4,"Salmonella typhi,Hepatitis A virus,Shigella spp.,Giardia lamblia"
0,0,0,1,1,0,0,0,1,1,0,1,0,0,7.1,5.0,None
0,1,0,0,1,1,0,0,0,0,0,0,0,0,7.3,9.4,"Salmonella typhi,Giardia lamblia"
1,1,1,0,0,1,0,0,1,0,0,0,1,1,7.8,9.2,"Salmonella typhi,Shigella spp.,E. coli,Cryptosporidium"
1,0,1,0,0,0,1,1,0,0,1,0,0,1,5.9,11.5,"Vibrio cholerae,Salmonella typhi,Hepatitis A virus,Pseudomonas"
0,1,0,1,1,1,1,1,1,0,0,1,1,0,7.3,12.4,"Salmonella typhi,Hepatitis A virus,Shigella spp.,E. coli,Giardia lamblia"
0,1,1,0,1,1,0,1,1,0,1,0,1,0,8.3,8.7,"Salmonella typhi,Giardia lamblia"
0,0,0,0,1,0,0,0,1,0,1,0,0,0,6.9,1.1,"Hepatitis A virus,Pseudomonas"
0,0,1,0,1,0,1,0,1,1,0,1,1,0,5.5,2.2,"Salmonella typhi,Hepatitis A virus,Shigella spp.,Leptospira"
0,0,1,1,0,1,0,1,1,0,0,1,1,0,6.7,8.2,"Salmonella typhi,Shigella spp.,E. coli,Giardia lamblia"
0,0,0,1,0,0,0,0,0,1,0,1,0,1,7.6,14.5,"Shigella spp.,E. coli,Giardia lamblia"
1,0,0,1,0,1,1,1,0,1,1,0,0,1,5.9,3.0,"Salmonella typhi,Hepatitis A virus,Shigella spp.,Pseudomonas"
1,1,1,0,0,1,0,0,1,0,1,0,1,1,8.8,3.9,"Salmonella typhi,Hepatitis A virus,Shigella spp.,Pseudomonas"
0,1,0,0,0,0,0,1,0,0,1,1,0,0,6.7,13.9,"Vibrio cholerae,Hepatitis A virus,Pseudomonas"
0,0,0,0,1,0,0,0,0,0,1,0,0,0,7.4,2.3,Pseudomonas
0,0,0,0,0,1,0,0,1,1,0,0,0,0,6.5,12.8,"Salmonella typhi,Hepatitis A virus"
0,0,1,0,1,1,0,0,1,0,0,1,1,0,5.2,6.0,"Salmonella typhi,Hepatitis A virus,Shigella spp.,Giardia lamblia,Leptospira"
0,1,1,0,1,1,0,0,0,1,0,0,0,0,6.1,4.0,"Salmonella typhi,Hepatitis A virus,Giardia lamblia"
1,1,1,1,0,0,1,1,1,0,1,0,0,0,6.2,12.8,"Vibrio cholerae,Shigella spp.,E. coli,Pseudomonas,Cryptosporidium"
0,1,1,1,1,0,0,0,1,1,0,1,0,1,6.6,1.6,Hepatitis A virus
1,1,0,1,1,1,0,0,0,0,0,1,0,0,6.3,9.5,"Vibrio cholerae,Hepatitis A virus,E. coli,Giardia lamblia,Cryptosporidium"
0,0,0,1,0,0,0,1,0,0,1,1,1,0,8.7,7.2,"Hepatitis A virus,Shigella spp.,E. coli,Giardia lamblia,Pseudomonas"
0,1,1,1,1,1,0,1,0,0,1,0,1,0,7.3,9.3,"Salmonella typhi,Hepatitis A virus,Shigella spp.,E. coli,Pseudomonas"
0,0,0,1,1,1,0,0,0,1,0,1,0,1,8.2,2.0,"Hepatitis A virus,Shigella spp."
0,0,1,0,1,1,0,1,0,0,1,0,0,0,8.5,2.3,"Salmonella typhi,Hepatitis A virus,Pseudomonas"
1,0,1,1,1,1,1,0,1,1,1,0,0,1,8.5,14.1,"Salmonella typhi,Shigella spp.,E. coli,Giardia lamblia,Pseudomonas,Cryptosporidium"
1,0,1,0,1,1,0,0,0,1,0,1,1,1,8.5,10.8,"Salmonella typhi,Hepatitis A virus,Shigella spp.,E. coli,Giardia lamblia,Leptospira,Cryptosporidium"
0,1,1,1,1,0,1,1,0,1,0,1,0,1,7.5,1.1,"Hepatitis A virus,Shigella spp.,Leptospira"
0,0,1,0,0,1,0,0,1,1,1,1,1,0,6.5,0.2,"Hepatitis A virus,Shigella spp.,Leptospira,Pseudomonas"
0,0,0,1,1,1,1,1,1,1,0,1,0,0,8.0,1.0,Shigella spp.
1,1,0,0,0,1,0,0,1,1,1,0,1,0,5.5,10.8,"Vibrio cholerae,Hepatitis A virus,Shigella spp.,E. coli,Pseudomonas,Cryptosporidium"
1,0,0,0,1,1,1,1,0,1,1,0,0,0,5.6,14.6,"Vibrio cholerae,Salmonella typhi,Hepatitis A virus,E. coli,Giardia lamblia,Pseudomonas,Cryptosporidium"
1,1,1,1,1,0,1,0,1,1,1,0,1,1,6.2,7.4,"Vibrio cholerae,Salmonella typhi,Shigella spp.,E. coli,Giardia lamblia,Pseudomonas,Cryptosporidium"
0,1,0,0,0,0,0,0,1,0,1,0,1,1,7.6,3.1,"Hepatitis A virus,Shigella spp.,Pseudomonas"
0,1,1,0,1,0,1,0,1,0,1,1,1,1,7.9,11.9,"Salmonella typhi,Hepatitis A virus,Shigella spp.,Giardia lamblia,Pseudomonas"
0,1,1,1,1,0,1,1,0,1,0,1,0,0,5.5,2.8,"Shigella spp.,Leptospira"
1,1,1,1,1,0,0,0,1,0,0,1,1,1,7.8,9.7,"Shigella spp.,Giardia lamblia,Leptospira,Cryptosporidium"
1,1,0,1,1,0,0,1,0,1,0,1,0,0,8.8,0.2,Hepatitis A virus
1,0,1,0,0,0,1,0,1,1,0,1,0,1,7.2,10.7,"Salmonella typhi,Hepatitis A virus,E. coli,Leptospira,Cryptosporidium"
1,1,0,0,0,1,1,1,1,1,0,1,1,0,7.7,14.3,"Salmonella typhi,Hepatitis A virus,Cryptosporidium"
0,0,1,0,1,0,1,0,1,0,1,0,1,0,8.5,10.0,"Salmonella typhi,Hepatitis A virus,Shigella spp.,Giardia lamblia,Pseudomonas"
1,1,0,0,1,1,0,0,1,1,0,0,1,1,6.7,12.1,"Vibrio cholerae,Salmonella typhi,Shigella spp.,E. coli,Giardia lamblia,Cryptosporidium"
0,1,0,0,0,0,0,0,0,0,1,1,0,1,6.8,12.5,Pseudomonas
0,1,1,0,1,1,1,1,1,1,0,1,1,0,6.0,13.9,"Vibrio cholerae,Salmonella typhi,Hepatitis A virus,Shigella spp.,Giardia lamblia,Leptospira"
0,0,1,1,1,0,1,0,1,1,0,1,0,0,7.1,9.5,"Hepatitis A virus,Shigella spp.,E. coli,Giardia lamblia,Leptospira"
1,1,0,1,1,1,0,1,0,0,1,1,1,1,6.9,13.1,"Vibrio cholerae,Salmonella typhi,Giardia lamblia,Pseudomonas,Cryptosporidium"
1,1,0,1,1,0,1,0,1,1,0,1,0,0,8.5,8.4,"Salmonella typhi,Hepatitis A virus,E. coli,Cryptosporidium"
0,1,1,1,0,1,1,0,0,1,1,0,1,0,6.9,7.3,"Vibrio cholerae,Salmonella typhi,Shigella spp.,E. coli,Giardia lamblia,Pseudomonas"
1,0,0,1,1,0,0,0,0,0,1,1,1,0,6.9,14.5,"Vibrio cholerae,Hepatitis A virus,Shigella spp.,E. coli,Giardia lamblia,Pseudomonas,Cryptosporidium"
0,1,0,1,0,0,1,1,1,0,1,1,1,0,5.2,10.2,"Vibrio cholerae,Salmonella typhi,Hepatitis A virus,Shigella spp.,E. coli,Giardia lamblia,Pseudomonas"
0,1,1,1,0,0,0,1,1,1,0,1,0,0,7.2,2.0,"Hepatitis A virus,Shigella spp.,Leptospira"
1,0,1,0,1,1,1,0,1,0,1,1,1,0,7.4,10.1,"Salmonella typhi,Shigella spp.,E. coli,Giardia lamblia,Leptospira,Pseudomonas"
1,1,1,1,0,1,0,0,0,1,1,1,0,1,5.9,3.5,"Salmonella typhi,Shigella spp.,Giardia lamblia,Pseudomonas"
0,0,0,1,1,1,1,0,0,0,1,0,0,0,6.2,14.3,"Salmonella typhi,Hepatitis A virus,E. coli,Pseudomonas"
0,0,1,0,1,1,0,1,1,1,1,1,0,1,8.7,11.8,"Salmonella typhi,Hepatitis A virus,Giardia lamblia,Leptospira,Pseudomonas"
1,1,1,1,0,1,0,0,0,0,0,0,1,0,5.8,10.7,"Vibrio cholerae,Salmonella typhi,Shigella spp.,E. coli,Cryptosporidium"
0,0,1,1,1,1,0,1,1,0,0,0,1,0,8.4,11.8,"Salmonella typhi,Hepatitis A virus,Shigella spp.,Giardia lamblia"
0,1,0,1,1,1,1,1,1,1,0,0,0,0,7.8,11.4,"Salmonella typhi,Hepatitis A virus,Shigella spp.,E. coli,Giardia lamblia"
1,1,1,0,0,1,0,1,0,1,1,0,1,1,6.9,7.1,"Salmonella typhi,Hepatitis A virus,Shigella spp.,E. coli,Pseudomonas,Cryptosporidium"
1,1,0,1,1,0,0,1,0,1,0,0,1,0,7.2,12.9,"Hepatitis A virus,Shigella spp.,E. coli,Giardia lamblia,Cryptosporidium"
1,1,0,0,0,1,0,1,0,0,1,0,1,0,7.3,12.3,"Hepatitis A virus,Shigella spp.,E. coli,Cryptosporidium"
0,0,1,1,1,0,0,0,1,0,0,1,1,1,7.1,10.1,"Salmonella typhi,Hepatitis A virus,Shigella spp.,E. coli,Giardia lamblia,Leptospira"
1,0,1,0,1,1,0,0,1,0,0,1,1,0,6.3,4.3,"Salmonella typhi,Hepatitis A virus,Shigella spp.,E. coli,Leptospira"
1,1,0,0,0,0,0,0,0,0,1,0,0,0,5.9,11.2,"Vibrio cholerae,E. coli,Pseudomonas"
1,1,0,1,1,1,1,0,0,0,0,1,1,1,6.6,7.4,"Vibrio cholerae,Salmonella typhi,E. coli,Giardia lamblia,Cryptosporidium"
1,0,0,1,1,0,1,1,0,1,1,1,1,1,6.0,14.1,"Vibrio cholerae,Salmonella typhi,Hepatitis A virus,E. coli,Giardia lamblia,Pseudomonas,Cryptosporidium"
1,0,1,0,0,1,0,1,1,1,0,0,0,1,6.4,6.0,"Vibrio cholerae,Salmonella typhi,Hepatitis A virus,E. coli,Cryptosporidium"
0,0,1,1,0,0,1,0,1,1,1,0,1,0,5.1,0.6,"Hepatitis A virus,Shigella spp.,Pseudomonas"
1,1,1,0,1,1,0,0,0,0,1,0,1,0,5.9,11.0,"Vibrio cholerae,Salmonella typhi,Hepatitis A virus,E. coli,Giardia lamblia,Pseudomonas,Cryptosporidium"
0,1,1,0,0,0,0,1,0,0,0,1,1,1,6.4,12.2,"Vibrio cholerae,Hepatitis A virus,Shigella spp.,Leptospira"
1,1,0,1,0,1,0,0,1,0,1,0,0,1,8.1,13.2,"Hepatitis A virus,Shigella spp.,E. coli,Giardia lamblia,Pseudomonas"
1,0,0,0,0,1,1,1,0,1,1,0,1,0,8.6,11.4,"Hepatitis A virus,Shigella spp.,E. coli,Pseudomonas,Cryptosporidium"
0,1,0,0,0,0,0,0,0,0,0,1,1,1,5.7,9.0,"Vibrio cholerae,Shigella spp."
0,1,1,1,1,0,0,0,1,0,0,0,0,1,7.0,13.9,"Salmonella typhi,Hepatitis A virus,Shigella spp.,E. coli,Giardia lamblia"
1,0,1,1,1,0,1,1,1,0,0,1,0,1,5.1,12.8,"Vibrio cholerae,Salmonella typhi,Shigella spp.,E. coli,Giardia lamblia,Cryptosporidium"
1,1,0,1,1,0,0,1,0,1,1,0,0,1,5.4,11.7,"Vibrio cholerae,Hepatitis A virus,Shigella spp.,E. coli,Giardia lamblia,Pseudomonas"
0,0,0,0,0,1,0,1,0,0,1,1,1,0,7.6,8.1,"Salmonella typhi,Hepatitis A virus,Shigella spp.,Pseudomonas"
1,0,0,0,1,1,0,1,1,1,0,0,0,0,5.4,13.9,"Vibrio cholerae,Salmonella typhi,Hepatitis A virus,E. coli,Giardia lamblia,Cryptosporidium"
1,0,0,1,1,0,0,0,0,1,1,0,0,0,6.0,12.4,"Hepatitis A virus,E. coli,Giardia lamblia,Pseudomonas,Cryptosporidium"
1,1,1,1,0,1,0,1,0,1,1,0,1,0,5.2,8.4,"Vibrio cholerae,Shigella spp.,E. coli,Giardia lamblia,Pseudomonas,Cryptosporidium"
1,1,1,1,0,0,1,0,1,1,0,1,1,0,7.4,3.6,"Salmonella typhi,Hepatitis A virus,Shigella spp.,Leptospira"
1,1,1,1,0,1,1,1,0,0,1,0,1,0,6.9,14.0,"Salmonella typhi,Hepatitis A virus,Shigella spp.,E. coli,Giardia lamblia,Pseudomonas,Cryptosporidium"
1,0,0,1,1,1,0,1,0,1,1,1,0,1,8.5,7.5,"Salmonella typhi,Hepatitis A virus,Shigella spp.,Giardia lamblia,Pseudomonas,Cryptosporidium"
1,0,0,0,0,0,0,1,0,0,1,0,0,0,6.3,4.2,"Hepatitis A virus,Pseudomonas"
1,1,1,0,0,1,1,1,1,1,1,0,0,1,6.1,6.5,"Vibrio cholerae,Salmonella typhi,Hepatitis A virus,E. coli,Pseudomonas,Cryptosporidium"
1,1,1,1,1,0,1,1,1,0,0,0,1,0,5.6,1.0,"Hepatitis A virus,Shigella spp."
1,1,0,1,1,1,1,0,0,1,1,0,0,1,7.5,3.5,"Salmonella typhi,Hepatitis A virus,Pseudomonas"
0,0,0,0,0,0,1,1,0,0,1,1,0,0,6.8,4.3,"Salmonella typhi,Hepatitis A virus,Pseudomonas"
0,0,0,0,1,0,0,1,1,1,0,0,1,1,5.2,2.6,Hepatitis A virus
1,0,0,0,1,0,0,0,0,0,0,0,1,0,7.3,8.4,"Hepatitis A virus,Shigella spp.,E. coli,Giardia lamblia,Cryptosporidium"
1,0,0,0,1,1,0,0,1,0,0,1,0,0,7.4,11.7,"Salmonella typhi,E. coli,Giardia lamblia,Cryptosporidium"
0,1,1,0,1,1,0,1,1,0,1,0,1,1,8.0,14.1,"Hepatitis A virus,Shigella spp.,Pseudomonas"
0,0,1,1,0,0,1,1,1,0,0,1,0,0,6.0,2.9,"Salmonella typhi,Hepatitis A virus,Shigella spp.,Leptospira"
0,1,0,1,0,1,1,0,0,0,0,1,0,0,9.0,2.3,"Salmonella typhi,Shigella spp."
1,0,1,1,1,0,1,1,0,0,0,1,0,1,5.1,10.2,"Vibrio cholerae,Salmonella typhi,Hepatitis A virus,E. coli,Giardia lamblia,Leptospira,Cryptosporidium"
1,1,0,0,1,1,1,0,1,1,0,0,0,0,5.9,5.7,"Salmonella typhi,Hepatitis A virus,Giardia lamblia,Cryptosporidium"
0,0,1,0,1,0,0,0,1,1,1,0,0,1,6.0,7.0,"Salmonella typhi,Hepatitis A virus,Giardia lamblia,Pseudomonas"
1,0,1,1,1,1,1,0,1,1,0,1,1,1,6.7,6.1,"Vibrio cholerae,Salmonella typhi,Hepatitis A virus,Shigella spp.,E. coli,Giardia lamblia,Cryptosporidium"
1,1,1,0,0,1,1,0,1,1,0,0,0,1,6.6,13.4,"Hepatitis A virus,E. coli,Cryptosporidium"
0,0,1,1,1,1,0,1,1,1,1,0,1,0,6.5,14.1,"Salmonella typhi,Hepatitis A virus,E. coli,Giardia lamblia,Pseudomonas"
0,0,1,0,0,1,1,0,0,0,0,1,0,1,7.7,4.9,Leptospira
0,0,1,0,0,0,1,1,1,0,0,1,0,1,7.9,1.1,Leptospira
1,1,0,0,1,0,1,1,1,0,1,0,0,0,8.7,9.0,"Hepatitis A virus,E. coli,Giardia lamblia,Pseudomonas"
1,0,1,0,1,0,1,1,1,1,1,1,1,0,6.5,11.1,"Vibrio cholerae,Hepatitis A virus,Shigella spp.,E. coli,Giardia lamblia,Leptospira,Pseudomonas,Cryptosporidium"
0,0,0,0,0,0,1,0,1,1,1,0,0,1,6.1,6.7,"Salmonella typhi,Hepatitis A virus,Pseudomonas"
1,0,1,1,0,0,0,1,0,1,1,1,1,0,6.8,8.5,"Vibrio cholerae,Shigella spp.,Giardia lamblia,Leptospira,Pseudomonas,Cryptosporidium"
1,1,1,1,1,0,1,0,0,1,1,1,0,1,5.1,8.0,"Vibrio cholerae,Salmonella typhi,Hepatitis A virus,Giardia lamblia,Leptospira,Pseudomonas,Cryptosporidium"
0,1,1,0,1,0,1,0,0,1,0,1,1,0,5.3,4.7,"Salmonella typhi,Hepatitis A virus,Shigella spp.,Giardia lamblia,Leptospira"
1,0,0,1,1,1,0,1,0,0,0,0,1,0,5.0,12.4,"Vibrio cholerae,Salmonella typhi,Hepatitis A virus,Shigella spp.,E. coli,Giardia lamblia,Cryptosporidium"
1,0,1,1,0,0,1,1,1,0,0,0,1,1,7.9,5.6,"Hepatitis A virus,Shigella spp.,Giardia lamblia,Cryptosporidium"
0,0,0,1,0,0,1,1,1,1,1,0,1,1,6.1,1.0,Shigella spp.
0,0,1,0,0,1,0,0,0,0,0,0,0,0,7.5,11.5,Salmonella typhi
0,0,1,0,1,1,1,1,1,1,1,1,0,0,6.9,4.3,"Hepatitis A virus,Giardia lamblia,Leptospira,Pseudomonas"
1,0,1,1,0,0,0,0,1,1,0,1,0,1,7.4,9.0,"Salmonella typhi,Hepatitis A virus,Shigella spp.,E. coli,Giardia lamblia,Leptospira,Cryptosporidium"
0,1,1,0,1,1,1,0,1,1,0,1,1,0,8.5,13.9,"Hepatitis A virus,Shigella spp."
1,0,0,0,1,1,1,0,0,1,1,1,1,0,7.6,12.4,"Salmonella typhi,E. coli,Giardia lamblia,Pseudomonas,Cryptosporidium"
0,0,1,1,1,1,1,0,0,1,0,0,1,1,7.4,3.3,"Salmonella typhi,Hepatitis A virus,Shigella spp.,Giardia lamblia"
0,0,0,0,1,1,0,0,0,0,0,0,0,1,5.1,8.4,"Salmonella typhi,Hepatitis A virus,Giardia lamblia"
1,1,1,1,1,1,1,0,1,0,1,1,1,0,8.5,6.3,"Hepatitis A virus,Shigella spp.,E. coli,Pseudomonas"
0,0,0,1,1,1,0,1,1,1,0,0,1,0,6.3,6.2,"Salmonella typhi,Hepatitis A virus,E. coli,Giardia lamblia"
0,0,0,0,0,1,0,0,0,0,1,0,0,0,7.6,0.6,Pseudomonas
0,1,0,1,1,1,0,1,0,1,1,1,1,0,6.7,6.0,"Vibrio cholerae,Salmonella typhi,Shigella spp.,E. coli,Giardia lamblia,Pseudomonas"
0,1,0,0,1,0,0,0,1,0,1,1,1,1,5.6,9.9,"Vibrio cholerae,Hepatitis A virus,Pseudomonas"
1,0,1,0,1,1,0,0,1,0,1,0,0,1,8.7,8.8,"E. coli,Giardia lamblia,Pseudomonas,Cryptosporidium"
1,0,1,0,1,0,1,0,1,1,1,0,0,0,5.6,9.3,"Vibrio cholerae,Salmonella typhi,E. coli,Giardia lamblia,Pseudomonas,Cryptosporidium"
0,0,1,1,0,0,0,1,1,1,0,0,0,0,6.5,7.7,"Salmonella typhi,Hepatitis A virus,Shigella spp.,E. coli,Giardia lamblia"
1,1,1,0,1,0,0,1,1,0,0,0,0,1,5.8,11.0,"Vibrio cholerae,Salmonella typhi,E. coli,Giardia lamblia,Cryptosporidium"
0,1,1,1,1,1,1,1,0,0,0,1,0,0,5.7,9.3,"Vibrio cholerae,Salmonella typhi,Hepatitis A virus,Shigella spp.,E. coli,Giardia lamblia,Leptospira"
1,1,1,1,1,1,0,0,0,0,0,0,1,1,5.6,0.1,"Hepatitis A virus,Shigella spp."
1,1,0,1,0,0,0,1,1,1,0,1,1,0,6.0,7.8,"Vibrio cholerae,Hepatitis A virus,Shigella spp.,E. coli,Giardia lamblia"
0,0,1,0,0,0,1,0,1,1,1,1,1,0,6.9,0.3,"Leptospira,Pseudomonas"
0,0,1,1,0,1,0,1,1,0,0,1,1,1,7.8,13.1,"Salmonella typhi,Hepatitis A virus,E. coli,Giardia lamblia"
1,0,0,1,1,1,0,1,1,1,0,1,1,0,8.7,10.8,"Hepatitis A virus,Shigella spp.,E. coli,Giardia lamblia,Cryptosporidium"
1,1,1,1,1,1,1,0,0,0,1,0,0,0,8.9,4.2,"Salmonella typhi,Shigella spp.,E. coli,Giardia lamblia,Pseudomonas"
0,1,1,0,1,0,1,1,0,1,0,0,0,0,6.9,7.5,"Salmonella typhi,Hepatitis A virus,Giardia lamblia"
1,1,1,1,0,1,0,1,1,1,0,0,0,1,7.1,9.7,"Salmonella typhi,Hepatitis A virus,Shigella spp.,E. coli,Giardia lamblia,Cryptosporidium"
1,0,0,0,1,1,0,0,1,1,0,0,0,0,7.7,7.5,"Salmonella typhi,Hepatitis A virus,E. coli,Cryptosporidium"
0,1,1,1,1,0,1,0,0,1,0,0,0,1,6.1,0.5,Shigella spp.
0,0,0,0,0,0,1,0,1,0,0,1,1,1,6.8,7.7,Shigella spp.
0,0,1,0,0,1,0,0,1,0,1,1,0,0,8.1,4.2,"Salmonella typhi,Hepatitis A virus,Leptospira,Pseudomonas"
1,0,0,0,0,0,1,0,1,0,0,0,0,1,5.6,9.7,"Vibrio cholerae,E. coli,Cryptosporidium"
0,0,1,0,0,1,1,0,0,0,0,1,1,0,7.6,3.3,"Salmonella typhi,Shigella spp.,Leptospira"
1,0,0,0,1,0,0,0,1,1,0,0,0,0,7.5,10.1,"Hepatitis A virus,E. coli,Cryptosporidium"
1,0,0,1,0,1,1,0,0,1,1,0,1,0,7.3,6.0,"Salmonella typhi,Shigella spp.,E. coli,Pseudomonas,Cryptosporidium"
1,0,0,0,1,0,1,0,0,1,1,1,1,1,7.1,2.8,"Salmonella typhi,Shigella spp.,Pseudomonas"
0,1,1,0,1,1,1,1,0,0,1,1,0,0,9.0,10.3,"Salmonella typhi,Hepatitis A virus,Giardia lamblia,Pseudomonas"
1,1,0,1,1,1,0,1,1,1,1,1,1,0,6.8,10.1,"Vibrio cholerae,Hepatitis A virus,Shigella spp.,E. coli,Giardia lamblia,Pseudomonas,Cryptosporidium"
0,0,1,1,0,0,1,0,0,0,1,0,0,0,8.3,0.3,"Shigella spp.,Pseudomonas"
1,1,0,1,1,0,0,1,0,1,0,1,0,1,6.8,7.2,"Vibrio cholerae,Hepatitis A virus,Shigella spp.,E. coli,Giardia lamblia,Cryptosporidium"
1,1,0,0,1,0,1,1,1,1,0,0,0,0,5.0,8.5,"Vibrio cholerae,Salmonella typhi,Hepatitis A virus,E. coli,Cryptosporidium"
1,0,0,0,1,0,0,1,1,0,1,1,0,1,7.7,13.4,"E. coli,Giardia lamblia,Pseudomonas,Cryptosporidium"
0,1,0,1,0,0,1,0,0,1,1,0,1,1,8.5,7.3,"Salmonella typhi,Shigella spp.,E. coli,Giardia lamblia,Pseudomonas"
0,0,0,1,0,0,1,0,0,1,1,0,1,0,5.8,13.4,"Shigella spp.,E. coli,Giardia lamblia,Pseudomonas"
0,1,1,0,1,0,1,0,1,0,1,0,1,0,7.1,2.6,"Salmonella typhi,Hepatitis A virus,Shigella spp.,Pseudomonas"
0,1,0,0,1,0,1,0,0,1,0,1,0,1,8.6,11.2,"Hepatitis A virus,Giardia lamblia"
1,0,0,1,1,0,0,1,0,1,1,1,1,1,8.1,2.6,"Shigella spp.,Pseudomonas"
1,1,1,0,1,1,1,1,1,0,0,0,1,1,8.4,3.5,"Salmonella typhi,Hepatitis A virus,Shigella spp."
1,0,1,1,0,0,1,1,1,1,1,1,0,1,7.4,10.2,"Salmonella typhi,Hepatitis A virus,Shigella spp.,Leptospira,Pseudomonas"
0,1,0,0,1,1,0,0,1,0,1,1,1,1,7.8,2.4,"Salmonella typhi,Shigella spp.,Pseudomonas"
1,0,1,1,0,1,0,1,1,1,1,0,0,0,7.0,7.0,"Salmonella typhi,Hepatitis A virus,Shigella spp.,E. coli,Pseudomonas,Cryptosporidium"
0,1,1,1,0,1,1,0,0,1,1,1,0,1,8.4,10.7,"Shigella spp.,E. coli,Leptospira"
0,1,0,0,0,0,0,0,0,0,0,1,1,0,5.1,10.2,Shigella spp.
0,1,0,1,0,0,0,1,0,0,1,0,0,1,5.8,9.9,"Vibrio cholerae,Shigella spp.,E. coli,Giardia lamblia,Pseudomonas"
0,1,0,1,1,0,1,1,1,0,0,1,0,0,5.6,13.2,"Vibrio cholerae,Salmonella typhi,Hepatitis A virus,Shigella spp.,E. coli,Giardia lamblia"
0,1,1,0,0,0,1,1,0,1,1,1,1,0,9.0,11.6,"Salmonella typhi,Hepatitis A virus,Shigella spp.,Leptospira,Pseudomonas"
1,1,1,1,1,0,0,0,0,1,1,0,1,0,7.0,2.4,"Salmonella typhi,Hepatitis A virus,Shigella spp.,Pseudomonas"
1,1,0,0,0,1,0,1,1,1,0,1,0,0,5.0,1.9,Hepatitis A virus
1,1,0,0,1,0,1,0,1,0,1,0,0,1,8.9,1.9,"Hepatitis A virus,Pseudomonas"
0,1,0,0,0,0,0,0,0,1,1,0,1,1,5.7,14.9,"Vibrio cholerae,Shigella spp.,Pseudomonas"
0,0,1,0,0,0,1,0,1,0,1,1,1,0,5.1,13.5,"Hepatitis A virus,Leptospira,Pseudomonas"
1,0,1,0,1,1,1,0,0,0,1,1,0,1,8.0,1.6,"Hepatitis A virus,Leptospira,Pseudomonas"
0,1,0,0,0,0,1,0,0,1,0,1,1,1,7.8,5.0,Salmonella typhi
0,1,0,0,1,0,0,1,0,1,1,0,1,1,7.8,8.9,"Shigella spp.,Giardia lamblia,Pseudomonas"
0,0,0,1,1,0,1,0,0,0,0,1,1,0,7.4,4.9,"Hepatitis A virus,Shigella spp.,E. coli"
0,1,0,1,1,0,0,1,1,1,1,1,0,0,7.5,5.6,"Hepatitis A virus,Shigella spp.,Giardia lamblia,Pseudomonas"
0,0,0,1,0,0,1,0,0,0,1,1,0,0,7.0,1.3,"Shigella spp.,Pseudomonas"
0,0,1,0,0,0,1,1,1,1,1,1,0,1,8.7,9.8,"Hepatitis A virus,Leptospira,Pseudomonas"
0,0,0,1,1,1,0,1,1,1,0,0,0,0,7.8,12.8,"Salmonella typhi,Hepatitis A virus,Shigella spp.,E. coli,Giardia lamblia"
0,1,1,0,1,1,0,0,1,1,0,0,0,1,8.1,9.3,"Salmonella typhi,Hepatitis A virus,Giardia lamblia"
1,0,0,1,1,0,0,1,1,0,1,0,1,1,8.6,10.3,"Shigella spp.,Giardia lamblia,Pseudomonas,Cryptosporidium"
1,1,0,1,0,0,0,0,1,0,0,0,0,0,7.3,12.6,"Shigella spp.,E. coli,Giardia lamblia"
1,1,1,1,0,1,1,0,0,0,0,1,0,0,5.6,5.3,"Salmonella typhi,Shigella spp.,E. coli,Giardia lamblia,Leptospira,Cryptosporidium"
1,0,0,1,0,1,0,0,1,0,0,0,0,0,5.1,0.9,"Hepatitis A virus,Shigella spp."
1,0,1,1,0,1,0,1,0,0,1,0,1,0,6.0,7.9,"Vibrio cholerae,Salmonella typhi,E. coli"
0,1,1,1,1,1,0,0,1,0,0,0,1,1,7.0,3.4,Shigella spp.
1,1,1,0,1,1,1,0,0,0,0,1,1,1,8.9,5.5,"Salmonella typhi,Hepatitis A virus,Shigella spp.,E. coli,Giardia lamblia,Leptospira,Cryptosporidium"
1,1,0,0,1,0,1,0,1,1,1,1,0,1,7.9,3.0,"Salmonella typhi,Hepatitis A virus,Pseudomonas"
0,0,1,1,0,0,0,0,1,0,1,1,0,1,6.0,14.1,"Salmonella typhi,Hepatitis A virus,Shigella spp.,E. coli,Giardia lamblia,Leptospira,Pseudomonas"
0,1,1,1,0,0,1,0,1,1,0,1,1,1,6.2,11.5,"Vibrio cholerae,Salmonella typhi,Hepatitis A virus,Shigella spp.,Giardia lamblia"
0,0,1,0,1,0,1,1,1,0,1,1,0,0,8.4,9.8,"Hepatitis A virus,Leptospira,Pseudomonas"
1,1,1,1,1,0,0,1,1,1,0,0,0,1,5.7,0.3,"Hepatitis A virus,Shigella spp."
1,1,0,0,0,0,1,0,1,1,1,0,1,1,6.0,2.9,"Salmonella typhi,Hepatitis A virus,Shigella spp.,Pseudomonas"
1,0,1,1,1,0,1,0,0,0,0,1,0,0,5.9,13.0,"Vibrio cholerae,Salmonella typhi,Shigella spp.,E. coli,Leptospira,Cryptosporidium"
1,1,1,0,0,0,1,1,0,0,0,1,0,0,7.5,7.9,"Salmonella typhi,Leptospira,Cryptosporidium"
0,1,0,1,1,0,0,0,0,0,0,1,1,1,5.5,1.3,Hepatitis A virus
0,1,1,0,1,1,0,1,1,1,1,0,1,0,8.3,0.9,"Shigella spp.,Pseudomonas"
1,0,1,0,0,0,1,0,0,0,1,1,1,0,7.0,7.1,"Salmonella typhi,Shigella spp.,E. coli,Leptospira,Pseudomonas,Cryptosporidium"
0,1,0,0,0,1,1,0,0,0,1,0,1,0,7.3,11.3,"Salmonella typhi,Shigella spp."
0,0,0,1,1,1,1,1,1,1,0,0,1,1,8.6,5.8,"Salmonella typhi,Hepatitis A virus,E. coli,Giardia lamblia"
0,1,1,1,0,1,1,0,1,0,1,0,0,1,6.7,8.8,"Vibrio cholerae,Salmonella typhi,Shigella spp.,E. coli,Giardia lamblia,Pseudomonas"
1,1,1,0,1,0,0,1,0,1,1,1,0,0,8.9,11.8,"Salmonella typhi,Hepatitis A virus,E. coli,Giardia lamblia,Leptospira,Pseudomonas,Cryptosporidium"
0,0,0,0,1,1,0,1,1,0,1,1,1,1,7.7,12.2,"Salmonella typhi,Hepatitis A virus,Shigella spp.,Giardia lamblia,Pseudomonas"
0,1,0,1,1,0,0,1,0,0,0,0,0,1,7.6,5.3,"Hepatitis A virus,Shigella spp.,E. coli"
1,0,1,0,1,0,0,0,0,0,0,1,1,1,7.7,3.3,"Salmonella typhi,Hepatitis A virus,Shigella spp.,Giardia lamblia,Leptospira"
1,0,0,1,0,0,1,0,1,0,0,1,0,0,8.6,6.1,"Hepatitis A virus,Shigella spp.,E. coli,Giardia lamblia,Cryptosporidium"
0,0,0,0,0,1,0,0,0,0,0,1,1,1,7.8,10.8,"Salmonella typhi,Shigella spp."
0,1,0,0,1,1,0,0,0,1,0,1,1,1,6.7,8.9,"Vibrio cholerae,Salmonella typhi,Hepatitis A virus,Shigella spp.,Giardia lamblia"
0,1,1,0,1,0,1,0,1,0,0,1,0,1,7.0,11.7,"Salmonella typhi,Hepatitis A virus,Giardia lamblia,Leptospira"
0,1,0,1,1,1,1,1,0,1,1,1,1,0,6.7,13.9,"Vibrio cholerae,Salmonella typhi,Shigella spp.,E. coli,Giardia lamblia,Pseudomonas"
0,0,0,1,1,1,1,0,1,0,0,0,1,1,8.9,14.1,"Salmonella typhi,Hepatitis A virus,Shigella spp.,E. coli,Giardia lamblia"
1,0,1,1,0,1,0,1,0,0,1,1,1,0,7.1,4.8,"Hepatitis A virus,Shigella spp.,E. coli,Leptospira,Pseudomonas"
1,0,0,0,0,0,0,1,1,1,0,1,0,0,8.2,2.5,Hepatitis A virus
1,1,1,0,1,1,0,1,0,1,1,0,0,1,5.3,8.5,"Vibrio cholerae,Salmonella typhi,Hepatitis A virus,E. coli,Giardia lamblia,Pseudomonas"
0,0,0,1,0,1,1,1,0,1,0,1,0,1,5.3,10.5,"Salmonella typhi,Shigella spp.,E. coli,Giardia lamblia"
0,0,1,1,1,0,1,0,1,1,1,1,1,1,5.3,3.6,"Salmonella typhi,Hepatitis A virus,Shigella spp.,Leptospira,Pseudomonas"
0,0,1,1,1,0,0,0,0,1,0,1,1,0,7.7,7.2,"Salmonella typhi,Hepatitis A virus,Shigella spp.,E. coli,Giardia lamblia,Leptospira"
0,1,1,1,1,1,1,0,0,0,0,1,0,1,6.4,1.9,"Hepatitis A virus,Shigella spp.,Leptospira"
0,0,1,1,0,0,0,0,1,1,0,1,0,0,7.9,1.3,"Hepatitis A virus,Shigella spp.,Leptospira"
0,0,0,0,1,1,1,0,1,1,0,1,0,0,8.0,9.2,"Salmonella typhi,Hepatitis A virus,Giardia lamblia"
1,1,1,1,0,1,0,0,0,0,0,0,0,0,5.0,12.8,"Vibrio cholerae,E. coli,Giardia lamblia,Cryptosporidium"
0,0,1,0,0,0,1,1,0,1,0,0,1,0,6.1,1.1,"Hepatitis A virus,Shigella spp."
0,0,1,0,0,1,1,0,1,1,1,0,0,0,7.2,1.1,Pseudomonas
1,1,0,1,0,1,0,1,0,0,1,1,0,1,8.6,12.3,"Salmonella typhi,Hepatitis A virus,Shigella spp.,E. coli,Giardia lamblia,Cryptosporidium"
0,0,0,1,1,1,1,1,0,0,1,0,0,0,6.6,7.7,"Salmonella typhi,Hepatitis A virus,Shigella spp.,E. coli,Giardia lamblia,Pseudomonas"
0,1,1,1,0,0,1,0,0,1,0,0,0,0,7.5,8.5,"Salmonella typhi,Shigella spp.,E. coli,Giardia lamblia"
1,1,0,1,1,1,1,1,0,0,1,1,0,1,5.8,6.2,"Vibrio cholerae,Hepatitis A virus,Shigella spp.,Giardia lamblia,Pseudomonas,Cryptosporidium"
1,1,1,1,0,0,0,0,1,1,0,1,1,0,7.9,10.8,"Salmonella typhi,E. coli,Giardia lamblia,Leptospira,Cryptosporidium"
1,1,0,0,1,1,1,1,0,0,1,0,0,0,7.0,8.1,"Hepatitis A virus,E. coli,Pseudomonas,Cryptosporidium"
1,0,0,0,0,1,1,1,0,0,1,1,0,1,8.0,9.3,"Hepatitis A virus,E. coli,Pseudomonas,Cryptosporidium"
1,1,1,1,0,1,1,1,0,0,0,1,0,0,8.4,0.1,"Hepatitis A virus,Shigella spp.,Leptospira"
0,0,1,1,0,1,0,1,1,1,1,0,1,0,5.7,0.7,"Shigella spp.,Pseudomonas"
1,0,1,1,0,0,0,1,0,1,0,1,0,1,6.5,2.3,"Salmonella typhi,Hepatitis A virus,Shigella spp.,Leptospira"
1,1,1,0,0,1,1,0,1,1,1,0,0,0,5.6,6.0,"Vibrio cholerae,Salmonella typhi,E. coli,Pseudomonas,Cryptosporidium"
1,0,0,0,0,1,0,1,1,1,0,0,0,1,7.6,7.7,"Salmonella typhi,Hepatitis A virus,E. coli,Cryptosporidium"
0,1,1,0,0,1,0,0,0,1,0,0,0,1,6.5,11.3,"Vibrio cholerae,Salmonella typhi"
0,1,1,1,0,0,1,0,0,1,1,0,1,1,7.8,6.0,"Salmonella typhi,Shigella spp.,E. coli,Giardia lamblia,Pseudomonas"
0,1,1,1,1,0,0,0,0,0,1,0,0,0,5.8,6.6,"Vibrio cholerae,Salmonella typhi,Hepatitis A virus,Shigella spp.,E. coli,Giardia lamblia,Pseudomonas"
1,1,1,1,1,0,0,0,0,1,1,0,1,1,5.5,7.7,"Vibrio cholerae,Salmonella typhi,E. coli,Cryptosporidium"
1,1,1,0,1,0,1,1,0,1,1,1,0,0,7.8,7.5,"Salmonella typhi,Hepatitis A virus,E. coli,Giardia lamblia,Leptospira,Pseudomonas,Cryptosporidium"
1,1,1,1,0,1,1,1,0,1,1,1,0,1,7.2,3.1,"Salmonella typhi,Shigella spp.,Giardia lamblia,Leptospira,Pseudomonas"
1,1,0,0,0,1,0,0,1,1,1,0,0,1,6.6,13.3,"Vibrio cholerae,Salmonella typhi,Hepatitis A virus,E. coli,Pseudomonas,Cryptosporidium"
1,1,1,1,1,1,0,0,1,1,0,1,0,1,8.7,7.7,"Salmonella typhi,Hepatitis A virus,Shigella spp.,E. coli,Giardia lamblia,Leptospira,Cryptosporidium"
1,1,1,0,1,0,0,1,0,1,0,1,1,1,8.8,8.8,"Salmonella typhi,Hepatitis A virus,E. coli,Giardia lamblia,Cryptosporidium"
0,0,1,0,1,1,0,1,0,0,1,1,1,1,6.6,9.7,"Salmonella typhi,Hepatitis A virus,Shigella spp.,Giardia lamblia,Pseudomonas"
0,1,0,0,0,1,0,0,1,0,0,1,1,0,6.7,5.9,"Vibrio cholerae,Salmonella typhi,Hepatitis A virus"
1,1,0,1,0,0,1,0,0,1,0,1,0,0,6.3,12.4,"Vibrio cholerae,Salmonella typhi,Shigella spp.,E. coli,Giardia lamblia,Cryptosporidium"
0,1,0,0,1,0,0,0,1,1,1,0,1,0,7.2,13.3,"Hepatitis A virus,Shigella spp.,Pseudomonas"
0,1,1,0,1,0,0,1,1,0,1,1,1,0,6.6,12.0,"Vibrio cholerae,Hepatitis A virus,Shigella spp.,Leptospira"
1,0,1,0,0,0,1,0,1,0,1,1,0,1,8.4,1.8,"Hepatitis A virus,Leptospira,Pseudomonas"
1,1,0,1,1,1,1,0,1,1,1,0,1,1,5.2,4.1,"Salmonella typhi,Hepatitis A virus,E. coli,Giardia lamblia,Pseudomonas"
0,1,0,1,1,0,0,0,0,1,0,0,1,1,7.5,10.6,"Shigella spp.,E. coli"
0,0,0,0,0,0,0,0,1,1,1,1,1,1,7.7,14.6,"Hepatitis A virus,Shigella spp.,Pseudomonas"
1,1,1,0,1,0,1,0,0,0,0,1,1,1,5.3,0.3,"Hepatitis A virus,Shigella spp.,Leptospira"
1,0,0,1,0,1,0,0,0,0,0,0,0,1,6.4,11.6,"Vibrio cholerae,Salmonella typhi,Shigella spp.,E. coli,Giardia lamblia,Cryptosporidium"
0,1,0,0,0,0,0,1,1,1,0,1,0,0,5.2,12.7,"Vibrio cholerae,Hepatitis A virus"
1,0,0,1,0,0,1,0,0,1,1,0,0,0,5.5,5.0,"Shigella spp.,E. coli,Pseudomonas"
0,0,1,0,0,1,1,1,0,1,0,0,0,0,7.5,5.3,Hepatitis A virus
1,1,0,1,1,1,1,0,0,1,1,0,1,1,5.1,12.9,"Vibrio cholerae,Salmonella typhi,Hepatitis A virus,E. coli,Pseudomonas"
1,1,0,1,1,0,1,0,0,1,0,0,1,0,7.3,5.9,"Hepatitis A virus,Shigella spp.,E. coli,Giardia lamblia,Cryptosporidium"
1,1,1,0,0,1,0,1,0,1,0,0,1,1,7.3,12.5,"Salmonella typhi,Hepatitis A virus,Shigella spp.,Cryptosporidium"
1,1,0,1,0,1,1,1,0,0,0,1,0,1,5.4,11.3,"Vibrio cholerae,Hepatitis A virus,Shigella spp.,E. coli,Giardia lamblia,Cryptosporidium"
1,0,0,1,1,0,0,1,0,1,1,0,1,1,5.8,3.8,"Shigella spp.,Giardia lamblia,Pseudomonas"
0,0,1,1,0,1,0,0,1,1,1,1,0,0,6.7,0.8,"Hepatitis A virus,Leptospira,Pseudomonas"
1,1,1,1,0,0,0,1,0,1,1,1,1,1,5.8,11.0,"Vibrio cholerae,Salmonella typhi,Hepatitis A virus,Shigella spp.,E. coli,Pseudomonas,Cryptosporidium"
1,0,0,1,1,1,0,0,1,0,1,0,0,0,7.2,6.9,"Salmonella typhi,Hepatitis A virus,Shigella spp.,Giardia lamblia,Pseudomonas,Cryptosporidium"
1,0,1,0,1,1,0,0,0,0,0,0,0,1,8.9,12.8,"Salmonella typhi,Hepatitis A virus,E. coli,Giardia lamblia,Cryptosporidium"
0,0,1,0,0,1,1,0,1,1,1,1,1,1,7.0,12.4,"Salmonella typhi,Hepatitis A virus,Shigella spp.,Leptospira"
0,1,0,1,0,1,1,1,0,1,0,1,1,1,5.3,3.6,"Salmonella typhi,Hepatitis A virus,Giardia lamblia"
1,0,0,0,0,1,0,0,0,1,1,0,1,0,7.0,1.1,"Shigella spp.,Pseudomonas"
1,1,1,1,1,1,1,1,1,0,0,0,1,1,6.1,11.7,"Vibrio cholerae,Salmonella typhi,Hepatitis A virus,Cryptosporidium"
0,1,1,1,0,0,1,0,1,1,1,1,1,0,8.0,2.4,"Salmonella typhi,Shigella spp.,Leptospira,Pseudomonas"
0,1,0,0,1,1,0,1,1,0,1,0,0,0,6.6,12.6,"Vibrio cholerae,Salmonella typhi,Hepatitis A virus,Giardia lamblia,Pseudomonas"
1,0,1,0,1,1,1,1,0,0,1,1,0,0,5.4,4.7,"Salmonella typhi,Hepatitis A virus,E. coli,Giardia lamblia,Pseudomonas"
0,0,1,1,1,1,0,0,1,0,1,1,0,0,6.3,14.0,"Salmonella typhi,Shigella spp.,E. coli,Leptospira,Pseudomonas"
1,1,0,0,1,1,0,0,0,1,0,1,0,1,7.6,10.2,"Salmonella typhi,Hepatitis A virus,E. coli,Giardia lamblia"
1,1,1,0,0,0,1,0,0,0,1,1,1,1,5.1,0.8,"Shigella spp.,Leptospira,Pseudomonas"
0,0,0,1,0,1,1,0,0,1,1,0,0,1,6.2,7.6,"Salmonella typhi,Shigella spp."
0,1,1,0,0,0,1,0,1,0,1,0,0,0,6.0,6.4,"Vibrio cholerae,Salmonella typhi,Pseudomonas"
1,0,1,1,0,0,1,1,1,1,1,1,1,1,8.4,10.4,"Hepatitis A virus,E. coli,Leptospira,Pseudomonas,Cryptosporidium"
0,1,1,1,0,1,1,1,0,0,0,1,0,0,8.7,8.0,"Salmonella typhi,Hepatitis A virus,Shigella spp.,E. coli,Giardia lamblia,Leptospira"
0,0,0,0,0,0,0,0,0,1,1,0,0,1,5.7,2.5,Pseudomonas
1,0,0,0,1,0,0,0,1,0,1,1,1,1,5.4,1.3,Pseudomonas
0,1,0,0,0,0,0,0,0,1,0,0,1,1,5.3,10.5,"Vibrio cholerae,Shigella spp."
1,1,0,0,1,0,0,0,1,1,1,1,0,0,5.1,1.9,Pseudomonas
1,1,1,0,0,0,0,1,0,0,1,1,0,0,5.8,10.0,"Vibrio cholerae,Salmonella typhi,Hepatitis A virus,E. coli,Leptospira,Pseudomonas,Cryptosporidium"
1,0,0,0,0,0,1,1,0,1,0,1,1,1,7.8,10.3,"Hepatitis A virus,E. coli,Cryptosporidium"
0,0,0,1,1,0,1,1,1,0,1,0,0,1,7.1,3.4,"Salmonella typhi,Hepatitis A virus,Shigella spp.,Giardia lamblia,Pseudomonas"
1,0,1,0,0,0,0,0,0,1,1,1,1,0,6.6,7.5,"Vibrio cholerae,Salmonella typhi,Shigella spp.,E. coli,Leptospira,Pseudomonas,Cryptosporidium"
1,0,1,0,0,1,0,1,0,0,0,1,0,0,6.1,11.0,"Vibrio cholerae,Salmonella typhi,Hepatitis A virus,E. coli,Leptospira,Cryptosporidium"
0,0,0,1,0,1,0,1,1,0,1,0,0,1,7.7,6.1,"Salmonella typhi,Hepatitis A virus,Shigella spp.,Giardia lamblia,Pseudomonas"
1,1,0,1,0,0,1,1,0,0,1,0,1,1,8.2,12.5,"Salmonella typhi,Hepatitis A virus,Shigella spp.,Pseudomonas,Cryptosporidium"
0,1,0,1,0,1,1,0,0,0,1,1,1,0,5.5,6.3,"Vibrio cholerae,Salmonella typhi,Shigella spp.,E. coli,Giardia lamblia,Pseudomonas"
0,1,1,0,0,0,0,0,0,1,0,1,0,0,6.1,14.8,"Vibrio cholerae,Salmonella typhi"
0,1,0,0,0,0,1,0,0,0,1,1,0,1,6.6,13.6,"Vibrio cholerae,Salmonella typhi,Pseudomonas"
0,0,1,1,0,0,0,1,0,0,0,0,1,0,6.6,0.4,"Hepatitis A virus,Shigella spp."
1,0,1,0,1,0,0,1,0,0,1,1,0,1,5.5,6.4,"Vibrio cholerae,Salmonella typhi,Hepatitis A virus,E. coli,Giardia lamblia,Leptospira,Pseudomonas"
1,1,1,1,1,0,0,0,1,0,1,0,0,0,5.5,13.5,"Vibrio cholerae,Salmonella typhi,Hepatitis A virus,Shigella spp.,Giardia lamblia,Pseudomonas,Cryptosporidium"
0,0,1,1,0,0,1,0,1,0,1,1,0,1,5.7,8.8,"Hepatitis A virus,Shigella spp.,E. coli,Leptospira,Pseudomonas"
0,1,1,0,0,0,0,1,1,0,1,1,0,1,7.1,7.5,"Salmonella typhi,Hepatitis A virus,Leptospira,Pseudomonas"
0,0,0,1,1,0,0,0,1,1,1,1,1,0,5.5,4.4,"Hepatitis A virus,E. coli,Giardia lamblia,Pseudomonas"
1,0,1,0,0,1,0,0,1,1,0,1,1,1,6.0,5.8,"Vibrio cholerae,Salmonella typhi,Hepatitis A virus,Shigella spp.,E. coli,Leptospira,Cryptosporidium"
0,0,1,1,0,1,0,1,1,1,1,1,1,0,8.0,8.2,"Salmonella typhi,Hepatitis A virus,Shigella spp.,E. coli,Giardia lamblia,Leptospira,Pseudomonas"
0,0,1,1,1,1,0,0,1,1,1,0,1,0,6.3,10.2,"Salmonella typhi,Hepatitis A virus,Shigella spp.,E. coli,Giardia lamblia,Pseudomonas"
1,1,0,0,1,0,1,0,0,1,1,1,1,1,8.0,11.8,"Hepatitis A virus,Shigella spp.,Giardia lamblia,Pseudomonas,Cryptosporidium"
1,1,1,0,0,1,0,0,1,0,1,1,1,1,6.6,3.4,"Salmonella typhi,Shigella spp.,Leptospira,Pseudomonas"
1,0,0,0,0,0,0,1,1,0,0,0,1,1,8.5,7.4,"Hepatitis A virus,Shigella spp.,E. coli"
1,0,0,1,1,1,0,0,1,1,1,0,1,1,5.2,8.5,"Vibrio cholerae,Salmonella typhi,Shigella spp.,E. coli,Giardia lamblia,Cryptosporidium"
1,0,1,0,0,1,0,1,1,1,1,0,0,1,7.6,5.2,"Salmonella typhi,Hepatitis A virus,E. coli,Pseudomonas,Cryptosporidium"
1,0,0,1,1,1,0,0,0,1,0,0,0,0,6.3,6.1,"Vibrio cholerae,Shigella spp.,E. coli,Giardia lamblia,Cryptosporidium"
1,1,0,0,1,1,1,0,1,1,1,0,0,0,9.0,9.8,"Salmonella typhi,Hepatitis A virus,E. coli,Giardia lamblia,Pseudomonas,Cryptosporidium"
0,0,0,0,1,0,1,1,1,1,1,0,0,0,8.7,14.2,"Hepatitis A virus,Giardia lamblia,Pseudomonas"
1,1,1,1,1,0,0,0,1,1,0,1,0,0,6.4,0.6,"Hepatitis A virus,Leptospira"
0,1,1,1,1,1,0,0,1,1,0,0,1,1,7.2,7.6,"Salmonella typhi,Shigella spp.,E. coli,Giardia lamblia"
0,1,1,0,0,1,1,1,0,1,0,0,1,1,8.1,8.0,"Hepatitis A virus,Shigella spp."
0,1,1,0,1,1,1,1,1,0,1,1,0,1,6.5,3.4,"Salmonella typhi,Hepatitis A virus,Leptospira,Pseudomonas"
0,0,0,0,1,0,1,1,0,0,0,0,1,0,5.1,8.7,"Salmonella typhi,Hepatitis A virus,Shigella spp.,Giardia lamblia"
0,0,1,0,0,1,1,1,0,1,1,0,1,0,8.2,2.6,"Salmonella typhi,Hepatitis A virus,Shigella spp.,Pseudomonas"
0,0,0,0,0,0,1,1,1,0,0,0,0,1,7.5,10.8,"Salmonella typhi,Hepatitis A virus"
1,1,1,0,0,1,0,0,1,1,0,1,1,1,6.4,6.5,"Vibrio cholerae,Salmonella typhi,Hepatitis A virus,Leptospira,Cryptosporidium"
1,0,1,0,1,1,1,1,0,1,0,0,0,1,5.2,1.2,Hepatitis A virus
0,0,0,0,0,0,1,1,0,0,0,0,1,1,5.2,10.3,"Salmonella typhi,Hepatitis A virus,Shigella spp."
0,0,1,0,1,1,1,1,1,0,1,1,1,1,7.2,12.7,"Salmonella typhi,Giardia lamblia,Leptospira,Pseudomonas"
1,0,0,0,0,1,0,1,1,1,0,1,1,1,8.2,3.5,"Hepatitis A virus,Shigella spp."
0,0,1,0,1,1,1,0,0,0,0,0,0,1,6.8,4.6,"Salmonella typhi,Giardia lamblia"
0,1,1,1,1,0,0,1,1,0,1,1,1,0,8.9,5.1,"Shigella spp.,E. coli,Giardia lamblia,Leptospira,Pseudomonas"
1,1,1,1,0,0,1,0,0,0,0,1,1,0,6.7,7.5,"Vibrio cholerae,Salmonella typhi,Shigella spp.,E. coli,Leptospira,Cryptosporidium"
0,0,1,1,1,1,1,0,0,1,0,0,1,0,7.3,10.7,"Salmonella typhi,Shigella spp.,E. coli,Giardia lamblia"
0,0,1,1,0,0,1,0,1,0,1,0,1,0,7.7,12.1,"Salmonella typhi,Hepatitis A virus,Shigella spp.,Giardia lamblia,Pseudomonas"
0,0,1,1,0,1,0,0,0,0,1,1,1,1,6.4,12.1,"Salmonella typhi,Shigella spp.,E. coli,Leptospira,Pseudomonas"
1,0,1,1,1,0,1,0,0,1,1,1,1,0,8.7,5.3,"Salmonella typhi,Shigella spp.,E. coli,Giardia lamblia,Leptospira,Pseudomonas,Cryptosporidium"
0,0,1,1,1,1,0,0,1,0,0,0,0,0,8.0,1.8,"Hepatitis A virus,Shigella spp."
0,0,0,1,0,1,0,1,0,1,1,1,1,1,8.1,3.3,"Hepatitis A virus,Shigella spp.,Pseudomonas"
1,0,1,1,0,0,1,0,0,0,0,0,0,0,5.2,11.5,"Vibrio cholerae,Salmonella typhi,Shigella spp.,E. coli,Giardia lamblia,Cryptosporidium"
0,1,1,0,1,0,0,0,1,0,0,1,1,1,5.3,7.1,"Vibrio cholerae,Shigella spp.,Giardia lamblia,Leptospira"
1,1,0,0,0,1,0,0,0,1,1,1,1,0,8.9,6.0,"Salmonella typhi,Shigella spp.,E. coli,Pseudomonas,Cryptosporidium"
1,0,0,1,1,1,0,0,1,0,1,0,1,0,5.7,14.4,"Vibrio cholerae,Salmonella typhi,Hepatitis A virus,Shigella spp.,E. coli,Giardia lamblia,Cryptosporidium"
0,0,1,0,0,0,1,1,0,1,0,1,0,0,5.9,3.4,"Salmonella typhi,Hepatitis A virus,Leptospira"
0,1,1,0,1,1,1,1,0,0,0,1,1,1,7.9,14.4,"Hepatitis A virus,Shigella spp.,Giardia lamblia"
1,1,0,0,0,1,1,1,1,0,1,0,0,0,8.4,14.8,"Salmonella typhi,E. coli,Pseudomonas,Cryptosporidium"
1,0,0,0,1,1,0,0,0,0,1,0,1,0,8.8,0.2,Pseudomonas
1,0,0,0,0,0,0,0,0,1,0,0,0,1,7.1,3.9,None
0,0,1,0,0,1,0,1,1,0,0,1,1,1,5.2,9.8,"Salmonella typhi,Hepatitis A virus,Shigella spp.,Leptospira"
1,0,0,0,1,1,1,1,1,1,1,0,0,0,6.4,10.5,"Vibrio cholerae,Hepatitis A virus,E. coli,Giardia lamblia,Cryptosporidium"
0,0,0,1,1,1,1,0,1,0,0,0,1,1,6.2,13.0,"Hepatitis A virus,E. coli,Giardia lamblia"
0,0,1,1,1,1,1,0,1,1,1,1,1,0,6.0,5.7,"Salmonella typhi,Hepatitis A virus,Shigella spp.,E. coli,Giardia lamblia,Leptospira,Pseudomonas"
0,1,0,1,0,0,0,0,0,0,1,0,0,0,6.3,3.2,"Shigella spp.,Giardia lamblia,Pseudomonas"
0,1,1,1,1,0,1,1,1,1,0,0,1,0,7.0,9.7,"Salmonella typhi,Hepatitis A virus,Giardia lamblia"
0,0,0,0,1,1,0,1,0,1,1,1,0,0,5.8,14.3,"Hepatitis A virus,Giardia lamblia"
0,1,0,1,0,0,1,1,0,1,1,1,0,1,5.6,3.5,"Shigella spp.,Pseudomonas"
0,0,1,1,0,1,0,0,0,1,1,0,0,1,6.7,3.3,"Salmonella typhi,Shigella spp.,Giardia lamblia,Pseudomonas"
0,0,1,0,1,0,1,1,1,1,0,0,1,1,6.5,8.3,"Salmonella typhi,Hepatitis A virus,Shigella spp.,Giardia lamblia"
0,0,1,1,1,1,0,1,0,0,1,0,0,1,6.0,14.1,"Hepatitis A virus,Shigella spp.,E. coli,Pseudomonas"
1,0,1,0,0,0,0,0,0,1,0,1,0,0,6.2,2.8,Leptospira
0,0,0,0,1,1,0,1,1,1,0,0,0,1,5.7,4.2,"Salmonella typhi,Hepatitis A virus,Giardia lamblia"
1,0,0,0,0,0,0,1,1,0,1,1,0,1,7.0,8.8,"Hepatitis A virus,E. coli,Pseudomonas,Cryptosporidium"
0,0,0,1,0,1,1,1,1,0,0,1,1,0,7.7,4.6,"Salmonella typhi,Hepatitis A virus,Shigella spp.,Giardia lamblia"
0,1,1,0,1,0,1,0,0,0,0,1,0,1,6.3,11.1,"Vibrio cholerae,Giardia lamblia,Leptospira"
0,1,1,0,1,1,1,1,0,0,1,1,0,0,6.9,13.7,"Vibrio cholerae,Salmonella typhi,Hepatitis A virus,Leptospira,Pseudomonas"
1,0,0,1,1,1,1,1,0,0,0,1,0,1,6.8,9.3,"Vibrio cholerae,Salmonella typhi,Hepatitis A virus,E. coli"
0,0,1,1,1,1,1,1,0,0,0,0,1,1,8.5,5.8,"Salmonella typhi,Hepatitis A virus,Shigella spp.,E. coli,Giardia lamblia"
1,1,0,1,0,1,1,1,0,1,0,0,0,0,8.3,11.4,"Salmonella typhi,Hepatitis A virus,Shigella spp.,E. coli,Giardia lamblia,Cryptosporidium"
0,1,1,1,0,0,0,1,0,1,1,1,1,1,6.7,1.7,"Hepatitis A virus,Leptospira"
1,1,0,0,0,0,0,1,1,0,0,1,1,1,6.2,3.9,"Hepatitis A virus,Shigella spp."
0,1,0,1,1,1,1,0,1,0,1,0,0,0,7.0,12.2,"Salmonella typhi,Hepatitis A virus,Shigella spp.,E. coli,Giardia lamblia,Pseudomonas"
1,0,0,0,0,0,1,1,1,1,1,0,0,1,6.9,9.7,"Vibrio cholerae,Salmonella typhi,Hepatitis A virus,E. coli,Pseudomonas,Cryptosporidium"
0,0,0,1,1,1,0,1,0,0,1,1,0,1,6.7,0.1,"Hepatitis A virus,Shigella spp.,Pseudomonas"
0,1,1,0,1,1,0,1,0,1,1,0,0,1,6.1,13.0,"Vibrio cholerae,Salmonella typhi,Hepatitis A virus,Pseudomonas"
1,1,1,0,0,1,1,1,0,0,1,0,0,0,8.6,1.4,"Hepatitis A virus,Pseudomonas"
1,0,1,0,0,1,1,0,1,0,1,1,1,0,6.2,0.0,"Hepatitis A virus,Leptospira,Pseudomonas"
1,1,1,0,0,1,1,1,0,0,1,1,1,0,6.7,12.8,"Vibrio cholerae,Salmonella typhi,Hepatitis A virus,Shigella spp.,E. coli,Leptospira,Pseudomonas"
1,0,0,0,0,1,1,0,1,1,1,1,0,0,6.6,11.6,"Vibrio cholerae,E. coli,Pseudomonas,Cryptosporidium"
1,0,1,0,1,0,1,0,1,0,0,1,1,1,6.4,3.6,"Salmonella typhi,Hepatitis A virus,Shigella spp.,Giardia lamblia,Leptospira"
0,1,0,0,0,1,1,1,1,0,1,0,1,1,6.2,11.8,"Vibrio cholerae,Salmonella typhi,Shigella spp.,Pseudomonas"
0,0,1,0,1,0,0,1,1,0,1,0,0,0,6.1,3.3,"Salmonella typhi,Hepatitis A virus,Pseudomonas"
0,1,0,1,0,1,1,1,1,0,0,1,0,0,5.0,9.2,"Vibrio cholerae,Salmonella typhi,Hepatitis A virus,Shigella spp.,E. coli"
1,0,1,0,1,1,1,1,0,1,1,0,0,1,5.1,12.0,"Vibrio cholerae,Salmonella typhi,Hepatitis A virus,E. coli,Pseudomonas"
0,0,1,0,1,0,0,0,0,0,1,1,0,0,6.9,5.9,"Salmonella typhi,Hepatitis A virus,Giardia lamblia,Leptospira"
1,1,0,0,0,1,0,1,1,1,1,0,0,0,8.5,14.7,"Salmonella typhi,E. coli,Cryptosporidium"
0,1,1,0,0,1,0,1,1,0,1,0,0,0,5.6,9.7,"Hepatitis A virus,Pseudomonas"
1,0,0,0,1,0,1,0,0,0,0,1,1,0,6.9,7.6,"Vibrio cholerae,Salmonella typhi,Hepatitis A virus,Shigella spp.,E. coli,Giardia lamblia,Cryptosporidium"
1,1,0,1,0,1,1,0,0,1,0,1,0,0,6.2,10.3,"Vibrio cholerae,Salmonella typhi,E. coli,Cryptosporidium"
1,0,1,0,0,1,0,0,1,0,1,1,0,0,5.7,8.6,"Salmonella typhi,Hepatitis A virus,E. coli,Leptospira,Pseudomonas"
1,0,0,0,1,0,0,0,0,1,0,0,0,1,8.0,13.8,"E. coli,Giardia lamblia"
0,0,0,0,1,1,1,0,0,0,1,1,0,0,7.7,8.3,"Salmonella typhi,Hepatitis A virus,Giardia lamblia,Pseudomonas"
0,1,1,0,1,1,1,1,1,0,0,1,1,1,5.7,12.8,"Salmonella typhi,Hepatitis A virus,Shigella spp.,Giardia lamblia,Leptospira"
0,1,1,0,0,0,1,0,0,1,0,1,0,0,6.0,10.7,"Vibrio cholerae,Salmonella typhi,Leptospira"
0,1,1,0,1,1,0,0,0,1,1,0,1,1,8.3,11.0,"Salmonella typhi,Hepatitis A virus,Shigella spp.,Giardia lamblia,Pseudomonas"
0,1,1,1,0,1,1,0,0,1,1,0,0,1,5.7,0.2,"Shigella spp.,Pseudomonas"
0,0,0,1,0,1,0,0,1,0,1,0,0,0,6.4,7.8,"Salmonella typhi,Hepatitis A virus,Shigella spp.,E. coli,Giardia lamblia,Pseudomonas"
0,1,1,0,0,0,0,0,0,0,0,0,1,1,6.5,9.2,"Vibrio cholerae,Salmonella typhi"
0,0,0,0,1,0,1,1,0,0,0,1,1,0,7.6,2.1,"Hepatitis A virus,Shigella spp."
0,0,0,1,1,1,0,1,1,0,0,1,1,0,6.6,3.4,"Hepatitis A virus,Giardia lamblia"
0,1,1,1,0,0,0,1,1,0,1,0,1,1,7.5,8.0,"Salmonella typhi,Shigella spp.,Pseudomonas"
1,1,1,0,0,1,1,0,0,1,1,1,0,0,5.9,7.0,"Vibrio cholerae,Salmonella typhi,Pseudomonas,Cryptosporidium"
0,1,0,0,1,0,0,1,1,0,0,0,0,0,8.5,5.6,"Hepatitis A virus,Giardia lamblia"
1,0,0,1,0,1,1,1,0,1,0,0,1,0,6.8,7.4,"Vibrio cholerae,Salmonella typhi,Hepatitis A virus,Shigella spp.,E. coli,Giardia lamblia,Cryptosporidium"
1,0,0,1,0,0,0,1,1,1,1,0,0,0,8.9,2.6,"Shigella spp.,Pseudomonas"
0,1,1,0,0,0,0,0,0,0,1,1,0,0,8.7,1.4,"Leptospira,Pseudomonas"
0,1,1,1,1,0,1,0,1,0,0,0,0,1,8.5,13.9,"Salmonella typhi,Hepatitis A virus,Shigella spp.,E. coli,Giardia lamblia"
0,0,1,0,1,1,0,0,1,1,0,0,1,1,7.0,3.1,"Hepatitis A virus,Shigella spp.,Giardia lamblia"
1,1,0,1,1,1,0,1,0,1,1,0,1,1,7.9,7.7,"Salmonella typhi,Hepatitis A virus,E. coli,Pseudomonas,Cryptosporidium"
1,0,1,0,0,0,1,1,0,1,0,0,1,0,5.7,4.4,"Salmonella typhi,Hepatitis A virus,Shigella spp.,E. coli"
0,0,0,0,1,1,1,0,0,0,1,0,1,0,7.5,12.3,"Salmonella typhi,Hepatitis A virus,Shigella spp.,Giardia lamblia,Pseudomonas"
1,1,0,1,1,0,0,1,0,0,1,1,1,1,6.8,5.3,"Vibrio cholerae,Hepatitis A virus,Shigella spp.,E. coli,Pseudomonas,Cryptosporidium"
0,1,0,1,0,0,0,0,0,0,1,1,1,0,5.0,4.7,"Giardia lamblia,Pseudomonas"
1,1,0,1,0,0,0,0,1,1,1,1,0,1,5.1,7.3,"Vibrio cholerae,Hepatitis A virus,E. coli,Pseudomonas,Cryptosporidium"
0,0,1,1,0,0,1,1,1,1,1,1,0,0,5.7,4.5,"Salmonella typhi,Hepatitis A virus,E. coli,Giardia lamblia,Pseudomonas"
0,1,0,0,0,0,0,1,1,1,0,0,0,1,7.5,4.0,Hepatitis A virus
0,0,1,1,1,0,0,1,0,1,1,0,0,1,7.9,6.6,"Salmonella typhi,Hepatitis A virus,Shigella spp.,E. coli,Giardia lamblia,Pseudomonas"
0,0,0,0,0,1,1,1,0,1,1,0,1,0,7.1,2.5,"Hepatitis A virus,Shigella spp.,Pseudomonas"
0,1,0,0,1,0,1,0,0,0,1,0,1,1,7.0,1.8,"Hepatitis A virus,Shigella spp."
0,0,1,1,1,1,0,1,1,0,0,0,0,1,5.4,5.9,"Salmonella typhi,Hepatitis A virus,Shigella spp.,E. coli,Giardia lamblia"
1,1,0,0,0,0,0,1,0,0,0,1,1,1,6.1,6.6,"Vibrio cholerae,Hepatitis A virus,Shigella spp.,E. coli,Cryptosporidium"
0,0,1,1,1,1,1,1,1,1,1,0,0,1,8.7,12.9,"Salmonella typhi,Hepatitis A virus,Shigella spp.,E. coli,Giardia lamblia,Pseudomonas"
0,0,0,1,0,1,0,0,1,0,0,1,0,1,6.1,14.2,"Salmonella typhi,Giardia lamblia"
1,0,1,0,0,1,0,0,1,0,1,0,0,0,5.8,12.5,"Vibrio cholerae,Salmonella typhi,Hepatitis A virus,E. coli,Pseudomonas"
1,1,1,1,0,0,0,0,0,1,1,1,1,0,7.8,3.5,"Salmonella typhi,Shigella spp.,Giardia lamblia,Pseudomonas"
0,0,1,0,1,1,1,1,1,1,0,1,0,0,8.2,10.3,"Salmonella typhi,Hepatitis A virus,Leptospira"
0,0,1,1,1,0,1,0,1,0,1,0,0,1,8.1,10.5,"Hepatitis A virus,Shigella spp.,Giardia lamblia"
0,0,0,1,1,0,0,1,0,0,1,0,0,0,7.3,3.6,"Hepatitis A virus,Shigella spp.,Giardia lamblia,Pseudomonas"
0,0,0,0,1,0,0,1,0,0,0,0,1,1,5.5,8.1,"Hepatitis A virus,Shigella spp.,Giardia lamblia"
1,1,1,0,0,1,1,0,1,1,1,0,0,0,8.8,0.6,"Hepatitis A virus,Pseudomonas"
1,0,0,1,0,0,0,0,0,0,0,1,1,0,8.3,11.2,"Shigella spp.,E. coli,Giardia lamblia,Cryptosporidium"
1,1,0,1,1,1,1,1,1,1,0,1,1,0,7.1,0.3,"Hepatitis A virus,Shigella spp."
1,1,1,0,0,0,0,1,1,0,1,0,0,0,7.7,11.9,"Salmonella typhi,Hepatitis A virus,E. coli,Pseudomonas"
1,0,1,0,1,0,0,1,1,1,0,0,0,0,6.3,5.9,"Vibrio cholerae,Hepatitis A virus,E. coli,Giardia lamblia,Cryptosporidium"
0,0,1,0,0,0,1,1,1,0,0,1,1,0,8.6,1.5,"Hepatitis A virus,Shigella spp."
1,0,1,0,1,0,1,0,1,1,0,0,0,0,8.2,14.3,"Salmonella typhi,Hepatitis A virus,E. coli,Giardia lamblia,Cryptosporidium"
0,1,0,1,0,0,0,0,1,0,1,1,0,0,7.5,13.9,"Hepatitis A virus,E. coli,Giardia lamblia,Pseudomonas"
1,0,0,0,1,0,0,0,0,0,1,0,1,1,8.6,7.4,"Hepatitis A virus,E. coli,Giardia lamblia,Pseudomonas,Cryptosporidium"
1,1,1,1,1,1,0,1,0,1,0,0,0,0,7.3,14.9,"Hepatitis A virus,E. coli,Giardia lamblia,Cryptosporidium"
0,1,0,1,1,1,0,0,0,1,1,0,0,1,6.3,2.6,"Salmonella typhi,Shigella spp."
1,1,1,1,0,1,0,1,0,1,0,0,1,1,6.8,3.6,"Salmonella typhi,Shigella spp.,Giardia lamblia"
0,0,0,1,0,0,1,0,1,0,1,1,0,0,7.0,3.0,"Salmonella typhi,Hepatitis A virus,Shigella spp."
0,0,1,0,1,0,1,1,0,1,1,0,1,0,5.6,14.5,"Salmonella typhi,Shigella spp.,Giardia lamblia,Pseudomonas"
0,0,1,0,0,1,1,1,0,1,0,0,0,0,5.5,1.6,Hepatitis A virus
0,0,0,1,0,1,1,1,0,0,1,1,1,1,5.6,12.5,"Salmonella typhi,Hepatitis A virus,Shigella spp.,E. coli,Giardia lamblia,Pseudomonas"
1,0,0,0,1,0,0,1,1,0,0,1,1,1,5.5,6.1,"Vibrio cholerae,Hepatitis A virus,Shigella spp.,E. coli"
0,1,0,1,0,1,1,0,1,1,1,1,1,0,7.3,5.6,"Salmonella typhi,Shigella spp.,E. coli,Giardia lamblia,Pseudomonas"
0,0,1,0,0,1,0,0,1,0,1,1,0,1,8.3,6.9,"Hepatitis A virus,Leptospira,Pseudomonas"
0,1,1,1,1,0,1,0,0,0,0,0,1,1,5.4,8.2,"Vibrio cholerae,Salmonella typhi,Hepatitis A virus,Giardia lamblia"
1,1,0,0,0,1,1,0,0,1,0,0,0,0,6.7,13.9,"Vibrio cholerae,Salmonella typhi,E. coli,Cryptosporidium"
1,0,1,1,1,1,1,0,1,0,1,0,0,0,6.5,10.5,"Vibrio cholerae,Salmonella typhi,Hepatitis A virus,Shigella spp.,E. coli,Giardia lamblia,Pseudomonas"
1,1,0,0,0,0,1,1,0,1,0,0,0,1,8.8,5.5,"Salmonella typhi,Hepatitis A virus,E. coli"
0,1,1,1,0,0,0,1,0,1,0,0,1,1,7.7,12.3,"Salmonella typhi,Shigella spp.,E. coli,Giardia lamblia"
1,0,1,1,0,1,1,0,1,1,1,0,0,0,7.6,6.8,"Hepatitis A virus,E. coli,Giardia lamblia,Pseudomonas,Cryptosporidium"
0,1,0,0,0,0,0,1,0,1,0,0,1,1,8.5,0.7,"Hepatitis A virus,Shigella spp."
0,0,0,0,0,0,1,1,1,1,0,1,1,1,8.2,13.7,"Salmonella typhi,Hepatitis A virus,Shigella spp."
0,0,1,0,0,0,0,1,0,0,1,0,0,0,9.0,5.8,"Hepatitis A virus,Pseudomonas"
1,0,1,1,1,0,1,1,1,0,1,1,1,1,7.2,10.3,"Salmonella typhi,Hepatitis A virus,Shigella spp.,Giardia lamblia,Leptospira,Pseudomonas,Cryptosporidium"
1,0,0,1,1,1,0,0,1,0,0,1,0,0,5.6,13.9,"Vibrio cholerae,Salmonella typhi,Hepatitis A virus,Shigella spp.,E. coli,Giardia lamblia"
0,1,1,0,1,1,0,0,0,1,1,1,0,1,5.8,3.8,"Salmonella typhi,Hepatitis A virus,Giardia lamblia,Leptospira,Pseudomonas"
0,0,1,1,1,1,1,1,1,1,1,1,0,0,7.4,2.3,"Salmonella typhi,Hepatitis A virus,Pseudomonas"
0,1,1,1,0,1,0,1,1,1,0,0,0,0,8.4,2.9,"Salmonella typhi,Hepatitis A virus,Shigella spp."
1,0,1,0,0,0,1,0,0,0,0,1,1,1,8.0,7.5,"Salmonella typhi,Shigella spp.,E. coli,Leptospira"
0,1,0,1,0,0,1,1,0,0,0,1,0,1,6.3,5.2,"Vibrio cholerae,Salmonella typhi,Hepatitis A virus,Shigella spp.,E. coli,Giardia lamblia"
1,0,1,1,1,0,0,1,1,1,0,0,0,0,6.8,12.1,"Vibrio cholerae,Salmonella typhi,Hepatitis A virus,Shigella spp.,E. coli,Giardia lamblia,Cryptosporidium"
1,0,1,1,1,0,1,1,0,1,1,0,0,0,5.5,2.9,"Salmonella typhi,Hepatitis A virus,Shigella spp.,Pseudomonas"
1,1,1,1,1,1,1,0,0,1,1,0,0,1,6.1,9.7,"Vibrio cholerae,Salmonella typhi,Hepatitis A virus,Shigella spp.,E. coli,Giardia lamblia,Pseudomonas,Cryptosporidium"
0,0,0,0,0,0,1,1,0,0,1,0,1,1,5.5,10.8,"Shigella spp.,Pseudomonas"
0,0,1,1,0,1,1,0,1,1,0,0,1,0,5.2,6.0,"Salmonella typhi,Hepatitis A virus,Shigella spp.,E. coli,Giardia lamblia"
1,1,1,0,0,1,0,0,1,1,1,1,1,0,8.8,5.4,"Salmonella typhi,Hepatitis A virus,Shigella spp.,Leptospira,Pseudomonas,Cryptosporidium"
1,0,1,0,0,1,0,0,1,1,1,0,1,1,8.6,13.6,"Salmonella typhi,Hepatitis A virus,Shigella spp.,E. coli,Pseudomonas,Cryptosporidium"
0,0,1,1,1,0,0,1,1,1,0,0,0,0,9.0,5.5,"Salmonella typhi,Hepatitis A virus,Shigella spp.,E. coli"
1,0,1,1,0,0,1,0,0,1,1,0,0,0,6.3,4.9,"Salmonella typhi,Shigella spp.,E. coli,Giardia lamblia,Pseudomonas"
1,1,0,0,0,1,0,0,0,1,0,1,1,0,5.7,8.5,"Vibrio cholerae,Salmonella typhi,Shigella spp.,Cryptosporidium"
0,0,0,0,0,0,1,1,0,1,1,0,1,1,7.0,3.3,"Salmonella typhi,Hepatitis A virus,Shigella spp.,Pseudomonas"
1,1,1,0,0,1,0,1,0,0,0,1,0,0,6.6,12.0,"Salmonella typhi,Hepatitis A virus,Cryptosporidium"
1,1,0,0,1,0,1,0,1,0,0,0,0,0,6.5,12.1,"Vibrio cholerae,Salmonella typhi,Hepatitis A virus,E. coli,Giardia lamblia,Cryptosporidium"
1,1,1,1,0,1,0,0,1,0,1,0,1,1,6.4,0.7,"Hepatitis A virus,Shigella spp.,Pseudomonas"
0,1,0,1,0,0,0,1,0,0,0,1,0,1,8.4,3.8,"Hepatitis A virus,Giardia lamblia"
0,0,0,1,1,0,1,1,1,0,0,1,1,1,7.5,11.4,"Salmonella typhi,Hepatitis A virus,Shigella spp.,E. coli,Giardia lamblia"
1,0,0,0,1,0,1,0,0,0,1,0,0,1,5.9,13.7,"Vibrio cholerae,Salmonella typhi,Hepatitis A virus,E. coli,Giardia lamblia,Pseudomonas"
1,1,0,1,1,0,0,1,1,1,1,1,1,0,6.8,14.3,"Vibrio cholerae,Hepatitis A virus,Shigella spp.,E. coli,Pseudomonas,Cryptosporidium"
1,0,1,1,1,0,0,1,0,0,0,1,1,0,7.6,7.1,"Salmonella typhi,Shigella spp.,E. coli,Giardia lamblia"
0,1,1,0,1,1,1,1,0,1,0,1,1,0,8.0,14.5,"Salmonella typhi,Hepatitis A virus,Giardia lamblia,Leptospira"
0,0,1,0,1,0,0,1,0,0,0,1,1,1,7.4,5.9,"Salmonella typhi,Hepatitis A virus,Shigella spp.,Giardia lamblia,Leptospira"
0,0,1,1,0,1,0,0,0,0,0,0,0,1,8.4,6.9,"Shigella spp.,E. coli"
0,0,0,1,1,0,0,1,0,1,1,0,0,0,6.8,8.6,"E. coli,Pseudomonas"
1,0,1,1,0,0,1,0,1,0,1,0,1,0,6.1,14.2,"Vibrio cholerae,Salmonella typhi,Hepatitis A virus,Shigella spp.,Pseudomonas,Cryptosporidium"
1,1,0,0,0,0,0,0,1,1,0,1,1,1,5.0,9.5,"Vibrio cholerae,Hepatitis A virus,Shigella spp.,E. coli,Cryptosporidium"
0,0,0,0,0,1,0,0,0,1,1,1,1,0,5.1,10.5,"Shigella spp.,Pseudomonas"
1,1,0,0,1,0,0,0,1,0,0,0,1,0,5.9,14.6,"Vibrio cholerae,Hepatitis A virus,Shigella spp.,E. coli,Giardia lamblia,Cryptosporidium"
0,0,0,1,1,1,0,1,0,0,0,1,1,0,6.9,6.7,"Salmonella typhi,Hepatitis A virus,Shigella spp.,E. coli,Giardia lamblia"
0,1,0,0,0,1,0,1,0,1,1,1,0,1,8.1,6.3,"Hepatitis A virus,Pseudomonas"
1,1,1,0,0,0,1,0,1,1,0,0,0,1,8.6,9.0,"Hepatitis A virus,E. coli"
1,0,1,1,0,0,0,1,1,0,1,0,0,0,7.1,1.1,"Shigella spp.,Pseudomonas"
1,1,1,1,1,1,0,0,0,0,1,0,0,0,6.9,10.8,"Vibrio cholerae,Salmonella typhi,Hepatitis A virus,Shigella spp.,E. coli,Giardia lamblia,Pseudomonas,Cryptosporidium"
1,1,0,1,1,1,0,1,1,0,1,0,1,0,5.3,4.8,"Shigella spp.,E. coli,Giardia lamblia,Pseudomonas"
0,1,1,0,1,1,1,0,1,0,1,1,1,1,9.0,4.1,"Hepatitis A virus,Shigella spp.,Giardia lamblia,Leptospira"
0,1,1,1,1,1,0,0,0,0,1,1,0,1,5.8,7.1,"Vibrio cholerae,Hepatitis A virus,Shigella spp.,E. coli,Giardia lamblia,Pseudomonas"
1,0,1,0,0,0,0,1,1,0,0,1,0,0,8.9,10.2,"Salmonella typhi,Hepatitis A virus,E. coli,Leptospira,Cryptosporidium"
1,0,1,1,1,1,1,0,1,1,1,0,0,1,6.1,8.9,"Vibrio cholerae,Salmonella typhi,Hepatitis A virus,Pseudomonas"
1,1,0,0,0,1,1,1,0,0,1,0,0,0,6.3,0.5,Pseudomonas
0,1,1,0,0,0,1,0,0,1,1,0,0,1,7.4,14.2,"Salmonella typhi,Pseudomonas"
1,0,0,0,0,0,1,0,1,1,1,0,0,0,5.7,1.7,"Hepatitis A virus,Pseudomonas"
1,1,1,0,1,0,1,0,1,1,1,1,0,0,6.2,14.1,"Vibrio cholerae,E. coli,Giardia lamblia,Leptospira,Pseudomonas,Cryptosporidium"
1,1,0,0,0,0,0,0,1,1,1,0,1,0,5.7,6.1,"Vibrio cholerae,Hepatitis A virus,Shigella spp.,E. coli"
1,1,0,0,1,0,0,0,0,0,1,0,1,1,5.1,9.3,"Vibrio cholerae,Shigella spp.,E. coli,Giardia lamblia,Pseudomonas"
0,0,0,0,0,0,0,0,0,1,0,0,1,1,6.8,12.5,Shigella spp.
1,0,1,0,0,1,0,1,0,1,0,0,1,0,8.6,12.8,"Salmonella typhi,Hepatitis A virus,Shigella spp.,E. coli,Cryptosporidium"
0,1,1,0,1,0,0,1,0,1,0,0,1,0,7.6,12.1,"Salmonella typhi,Hepatitis A virus,Shigella spp.,Giardia lamblia"
1,1,0,0,0,1,1,0,0,0,0,0,0,1,6.4,14.7,"Vibrio cholerae,Salmonella typhi,E. coli,Cryptosporidium"
0,0,1,0,1,1,1,0,0,0,0,1,0,0,6.0,1.3,Leptospira
1,1,1,1,1,1,1,1,0,0,1,1,0,1,5.4,8.3,"Vibrio cholerae,Salmonella typhi,Hepatitis A virus,E. coli,Giardia lamblia,Leptospira,Pseudomonas,Cryptosporidium"
1,1,0,0,1,0,1,0,1,0,1,0,0,1,8.1,12.1,"Salmonella typhi,E. coli,Giardia lamblia,Pseudomonas,Cryptosporidium"
0,1,1,0,1,1,0,0,1,1,1,0,0,1,8.9,10.6,"Hepatitis A virus,Giardia lamblia,Pseudomonas"
0,1,0,1,1,0,1,1,1,0,1,0,0,1,6.9,14.7,"Vibrio cholerae,Salmonella typhi,Hepatitis A virus,Shigella spp."
0,0,1,1,1,0,1,1,1,0,0,0,1,0,8.7,4.6,"Salmonella typhi,Hepatitis A virus,Shigella spp.,E. coli,Giardia lamblia"
1,1,1,1,1,1,1,1,1,1,1,0,1,1,7.3,4.2,"Salmonella typhi,Hepatitis A virus,E. coli,Giardia lamblia,Pseudomonas"
1,1,0,1,0,0,0,0,1,0,1,1,0,0,8.1,6.9,"Shigella spp.,Giardia lamblia,Pseudomonas,Cryptosporidium"
0,1,1,0,0,0,0,1,0,0,1,0,1,0,8.5,3.9,"Salmonella typhi,Hepatitis A virus,Shigella spp.,Pseudomonas"
0,1,0,1,1,1,0,1,0,0,0,1,0,0,8.1,13.8,"Salmonella typhi,Hepatitis A virus,Shigella spp.,E. coli,Giardia lamblia"
1,0,0,1,0,0,0,0,1,0,0,1,0,0,5.0,9.6,"Vibrio cholerae,Hepatitis A virus,Shigella spp.,E. coli"
0,1,1,0,1,1,1,1,0,1,0,0,1,0,8.6,2.5,"Salmonella typhi,Hepatitis A virus,Shigella spp."
0,0,1,1,0,0,1,0,0,0,1,0,0,0,8.6,10.7,"Salmonella typhi,E. coli,Giardia lamblia,Pseudomonas"
0,0,1,0,0,1,0,0,1,1,1,1,0,1,8.2,4.3,"Salmonella typhi,Hepatitis A virus"
1,1,0,0,0,0,0,1,1,1,0,1,0,0,7.7,4.8,"Hepatitis A virus,E. coli"
1,1,0,1,1,0,0,1,1,1,0,1,1,0,8.2,2.4,Hepatitis A virus
0,1,0,1,1,0,0,0,0,0,0,1,1,0,8.7,0.8,"Hepatitis A virus,Shigella spp."
1,0,0,0,0,0,0,1,1,1,1,0,0,0,5.7,0.4,"Hepatitis A virus,Pseudomonas"
0,0,1,1,1,0,1,1,0,0,0,0,0,0,7.7,1.8,Hepatitis A virus
0,0,1,1,0,0,1,0,0,0,1,0,1,0,6.1,7.2,"Salmonella typhi,Shigella spp.,E. coli,Giardia lamblia,Pseudomonas"
1,1,1,1,0,1,0,0,0,1,0,0,0,1,5.3,3.9,"Salmonella typhi,Shigella spp.,Giardia lamblia"
1,0,0,1,1,1,1,1,0,1,0,1,0,1,8.0,2.3,Shigella spp.
1,1,0,0,1,1,1,1,1,0,1,1,1,0,7.8,10.7,"Salmonella typhi,Hepatitis A virus,Giardia lamblia,Pseudomonas,Cryptosporidium"
0,0,0,0,1,0,0,1,0,0,0,1,1,0,8.9,0.5,Shigella spp.
1,0,1,1,0,1,1,0,1,0,0,1,1,1,8.0,12.7,"Hepatitis A virus,Shigella spp.,E. coli,Giardia lamblia,Leptospira"
0,1,0,1,1,0,1,1,1,1,1,0,0,1,9.0,14.5,"Salmonella typhi,Hepatitis A virus,Shigella spp.,E. coli,Pseudomonas"
0,1,0,1,0,0,0,1,1,1,1,1,0,1,5.5,12.9,"Vibrio cholerae,Hepatitis A virus,Shigella spp.,E. coli,Pseudomonas"
0,0,1,0,1,1,1,1,1,1,1,0,0,1,7.2,1.3,"Hepatitis A virus,Pseudomonas"
1,1,1,0,0,0,1,1,1,1,0,1,0,1,6.7,3.4,"Hepatitis A virus,Leptospira"
1,1,1,1,1,1,1,0,0,1,0,1,1,1,7.6,3.6,"Hepatitis A virus,Shigella spp.,Giardia lamblia"
1,1,1,1,0,0,1,1,1,1,1,1,0,0,8.3,13.9,"Salmonella typhi,Hepatitis A virus,Shigella spp.,Giardia lamblia,Leptospira,Pseudomonas,Cryptosporidium"
0,0,0,1,0,0,1,0,1,0,1,1,1,1,5.5,11.0,"Salmonella typhi,Hepatitis A virus,E. coli,Giardia lamblia,Pseudomonas"
1,1,1,1,0,1,1,0,1,0,0,1,0,1,7.3,4.9,"Salmonella typhi,Hepatitis A virus,Shigella spp.,Giardia lamblia,Leptospira"
1,1,0,1,1,1,1,0,1,1,1,1,1,0,7.3,10.3,"Shigella spp.,E. coli,Pseudomonas,Cryptosporidium"
0,0,0,1,1,0,1,1,1,0,1,0,0,0,6.8,0.7,"Hepatitis A virus,Shigella spp.,Pseudomonas"
0,0,0,0,0,1,0,0,0,1,0,1,1,1,8.5,8.6,"Salmonella typhi,Shigella spp."
0,1,0,0,0,1,0,1,1,1,0,1,1,0,8.9,14.2,"Salmonella typhi,Hepatitis A virus"
0,0,0,1,0,0,1,0,0,1,0,1,0,0,5.7,2.7,Salmonella typhi
0,1,0,0,0,0,0,1,0,0,0,0,0,0,8.8,8.7,Hepatitis A virus
1,0,0,0,1,1,1,1,0,0,0,0,0,0,5.6,13.9,"Vibrio cholerae,Salmonella typhi,Hepatitis A virus,E. coli,Cryptosporidium"
1,1,0,1,0,0,0,1,0,1,0,0,1,0,6.6,12.0,"Vibrio cholerae,Shigella spp.,E. coli,Giardia lamblia,Cryptosporidium"
1,1,0,1,1,0,1,1,0,0,0,0,1,0,7.9,11.7,"Hepatitis A virus,Shigella spp.,E. coli,Cryptosporidium"
1,1,0,0,1,1,0,0,0,1,1,1,0,0,8.1,8.6,"Salmonella typhi,Hepatitis A virus,E. coli,Giardia lamblia,Pseudomonas,Cryptosporidium"
0,0,0,0,1,1,0,0,1,0,0,1,1,0,7.9,12.1,"Salmonella typhi,Hepatitis A virus,Giardia lamblia"
1,1,0,1,0,1,1,0,0,0,1,1,1,0,6.2,13.0,"Salmonella typhi,Shigella spp.,Giardia lamblia,Pseudomonas,Cryptosporidium"
1,0,0,0,0,0,1,0,0,1,1,1,0,0,5.3,5.9,"Salmonella typhi,E. coli,Pseudomonas,Cryptosporidium"
0,0,0,0,0,1,1,0,0,1,1,0,1,1,5.0,0.5,"Shigella spp.,Pseudomonas"
1,0,0,1,0,1,1,0,1,0,1,0,0,0,7.4,6.1,"Salmonella typhi,Shigella spp.,E. coli,Giardia lamblia,Pseudomonas,Cryptosporidium"
0,1,0,0,1,1,0,1,1,1,0,1,0,1,7.5,5.3,"Salmonella typhi,Hepatitis A virus,Giardia lamblia"
1,0,0,1,1,1,0,1,1,1,0,0,0,1,8.2,11.6,"Salmonella typhi,Hepatitis A virus,E. coli,Giardia lamblia,Cryptosporidium"
1,0,1,1,0,0,0,0,0,0,0,0,0,0,6.5,2.6,Salmonella typhi
1,1,0,0,0,0,0,1,0,1,1,0,1,0,6.0,13.3,"Vibrio cholerae,Hepatitis A virus,Shigella spp.,Pseudomonas,Cryptosporidium"
1,0,1,1,1,1,0,1,1,0,1,1,1,1,6.8,11.5,"Vibrio cholerae,Salmonella typhi,Hepatitis A virus,Shigella spp.,E. coli,Giardia lamblia,Leptospira,Pseudomonas,Cryptosporidium"
0,1,1,1,1,0,1,1,1,0,0,1,1,0,6.1,5.5,"Vibrio cholerae,Salmonella typhi,Hepatitis A virus,Shigella spp.,E. coli,Giardia lamblia"
0,1,1,1,1,0,0,0,0,0,0,0,0,1,6.6,8.8,"Vibrio cholerae,Salmonella typhi,Hepatitis A virus,Shigella spp.,E. coli,Giardia lamblia"
0,1,1,0,0,1,0,1,1,1,1,1,0,0,5.3,0.9,"Hepatitis A virus,Pseudomonas"
1,0,0,1,0,0,0,1,0,1,1,0,0,1,7.9,11.6,"Hepatitis A virus,E. coli,Giardia lamblia"
1,0,0,0,0,1,0,1,1,0,0,1,0,1,5.5,6.4,"Vibrio cholerae,Hepatitis A virus,Cryptosporidium"
0,1,1,1,0,0,0,1,1,0,0,0,0,0,8.0,10.6,"Salmonella typhi,Hepatitis A virus,Shigella spp.,E. coli,Giardia lamblia"
1,0,1,1,0,0,1,0,0,0,0,1,0,1,5.9,11.6,"Vibrio cholerae,E. coli,Giardia lamblia,Leptospira,Cryptosporidium"
0,1,1,1,1,1,0,1,0,1,1,0,1,0,6.5,0.7,Hepatitis A virus
0,0,0,0,0,0,0,1,0,0,1,1,1,1,7.4,7.3,"Hepatitis A virus,Shigella spp.,Pseudomonas"
1,1,0,0,0,1,1,1,0,1,1,0,0,1,7.9,13.2,"Salmonella typhi,E. coli,Pseudomonas,Cryptosporidium"
0,0,0,0,1,0,1,0,0,0,0,1,1,0,5.5,10.1,"Shigella spp.,Giardia lamblia"
1,0,1,0,0,1,0,1,1,1,0,0,1,1,8.9,4.7,"Salmonella typhi,Hepatitis A virus,Shigella spp.,E. coli"
0,0,0,0,1,0,0,0,0,0,1,0,1,0,7.0,8.9,"Hepatitis A virus,Giardia lamblia,Pseudomonas"
1,0,1,1,0,1,1,0,1,0,0,0,1,1,8.8,7.1,"Salmonella typhi,Hepatitis A virus,E. coli,Giardia lamblia,Cryptosporidium"
0,1,0,1,1,1,0,1,0,1,1,1,0,1,6.7,4.7,"Salmonella typhi,Shigella spp.,E. coli,Giardia lamblia,Pseudomonas"
1,0,0,1,1,1,1,1,0,0,0,0,0,1,8.1,9.2,"Salmonella typhi,Hepatitis A virus,E. coli,Giardia lamblia,Cryptosporidium"
1,1,0,1,0,0,0,1,1,1,0,0,0,1,6.3,7.1,"Vibrio cholerae,Hepatitis A virus,Shigella spp.,E. coli,Cryptosporidium"
0,1,0,1,1,0,1,0,1,1,1,0,0,1,5.1,4.7,"Hepatitis A virus,Shigella spp.,E. coli,Giardia lamblia,Pseudomonas"
0,1,0,1,1,0,1,1,1,1,0,1,1,1,8.3,5.1,"Salmonella typhi,Hepatitis A virus,Shigella spp.,Giardia lamblia"
0,0,0,0,1,1,1,1,1,0,1,1,0,0,8.0,7.9,"Salmonella typhi,Giardia lamblia,Pseudomonas"
1,0,1,1,0,0,1,0,1,1,0,1,1,1,7.8,5.6,"Salmonella typhi,Hepatitis A virus,Shigella spp.,E. coli,Giardia lamblia,Cryptosporidium"
0,0,1,1,1,0,0,0,0,0,0,1,0,1,6.5,14.1,"Salmonella typhi,Hepatitis A virus,Shigella spp.,E. coli,Giardia lamblia,Leptospira"
1,0,1,1,1,1,0,0,0,0,1,0,1,0,7.1,12.9,"Salmonella typhi,Hepatitis A virus,Shigella spp.,Giardia lamblia,Pseudomonas,Cryptosporidium"
0,0,1,0,0,0,0,1,1,0,1,0,0,0,6.7,10.9,"Salmonella typhi,Hepatitis A virus,Pseudomonas"
1,0,1,1,1,0,1,0,1,0,1,0,1,1,6.0,1.1,"Hepatitis A virus,Shigella spp.,Pseudomonas"
0,1,1,1,1,0,0,1,1,1,0,0,1,0,6.6,12.7,"Vibrio cholerae,Salmonella typhi,Giardia lamblia"
0,0,1,1,1,1,0,1,1,0,0,0,0,1,5.5,3.0,"Salmonella typhi,Shigella spp."
1,0,0,0,0,1,1,1,1,1,0,0,1,1,6.4,11.9,"Vibrio cholerae,Salmonella typhi,Hepatitis A virus,Shigella spp.,E. coli,Cryptosporidium"
1,0,0,1,0,0,1,1,0,0,1,0,0,1,5.8,2.3,"Salmonella typhi,Hepatitis A virus,Shigella spp.,Pseudomonas"
1,1,1,0,0,1,1,0,0,1,1,0,1,1,7.9,3.5,Salmonella typhi
1,1,1,1,1,0,0,0,0,1,1,1,0,1,6.3,2.8,"Salmonella typhi,Hepatitis A virus,Shigella spp.,Leptospira"
0,0,1,0,0,1,0,0,1,1,1,0,1,1,8.8,3.8,"Salmonella typhi,Shigella spp.,Pseudomonas"
0,1,1,0,0,1,1,1,1,0,0,1,0,1,5.5,1.6,"Hepatitis A virus,Leptospira"
0,1,0,0,1,1,0,1,0,0,0,0,0,1,5.7,8.8,"Vibrio cholerae,Salmonella typhi,Hepatitis A virus,Giardia lamblia"
1,1,1,0,1,1,1,0,1,1,0,0,0,0,5.8,1.0,None
0,0,0,1,1,0,1,0,1,1,1,1,0,1,8.6,4.2,"Salmonella typhi,Hepatitis A virus,Shigella spp.,E. coli,Giardia lamblia,Pseudomonas"
1,0,0,1,1,0,1,0,1,1,1,0,1,0,8.4,3.4,"Salmonella typhi,Hepatitis A virus,Shigella spp.,Giardia lamblia,Pseudomonas"
0,0,1,0,1,1,0,1,1,1,1,1,1,0,6.1,3.1,"Salmonella typhi,Hepatitis A virus,Shigella spp.,Giardia lamblia,Pseudomonas"
0,0,1,1,0,1,1,0,1,1,0,1,1,1,6.0,2.9,"Salmonella typhi,Shigella spp.,Leptospira"
0,1,1,0,0,0,1,0,1,0,1,1,0,1,5.2,5.6,"Vibrio cholerae,Salmonella typhi,Hepatitis A virus,Leptospira,Pseudomonas"
1,0,1,0,1,1,1,1,1,1,0,1,0,0,7.1,8.0,"Salmonella typhi,Hepatitis A virus,E. coli,Giardia lamblia,Leptospira,Cryptosporidium"
1,0,1,1,0,0,0,1,0,1,1,1,0,1,8.0,8.3,"Hepatitis A virus,Shigella spp.,E. coli,Giardia lamblia,Pseudomonas,Cryptosporidium"
0,1,0,1,1,0,0,0,0,1,0,1,1,0,5.5,12.0,"Hepatitis A virus,Shigella spp.,E. coli,Giardia lamblia"
1,0,1,0,1,1,1,0,0,0,0,1,0,0,7.0,11.0,"Salmonella typhi,Hepatitis A virus,E. coli,Giardia lamblia,Leptospira,Cryptosporidium"
0,0,1,0,1,0,1,1,0,1,1,1,0,1,6.7,5.9,"Salmonella typhi,Hepatitis A virus,Giardia lamblia,Pseudomonas"
1,0,1,0,1,0,0,0,0,0,1,1,0,0,6.1,14.8,"Vibrio cholerae,Salmonella typhi,Hepatitis A virus,E. coli,Leptospira,Pseudomonas,Cryptosporidium"
0,0,0,1,1,0,0,0,1,1,1,1,1,1,7.3,14.3,"E. coli,Giardia lamblia,Pseudomonas"
0,1,0,0,1,0,1,1,1,0,0,1,0,0,8.5,0.2,Hepatitis A virus
0,1,0,1,1,0,0,0,1,0,0,1,1,0,6.0,8.8,"Vibrio cholerae,Shigella spp.,Giardia lamblia"
1,0,0,1,0,0,1,1,0,1,0,0,1,0,7.4,9.1,"Salmonella typhi,Hepatitis A virus,Shigella spp.,E. coli,Giardia lamblia"
0,0,1,1,0,0,0,0,0,0,0,0,1,1,8.9,8.2,"Salmonella typhi,Shigella spp.,E. coli,Giardia lamblia"
1,0,1,1,1,1,1,0,0,0,0,1,0,1,7.9,6.0,"Salmonella typhi,Shigella spp.,E. coli,Giardia lamblia,Cryptosporidium"
0,1,1,0,1,0,0,1,1,1,0,0,1,0,6.0,13.4,"Vibrio cholerae,Salmonella typhi,Shigella spp.,Giardia lamblia"
0,1,0,1,0,0,1,0,1,1,0,1,1,1,8.8,10.5,"Salmonella typhi,Hepatitis A virus,Shigella spp.,E. coli,Giardia lamblia"
0,1,1,0,1,1,1,1,0,1,0,1,0,1,7.2,5.0,"Salmonella typhi,Hepatitis A virus,Giardia lamblia,Leptospira"
1,1,1,0,0,0,0,1,1,0,1,0,1,1,8.0,7.9,"Salmonella typhi,Shigella spp.,E. coli,Pseudomonas,Cryptosporidium"
0,1,1,0,1,1,1,0,1,1,1,0,0,0,7.4,5.9,"Salmonella typhi,Giardia lamblia,Pseudomonas"
1,1,0,0,1,0,0,1,1,1,1,0,1,0,6.2,7.2,"Vibrio cholerae,Shigella spp.,E. coli,Giardia lamblia,Cryptosporidium"
0,1,0,0,1,1,0,0,1,0,1,0,1,0,8.7,5.6,"Salmonella typhi,Hepatitis A virus,Shigella spp.,Giardia lamblia,Pseudomonas"
1,1,0,1,0,0,1,0,0,1,0,0,0,1,8.7,6.1,"Salmonella typhi,E. coli,Giardia lamblia,Cryptosporidium"
1,0,1,0,1,0,1,1,1,1,1,0,0,1,5.3,4.5,"Salmonella typhi,Hepatitis A virus,E. coli,Giardia lamblia,Pseudomonas"
0,0,1,1,0,0,1,1,1,1,0,0,1,1,7.9,11.3,"Salmonella typhi,Hepatitis A virus,Shigella spp."
1,1,1,1,0,0,0,1,1,1,1,0,0,1,7.5,10.1,"Salmonella typhi,Hepatitis A virus,Shigella spp.,E. coli,Giardia lamblia,Pseudomonas"
0,1,0,1,1,1,0,0,1,1,0,0,0,1,5.3,11.1,"Vibrio cholerae,Hepatitis A virus,E. coli,Giardia lamblia"
0,0,1,1,1,0,0,0,1,1,0,1,0,1,5.7,12.9,"Salmonella typhi,Hepatitis A virus,Shigella spp.,E. coli,Giardia lamblia,Leptospira"
0,1,1,1,1,1,0,0,1,1,1,1,1,0,8.9,7.4,"Salmonella typhi,Shigella spp.,E. coli,Leptospira,Pseudomonas"
0,1,1,1,0,1,1,0,0,0,1,1,1,0,6.7,7.0,"Vibrio cholerae,Salmonella typhi,Shigella spp.,E. coli,Giardia lamblia,Pseudomonas"
0,0,0,1,0,0,0,1,1,1,0,0,1,0,5.6,13.2,"Hepatitis A virus,E. coli"
0,1,1,1,1,1,0,1,1,0,1,1,1,0,6.3,7.8,"Vibrio cholerae,Salmonella typhi,Hepatitis A virus,Shigella spp.,E. coli,Giardia lamblia,Leptospira,Pseudomonas"
0,1,1,0,0,1,1,1,1,0,0,1,1,1,5.7,9.6,"Vibrio cholerae,Salmonella typhi,Hepatitis A virus,Shigella spp.,Leptospira"
0,1,0,0,0,0,1,1,0,0,1,1,0,1,7.1,7.6,"Salmonella typhi,Hepatitis A virus,Pseudomonas"
1,0,1,0,0,1,1,1,0,0,1,0,0,1,8.4,11.3,"Hepatitis A virus,E. coli,Pseudomonas,Cryptosporidium"
1,0,0,1,1,0,0,0,0,0,0,1,0,0,9.0,7.7,"Hepatitis A virus,Shigella spp.,E. coli,Cryptosporidium"
1,1,1,0,1,1,1,1,0,0,1,0,0,1,9.0,5.1,"Hepatitis A virus,E. coli,Pseudomonas"
1,0,0,1,1,0,1,1,0,0,1,1,0,1,8.3,11.2,"Hepatitis A virus,Shigella spp.,E. coli,Giardia lamblia,Pseudomonas,Cryptosporidium"
0,1,0,0,1,1,1,0,0,0,0,0,1,0,6.2,8.6,"Vibrio cholerae,Salmonella typhi,Hepatitis A virus,Shigella spp.,Giardia lamblia"
1,1,1,0,0,1,1,1,1,0,0,0,0,1,5.1,9.5,"Vibrio cholerae,Salmonella typhi,Hepatitis A virus,E. coli"
1,1,0,1,1,0,0,1,1,0,0,1,1,1,6.3,10.2,"Vibrio cholerae,Hepatitis A virus,Shigella spp.,E. coli,Giardia lamblia,Cryptosporidium"
1,0,0,0,1,1,1,0,0,0,1,1,0,1,5.5,9.6,"Salmonella typhi,Hepatitis A virus,Giardia lamblia"
1,1,1,1,0,1,0,1,0,1,1,1,1,0,8.0,9.2,"Salmonella typhi,Hepatitis A virus,Shigella spp.,E. coli,Giardia lamblia,Pseudomonas"
1,1,0,1,0,0,1,1,0,1,1,0,0,0,8.0,2.8,"Salmonella typhi,Shigella spp.,Pseudomonas"
1,0,1,0,1,1,0,1,1,0,1,1,1,0,8.6,13.2,"Salmonella typhi,Hepatitis A virus,E. coli,Giardia lamblia,Leptospira,Pseudomonas,Cryptosporidium"
1,1,1,0,0,1,1,0,1,0,1,0,1,1,8.3,8.4,"Salmonella typhi,Hepatitis A virus,Shigella spp.,E. coli,Pseudomonas,Cryptosporidium"
1,0,1,1,0,0,0,1,1,0,0,1,0,1,6.3,1.3,"Hepatitis A virus,Shigella spp.,Leptospira"
1,1,0,1,1,0,1,0,1,1,0,0,1,1,6.8,9.8,"Vibrio cholerae,Salmonella typhi,Hepatitis A virus,E. coli,Giardia lamblia,Cryptosporidium"
0,1,1,1,1,1,1,1,0,1,0,0,1,1,5.0,11.7,"Vibrio cholerae,Salmonella typhi,Hepatitis A virus,Shigella spp.,E. coli,Giardia lamblia"
1,1,0,0,0,1,1,1,1,1,1,1,1,0,8.8,9.6,"Salmonella typhi,Hepatitis A virus,Shigella spp.,E. coli,Pseudomonas"
0,0,0,1,1,1,1,1,0,0,0,1,1,0,7.6,6.9,"Salmonella typhi,Hepatitis A virus,Shigella spp.,Giardia lamblia"
1,1,0,1,0,0,0,0,0,0,0,1,0,0,7.2,4.2,"E. coli,Giardia lamblia"
1,1,0,0,0,0,1,0,0,0,1,1,1,1,8.4,1.4,Pseudomonas
1,0,0,1,1,1,0,0,1,0,1,1,1,1,6.1,13.0,"Vibrio cholerae,Salmonella typhi,Shigella spp.,E. coli,Giardia lamblia,Pseudomonas,Cryptosporidium"
1,1,0,0,1,0,0,1,1,1,0,1,1,0,8.5,11.3,"Shigella spp.,E. coli,Giardia lamblia,Cryptosporidium"
1,1,1,0,0,1,0,0,1,1,0,0,0,1,5.9,12.7,"Salmonella typhi,E. coli,Cryptosporidium"
0,0,1,0,1,1,1,1,0,1,0,0,0,0,8.0,12.6,"Hepatitis A virus,Giardia lamblia"
1,0,0,1,0,1,1,1,0,0,0,1,1,1,7.9,9.0,"Salmonella typhi,Hepatitis A virus,Shigella spp.,E. coli,Giardia lamblia,Cryptosporidium"
0,0,0,0,0,0,0,1,1,1,0,1,0,0,7.0,4.0,Hepatitis A virus
0,0,1,1,1,1,1,1,0,1,0,1,1,1,8.3,2.4,"Hepatitis A virus,Shigella spp."
0,1,0,1,1,0,0,0,1,1,0,1,1,0,7.4,3.9,"Hepatitis A virus,Shigella spp.,Giardia lamblia"
0,0,1,1,1,1,0,0,0,0,0,0,0,0,8.0,1.2,"Hepatitis A virus,Shigella spp."
0,1,1,0,1,0,1,1,0,1,0,1,0,1,6.5,10.7,"Vibrio cholerae,Salmonella typhi,Giardia lamblia,Leptospira"
1,1,0,1,0,1,0,1,1,1,1,1,1,0,7.2,6.4,"Salmonella typhi,Hepatitis A virus,Shigella spp.,E. coli,Giardia lamblia,Pseudomonas,Cryptosporidium"
0,1,0,1,1,1,1,1,0,1,1,1,0,0,5.7,0.3,"Hepatitis A virus,Shigella spp.,Pseudomonas"
0,0,1,0,1,1,1,1,0,1,1,1,1,1,6.7,13.8,"Hepatitis A virus,Shigella spp.,Leptospira,Pseudomonas"
0,0,1,1,1,1,0,0,1,0,1,1,0,0,5.6,0.2,"Hepatitis A virus,Shigella spp.,Leptospira,Pseudomonas"
1,0,0,0,1,1,1,0,0,0,1,1,1,1,5.1,2.1,"Hepatitis A virus,Shigella spp.,Pseudomonas"
1,1,0,1,0,1,0,1,1,1,1,0,1,0,7.3,4.8,"Salmonella typhi,Hepatitis A virus,Shigella spp.,E. coli,Giardia lamblia,Pseudomonas"
1,1,0,1,1,0,1,1,0,0,1,1,0,0,5.2,1.7,"Hepatitis A virus,Shigella spp.,Pseudomonas"
0,0,0,1,1,0,0,0,0,1,1,0,1,0,7.9,8.4,"Shigella spp.,E. coli,Giardia lamblia,Pseudomonas"
0,0,1,1,1,0,1,1,1,1,0,1,0,0,8.2,11.0,"Salmonella typhi,Hepatitis A virus,Shigella spp.,Leptospira"
0,1,1,1,0,0,0,0,1,0,1,1,0,1,5.3,5.2,"Vibrio cholerae,Salmonella typhi,Hepatitis A virus,Shigella spp.,Giardia lamblia,Leptospira"
0,0,1,0,0,1,0,1,1,1,0,1,0,0,5.1,13.2,Hepatitis A virus
0,0,1,1,1,0,0,0,1,1,1,1,1,1,8.2,8.1,"Salmonella typhi,Shigella spp.,E. coli,Leptospira,Pseudomonas"
0,1,0,1,0,1,1,1,0,1,1,1,1,1,7.8,6.4,"Salmonella typhi,Hepatitis A virus,Shigella spp.,E. coli,Pseudomonas"
1,0,0,0,1,0,0,1,0,1,0,0,1,0,8.8,7.0,"Hepatitis A virus,Shigella spp.,E. coli,Giardia lamblia,Cryptosporidium"
1,0,0,1,0,0,1,1,0,0,0,0,1,1,6.7,3.0,"Hepatitis A virus,Shigella spp."
1,1,0,1,1,0,1,1,0,1,1,0,0,1,6.9,1.8,"Hepatitis A virus,Shigella spp."
0,1,1,0,0,0,0,1,1,1,0,0,1,0,8.0,2.6,"Salmonella typhi,Shigella spp."
0,0,0,0,0,0,1,1,0,1,0,0,0,1,5.2,13.4,"Salmonella typhi,Hepatitis A virus"
0,1,1,0,1,1,0,0,0,1,1,1,1,1,8.3,4.4,"Hepatitis A virus,Shigella spp.,Giardia lamblia,Leptospira"
0,1,1,0,1,1,0,0,0,1,1,0,1,1,6.0,7.2,"Salmonella typhi,Hepatitis A virus,Shigella spp.,Giardia lamblia,Pseudomonas"
0,1,1,1,1,1,0,1,0,0,1,1,0,1,8.5,1.8,"Hepatitis A virus,Leptospira,Pseudomonas"
0,0,0,1,1,1,0,1,1,0,0,1,1,1,5.3,9.9,"Hepatitis A virus,E. coli,Giardia lamblia"
1,1,0,0,0,1,0,0,1,1,0,1,1,1,7.4,6.0,"Salmonella typhi,Hepatitis A virus,Shigella spp.,E. coli,Cryptosporidium"
1,0,0,0,1,1,1,1,1,0,0,1,1,0,7.2,3.5,"Salmonella typhi,Hepatitis A virus,Shigella spp.,Giardia lamblia"
1,1,1,1,0,0,0,1,0,0,1,1,1,0,8.5,6.7,"Salmonella typhi,Hepatitis A virus,Shigella spp.,E. coli,Giardia lamblia,Leptospira,Pseudomonas,Cryptosporidium"
0,1,1,1,1,0,1,0,0,0,0,0,0,1,8.0,5.1,"Salmonella typhi,Hepatitis A virus,Shigella spp.,E. coli"
0,0,1,1,0,0,0,0,1,0,1,0,0,1,6.5,11.6,"Salmonella typhi,Hepatitis A virus,E. coli,Giardia lamblia,Pseudomonas"
0,1,0,1,0,1,0,1,1,0,0,1,1,0,8.5,10.5,"Salmonella typhi,Hepatitis A virus,Shigella spp.,E. coli,Giardia lamblia"
0,0,1,0,0,0,1,0,1,0,1,0,0,0,5.7,14.1,"Salmonella typhi,Hepatitis A virus"
1,0,0,0,1,0,0,0,1,1,1,1,0,0,5.4,9.7,"Vibrio cholerae,Hepatitis A virus,E. coli,Giardia lamblia,Pseudomonas,Cryptosporidium"
0,1,0,0,0,0,1,1,0,1,0,1,0,1,8.0,6.6,Salmonella typhi
1,1,1,0,1,0,1,1,0,0,1,1,1,1,6.1,13.7,"Salmonella typhi,Hepatitis A virus,Shigella spp.,E. coli,Giardia lamblia,Leptospira,Pseudomonas"
1,1,1,1,1,1,0,0,0,1,1,1,1,1,7.9,14.6,"E. coli,Giardia lamblia,Leptospira,Pseudomonas"
1,0,0,0,0,0,0,1,0,0,0,0,1,1,5.9,8.1,"Vibrio cholerae,Hepatitis A virus,Shigella spp.,E. coli,Cryptosporidium"
1,0,1,0,0,0,0,1,0,1,0,1,0,0,6.5,14.9,"Vibrio cholerae,Salmonella typhi,Hepatitis A virus,E. coli,Leptospira,Cryptosporidium"
1,1,1,1,1,1,1,0,0,1,1,1,0,0,6.4,6.7,"Vibrio cholerae,Salmonella typhi,Hepatitis A virus,Shigella spp.,Giardia lamblia,Leptospira,Pseudomonas,Cryptosporidium"
0,1,0,0,1,0,1,1,1,0,1,1,1,0,7.0,2.1,"Salmonella typhi,Shigella spp.,Pseudomonas"
0,1,1,1,1,1,1,0,0,0,1,1,1,0,5.2,5.8,"Salmonella typhi,Shigella spp.,Giardia lamblia,Leptospira,Pseudomonas"
0,0,1,1,0,0,0,0,1,0,0,0,1,0,8.8,1.9,None
0,0,1,1,1,1,0,1,0,0,1,1,1,0,9.0,14.7,"Salmonella typhi,Shigella spp.,Giardia lamblia,Leptospira,Pseudomonas"
1,0,1,0,0,1,1,0,0,0,1,1,1,0,7.8,3.8,"Salmonella typhi,Shigella spp.,Pseudomonas"
0,0,1,0,1,1,0,1,1,1,0,1,0,1,5.2,4.9,"Salmonella typhi,Hepatitis A virus,Leptospira"
0,0,1,1,0,1,1,0,1,1,1,0,0,1,8.1,5.1,"Salmonella typhi,Hepatitis A virus,Shigella spp.,E. coli,Giardia lamblia,Pseudomonas"
1,1,1,1,1,0,0,0,1,0,0,1,0,1,6.7,0.1,"Shigella spp.,Leptospira"
0,1,0,0,1,0,1,0,0,1,0,1,1,0,7.7,2.0,"Hepatitis A virus,Shigella spp."
1,0,0,1,1,1,0,0,0,1,0,1,0,1,6.4,12.1,"Vibrio cholerae,Salmonella typhi,Hepatitis A virus,Shigella spp.,E. coli,Giardia lamblia,Cryptosporidium"
1,0,1,1,1,1,0,0,0,1,1,1,0,1,7.9,3.1,"Salmonella typhi,Hepatitis A virus,Shigella spp.,Leptospira,Pseudomonas"
0,1,0,1,1,0,0,1,1,0,1,0,1,1,7.9,8.2,"Hepatitis A virus,Shigella spp.,E. coli,Giardia lamblia,Pseudomonas"
1,1,1,0,0,0,0,1,1,1,0,1,1,1,7.3,6.9,"Salmonella typhi,Hepatitis A virus,Shigella spp.,E. coli,Leptospira,Cryptosporidium"
1,1,0,1,1,1,1,1,0,0,0,0,0,1,5.4,14.4,"Vibrio cholerae,Salmonella typhi,Hepatitis A virus,Shigella spp.,E. coli,Cryptosporidium"
0,0,0,1,1,0,1,0,0,0,0,0,1,0,8.2,10.6,"Salmonella typhi,Shigella spp.,E. coli"
0,0,1,1,0,0,0,1,0,1,0,1,1,0,9.0,3.2,"Salmonella typhi,Hepatitis A virus,Shigella spp.,Giardia lamblia,Leptospira"
0,0,0,0,1,1,0,1,0,0,0,0,0,0,6.1,12.5,"Salmonella typhi,Hepatitis A virus"
0,0,1,0,0,0,0,0,1,1,1,0,1,1,5.7,9.1,"Salmonella typhi,Hepatitis A virus,Shigella spp.,Pseudomonas"
0,1,0,0,1,0,1,1,1,0,1,1,0,1,8.2,2.5,"Salmonella typhi,Hepatitis A virus,Pseudomonas"
0,0,1,0,0,0,0,0,1,0,1,0,1,1,6.0,1.6,"Hepatitis A virus,Shigella spp.,Pseudomonas"
1,0,1,0,1,0,1,0,0,0,1,0,1,1,8.5,12.4,"Salmonella typhi,Hepatitis A virus,Shigella spp.,E. coli,Pseudomonas,Cryptosporidium"
1,1,0,1,0,1,0,1,0,0,0,0,0,0,6.7,2.8,"Salmonella typhi,Hepatitis A virus,Shigella spp."
0,1,0,0,0,0,1,0,1,1,0,0,0,1,7.4,13.4,"Salmonella typhi,Hepatitis A virus"
1,1,0,0,0,0,1,1,1,0,0,0,0,1,5.4,14.8,"Vibrio cholerae,Salmonella typhi,Hepatitis A virus,E. coli,Cryptosporidium"
1,0,1,0,0,1,0,0,1,1,1,1,1,0,6.2,9.4,"Vibrio cholerae,Salmonella typhi,Hepatitis A virus,Shigella spp.,E. coli,Leptospira,Pseudomonas,Cryptosporidium"
0,1,0,0,1,1,0,1,1,0,1,1,1,0,7.2,5.4,"Salmonella typhi,Hepatitis A virus,Shigella spp.,Giardia lamblia,Pseudomonas"
0,0,1,0,0,1,0,0,1,1,1,1,0,1,6.5,14.9,"Salmonella typhi,Leptospira"
1,1,0,1,1,0,0,1,0,0,0,0,1,1,5.6,1.1,Hepatitis A virus
1,1,1,0,0,1,1,0,0,0,1,1,0,0,5.0,10.5,"Vibrio cholerae,Salmonella typhi,E. coli,Pseudomonas,Cryptosporidium"
1,0,0,1,1,0,1,0,1,0,0,0,0,1,5.9,1.8,Hepatitis A virus
1,1,0,1,1,1,1,1,1,0,0,1,1,0,8.8,12.6,"Hepatitis A virus,Shigella spp.,E. coli,Giardia lamblia,Cryptosporidium"
0,1,0,1,1,1,0,0,0,1,1,0,0,1,5.8,13.5,"Vibrio cholerae,Salmonella typhi,Hepatitis A virus,Shigella spp.,E. coli,Giardia lamblia,Pseudomonas"
1,0,0,0,0,0,0,0,1,1,0,1,1,1,8.0,1.2,Hepatitis A virus
1,1,1,0,0,0,0,0,0,1,0,0,1,1,8.9,2.1,"Salmonella typhi,Shigella spp."
0,0,0,1,0,1,1,0,0,0,1,0,1,1,5.8,5.8,"Salmonella typhi,Shigella spp.,E. coli,Pseudomonas"
1,0,0,0,0,0,1,0,0,1,0,0,0,0,5.8,4.0,Salmonella typhi
0,0,1,1,0,0,1,0,1,0,1,0,1,1,5.3,14.2,"Salmonella typhi,Hepatitis A virus,E. coli,Giardia lamblia,Pseudomonas"
1,0,0,0,0,1,1,0,1,1,0,0,0,0,5.9,13.4,"Vibrio cholerae,Salmonella typhi,Cryptosporidium"
1,0,0,1,0,1,0,0,1,0,0,0,0,1,8.7,14.2,"E. coli,Giardia lamblia"
0,0,1,0,0,0,0,1,0,0,1,0,0,1,8.8,11.3,"Hepatitis A virus,Pseudomonas"
0,0,1,1,1,0,0,1,1,0,0,1,0,1,8.7,14.6,"Salmonella typhi,Shigella spp.,Giardia lamblia,Leptospira"
1,0,0,0,0,0,0,1,1,1,0,1,1,0,6.2,7.2,"Vibrio cholerae,Hepatitis A virus,E. coli"
0,1,1,0,0,0,1,0,0,1,1,0,0,1,7.9,9.6,Salmonella typhi
1,0,0,0,0,0,0,1,0,0,0,0,0,1,7.6,9.8,"Hepatitis A virus,E. coli,Cryptosporidium"
1,0,1,1,1,0,1,1,0,0,0,0,1,1,6.0,13.9,"Vibrio cholerae,Salmonella typhi,Hepatitis A virus,Shigella spp.,E. coli,Giardia lamblia,Cryptosporidium"
1,1,0,1,0,0,1,1,0,1,1,0,1,0,6.5,8.3,"Vibrio cholerae,Salmonella typhi,Hepatitis A virus,Shigella spp.,E. coli,Pseudomonas,Cryptosporidium"
0,0,1,1,1,0,1,0,1,1,0,0,1,1,8.1,0.3,"Hepatitis A virus,Shigella spp."
1,1,0,1,0,1,0,0,0,1,1,1,0,0,5.9,12.6,"Vibrio cholerae,Shigella spp.,Pseudomonas,Cryptosporidium"
0,1,0,0,0,0,1,0,1,1,1,0,0,1,5.1,1.3,"Hepatitis A virus,Pseudomonas"
0,1,0,0,0,0,0,1,0,1,1,0,0,0,6.3,2.8,"Hepatitis A virus,Pseudomonas"
0,1,1,0,1,1,1,0,1,1,0,1,0,0,5.2,13.6,"Vibrio cholerae,Salmonella typhi,Hepatitis A virus,Giardia lamblia,Leptospira"
1,0,1,1,0,1,0,0,1,1,0,0,0,0,8.1,0.9,Hepatitis A virus
1,1,0,0,0,1,0,0,0,1,0,1,1,0,7.4,6.0,"Salmonella typhi,Shigella spp.,E. coli,Cryptosporidium"
1,0,1,0,1,1,0,1,1,1,0,0,1,0,7.0,2.7,"Salmonella typhi,Hepatitis A virus,Shigella spp."
0,0,1,0,0,1,1,1,0,1,0,0,1,0,8.6,5.5,"Salmonella typhi,Shigella spp."
0,1,1,1,1,1,1,1,0,0,0,1,1,1,5.1,5.0,"Salmonella typhi,Shigella spp.,E. coli,Giardia lamblia,Leptospira"
0,1,1,1,0,1,1,0,1,1,0,1,0,1,6.2,14.8,"Vibrio cholerae,Salmonella typhi,Hepatitis A virus,Shigella spp.,E. coli,Giardia lamblia,Leptospira"
1,0,0,1,0,1,0,0,1,0,1,0,1,1,7.2,12.7,"Salmonella typhi,Hepatitis A virus,Shigella spp.,E. coli,Giardia lamblia,Pseudomonas,Cryptosporidium"
0,0,1,1,0,1,1,0,1,1,1,0,1,0,6.0,14.4,"Salmonella typhi,Hepatitis A virus,E. coli,Giardia lamblia,Pseudomonas"
1,0,0,0,0,0,0,0,0,0,1,0,0,1,7.3,9.1,"E. coli,Pseudomonas"
0,1,1,1,1,0,1,0,1,1,0,0,0,1,6.5,2.2,"Salmonella typhi,Shigella spp."
1,0,0,1,1,0,1,0,1,0,1,1,0,1,7.5,14.3,"Salmonella typhi,Hepatitis A virus,Shigella spp.,Giardia lamblia,Pseudomonas,Cryptosporidium"
0,1,0,1,1,1,0,1,1,1,1,0,1,0,7.5,12.9,"Salmonella typhi,Hepatitis A virus,E. coli,Giardia lamblia,Pseudomonas"
0,0,0,1,0,1,0,1,1,1,1,0,0,1,8.6,15.0,"Shigella spp.,E. coli,Pseudomonas"
0,0,1,1,1,1,0,0,0,1,1,0,0,0,8.2,1.6,"Hepatitis A virus,Shigella spp.,Pseudomonas"
1,1,0,1,0,1,1,1,1,0,1,1,0,1,5.2,14.3,"Vibrio cholerae,Hepatitis A virus,E. coli,Giardia lamblia,Pseudomonas"
1,0,1,1,1,0,0,0,1,1,0,1,0,0,5.1,13.2,"Vibrio cholerae,Salmonella typhi,Hepatitis A virus,Shigella spp.,E. coli,Leptospira,Cryptosporidium"
0,1,1,1,0,1,1,0,1,1,1,1,1,1,7.0,10.3,"Salmonella typhi,Shigella spp.,E. coli,Giardia lamblia,Pseudomonas"
0,1,1,0,0,1,0,1,1,1,0,1,1,1,6.6,14.7,"Vibrio cholerae,Salmonella typhi,Hepatitis A virus,Shigella spp.,Leptospira"
0,0,1,0,0,1,0,1,1,1,1,1,1,1,7.0,11.4,"Hepatitis A virus,Shigella spp.,Leptospira,Pseudomonas"
0,1,0,0,1,0,0,0,0,1,1,0,0,1,5.8,4.2,"Giardia lamblia,Pseudomonas"
0,1,1,0,1,1,1,0,0,1,1,1,1,0,5.1,12.2,"Vibrio cholerae,Salmonella typhi,Hepatitis A virus,Shigella spp.,Giardia lamblia,Pseudomonas"
1,0,1,1,0,1,0,1,1,0,1,0,0,1,7.6,11.2,"Salmonella typhi,Hepatitis A virus,E. coli,Pseudomonas,Cryptosporidium"
0,1,0,1,0,1,1,1,1,0,1,1,1,0,6.3,5.2,"Vibrio cholerae,Salmonella typhi,Shigella spp.,Giardia lamblia,Pseudomonas"
0,1,1,1,1,0,1,1,0,1,1,1,0,1,7.6,1.5,"Hepatitis A virus,Shigella spp.,Leptospira,Pseudomonas"
1,0,0,1,1,0,1,0,0,1,0,1,0,0,6.9,0.8,"Hepatitis A virus,Shigella spp."
1,0,1,1,0,0,0,1,0,0,0,0,0,1,5.5,11.6,"Vibrio cholerae,Salmonella typhi,Shigella spp.,Giardia lamblia,Cryptosporidium"
1,1,0,1,0,1,0,1,1,1,0,1,0,0,7.5,14.8,"Salmonella typhi,Hepatitis A virus,Shigella spp.,E. coli,Giardia lamblia,Cryptosporidium"
1,1,1,1,0,0,0,1,0,1,1,0,0,1,6.6,7.3,"Salmonella typhi,Hepatitis A virus,Shigella spp.,E. coli,Giardia lamblia,Pseudomonas,Cryptosporidium"
0,0,0,1,1,1,0,0,1,0,0,1,0,1,9.0,4.9,"Hepatitis A virus,Shigella spp.,E. coli,Giardia lamblia"
0,0,0,0,0,1,1,0,1,1,0,0,0,1,5.2,5.2,"Salmonella typhi,Hepatitis A virus"
1,0,1,1,0,1,1,1,0,1,0,0,0,1,5.3,7.9,"Vibrio cholerae,Salmonella typhi,Shigella spp.,Giardia lamblia,Cryptosporidium"
1,0,1,0,0,1,0,1,0,0,0,0,0,1,5.3,5.0,None
1,1,1,0,0,1,0,1,1,0,0,0,1,0,7.7,2.4,"Salmonella typhi,Hepatitis A virus,Shigella spp."
0,0,1,0,1,1,1,0,0,0,0,0,1,1,6.9,5.6,"Salmonella typhi,Hepatitis A virus,Shigella spp.,Giardia lamblia"
0,1,1,0,0,1,0,1,0,0,1,0,1,1,7.8,11.9,"Hepatitis A virus,Shigella spp.,Pseudomonas"
0,1,0,1,0,0,1,0,1,1,0,0,1,1,8.7,5.8,"Salmonella typhi,Hepatitis A virus,Shigella spp.,E. coli,Giardia lamblia"
1,0,1,0,0,1,1,0,0,1,0,0,0,1,7.0,6.1,"Salmonella typhi,E. coli,Cryptosporidium"
1,0,0,1,0,0,0,0,1,1,0,0,1,0,7.6,1.6,Hepatitis A virus
1,0,1,0,0,1,0,1,1,0,1,0,0,0,8.9,6.2,"Salmonella typhi,Hepatitis A virus,E. coli,Pseudomonas,Cryptosporidium"
0,0,0,1,0,1,0,0,0,1,1,1,0,1,6.2,7.3,"Salmonella typhi,Shigella spp.,E. coli,Giardia lamblia,Pseudomonas"
1,1,1,0,1,0,1,0,0,1,1,0,1,1,7.8,4.2,"Hepatitis A virus,Shigella spp.,E. coli,Giardia lamblia"
1,1,1,1,1,0,0,1,1,0,1,0,1,0,7.8,12.6,"Hepatitis A virus,Shigella spp.,E. coli,Giardia lamblia,Pseudomonas,Cryptosporidium"
0,0,0,1,1,0,0,0,0,1,1,0,0,0,5.5,5.2,"Hepatitis A virus,Shigella spp.,E. coli,Giardia lamblia,Pseudomonas"
0,1,1,0,0,1,1,0,0,0,0,1,1,0,5.3,13.2,"Vibrio cholerae,Salmonella typhi,Shigella spp.,Leptospira"
0,1,1,0,0,0,0,0,1,1,0,1,1,0,7.8,7.3,"Hepatitis A virus,Shigella spp.,Leptospira"
0,1,1,0,0,0,1,1,0,0,1,0,0,0,7.5,8.4,"Salmonella typhi,Hepatitis A virus"
0,1,1,1,1,0,1,0,1,1,1,0,0,1,7.2,12.2,"Salmonella typhi,Hepatitis A virus,Shigella spp.,E. coli,Giardia lamblia,Pseudomonas"
0,0,0,1,0,0,0,1,1,1,1,0,0,0,6.6,5.3,"Hepatitis A virus,E. coli,Giardia lamblia,Pseudomonas"
1,0,1,1,1,0,0,1,1,1,1,1,1,1,6.0,11.1,"Vibrio cholerae,Hepatitis A virus,E. coli,Giardia lamblia,Leptospira,Pseudomonas"
1,1,1,0,0,0,1,0,1,1,1,1,0,0,5.4,2.4,"Salmonella typhi,Hepatitis A virus"
0,1,0,1,1,0,0,0,1,1,1,1,0,1,8.7,1.5,"Hepatitis A virus,Shigella spp."
1,0,0,1,1,0,1,0,1,0,1,0,1,0,5.2,13.2,"Salmonella typhi,Hepatitis A virus,Shigella spp.,Giardia lamblia,Pseudomonas,Cryptosporidium"
0,0,1,1,1,1,0,0,0,1,0,0,0,0,8.5,9.7,"Salmonella typhi,Hepatitis A virus,Shigella spp.,E. coli,Giardia lamblia"
1,1,0,0,0,1,1,1,0,1,0,0,1,0,5.4,4.4,"Salmonella typhi,Hepatitis A virus,Shigella spp."
1,0,1,1,1,0,0,1,0,0,0,0,1,1,6.8,10.6,"Vibrio cholerae,Salmonella typhi,Hepatitis A virus,Shigella spp.,E. coli,Giardia lamblia,Cryptosporidium"
0,1,0,0,0,1,0,1,0,1,0,1,0,0,6.5,13.4,"Vibrio cholerae,Salmonella typhi,Hepatitis A virus"
0,0,0,0,0,0,0,1,0,0,1,1,0,0,5.4,0.5,"Hepatitis A virus,Pseudomonas"
1,0,0,0,1,1,1,0,1,0,0,1,1,0,8.1,4.7,"Salmonella typhi,Hepatitis A virus,Shigella spp.,E. coli,Giardia lamblia"
1,0,1,0,0,0,0,1,1,1,1,1,1,1,5.8,12.6,"Vibrio cholerae,Salmonella typhi,Hepatitis A virus,Shigella spp.,E. coli,Leptospira,Pseudomonas,Cryptosporidium"
1,1,1,0,0,1,1,1,0,0,1,1,0,1,7.1,13.7,"Salmonella typhi,Hepatitis A virus,Leptospira,Pseudomonas,Cryptosporidium"
1,0,0,1,1,1,1,1,1,0,0,1,0,1,7.5,9.6,"Salmonella typhi,Hepatitis A virus,Shigella spp.,E. coli,Giardia lamblia,Cryptosporidium"
1,0,0,1,0,1,0,0,0,1,0,0,1,0,5.2,8.9,"Vibrio cholerae,Salmonella typhi,Shigella spp.,Giardia lamblia,Cryptosporidium"
1,0,0,0,1,0,0,1,0,0,1,1,0,0,7.5,1.6,"Hepatitis A virus,Pseudomonas"
0,1,1,1,1,0,1,0,0,0,1,0,0,1,5.4,8.3,"Vibrio cholerae,Hepatitis A virus,Shigella spp.,E. coli,Giardia lamblia,Pseudomonas"
1,0,1,1,1,1,1,0,0,1,1,0,1,1,5.3,0.4,"Shigella spp.,Pseudomonas"
1,0,1,0,1,1,1,0,0,0,1,1,1,0,8.5,5.8,"Salmonella typhi,Hepatitis A virus,E. coli,Leptospira,Pseudomonas,Cryptosporidium"
1,0,1,0,1,1,0,0,0,0,0,0,1,0,6.8,13.2,"Vibrio cholerae,Salmonella typhi,Shigella spp.,E. coli,Cryptosporidium"
0,1,1,1,0,1,0,0,1,0,1,0,0,1,7.6,2.9,"Hepatitis A virus,Shigella spp.,Pseudomonas"
0,1,0,1,0,1,0,1,0,1,0,1,0,0,5.9,2.5,"Salmonella typhi,Shigella spp."
0,0,1,1,1,1,0,0,0,1,1,1,1,1,8.1,5.6,"Salmonella typhi,Hepatitis A virus,Shigella spp.,E. coli,Giardia lamblia,Leptospira,Pseudomonas"
1,1,0,0,1,1,1,1,1,0,0,1,1,0,5.1,12.3,"Vibrio cholerae,Hepatitis A virus,Shigella spp.,E. coli,Giardia lamblia,Cryptosporidium"
0,0,0,1,0,0,0,0,0,1,1,0,0,0,7.2,12.2,"Shigella spp.,E. coli,Giardia lamblia,Pseudomonas"
1,1,0,1,0,1,1,1,1,1,1,0,0,1,5.7,14.0,"Salmonella typhi,Hepatitis A virus,Shigella spp.,E. coli,Giardia lamblia,Pseudomonas"
1,1,0,0,0,0,1,1,1,0,0,1,1,0,5.1,12.2,"Vibrio cholerae,Salmonella typhi,E. coli,Cryptosporidium"
0,1,0,1,0,1,0,0,0,1,0,0,0,1,5.8,14.9,"Vibrio cholerae,Salmonella typhi,Shigella spp.,Giardia lamblia"
1,1,0,1,1,1,0,1,0,1,0,0,1,1,5.3,10.6,"Vibrio cholerae,Salmonella typhi,Hepatitis A virus,Giardia lamblia,Cryptosporidium"
1,1,0,1,0,1,1,1,1,1,1,0,1,1,7.1,0.3,"Shigella spp.,Pseudomonas"
1,0,1,0,0,0,0,1,1,1,0,1,0,0,6.3,4.0,"Salmonella typhi,Hepatitis A virus"
1,0,0,0,1,0,0,0,1,1,1,0,1,0,7.3,12.2,"Hepatitis A virus,Shigella spp.,E. coli,Giardia lamblia,Pseudomonas,Cryptosporidium"
1,1,1,1,0,0,1,0,0,0,1,1,1,0,6.7,6.8,"Vibrio cholerae,Salmonella typhi,Shigella spp.,E. coli,Giardia lamblia,Leptospira,Pseudomonas,Cryptosporidium"
0,0,1,0,1,1,0,1,0,0,1,1,0,0,5.2,5.8,"Hepatitis A virus,Leptospira,Pseudomonas"
0,1,1,0,1,0,1,0,1,1,0,1,1,1,5.4,14.2,"Vibrio cholerae,Salmonella typhi,Hepatitis A virus,Shigella spp.,Leptospira"
0,1,1,1,1,0,0,0,0,1,1,0,0,1,6.7,8.1,"Vibrio cholerae,Salmonella typhi,Hepatitis A virus,Shigella spp.,E. coli,Giardia lamblia,Pseudomonas"
1,0,1,0,0,1,1,0,0,0,1,1,1,1,6.3,7.2,"Vibrio cholerae,Salmonella typhi,Shigella spp.,Leptospira,Pseudomonas,Cryptosporidium"
1,1,0,1,0,0,0,1,1,0,0,1,0,1,7.9,0.7,"Hepatitis A virus,Shigella spp."
0,0,0,1,1,1,0,1,1,1,1,0,0,1,5.5,8.0,"Salmonella typhi,Hepatitis A virus,Shigella spp.,E. coli,Giardia lamblia,Pseudomonas"
0,0,0,1,0,0,1,0,1,1,1,1,0,0,8.0,9.5,"Salmonella typhi,Hepatitis A virus,Shigella spp.,E. coli,Giardia lamblia,Pseudomonas"
0,1,0,0,0,1,0,0,1,0,0,1,1,1,5.1,4.6,"Hepatitis A virus,Shigella spp."
1,1,1,1,1,1,0,0,1,1,1,1,0,0,6.3,11.0,"Vibrio cholerae,Salmonella typhi,Hepatitis A virus,Shigella spp.,E. coli,Giardia lamblia,Pseudomonas,Cryptosporidium"
1,0,1,1,0,0,1,0,1,1,1,1,1,1,7.6,14.5,"Salmonella typhi,Hepatitis A virus,E. coli,Giardia lamblia,Leptospira,Pseudomonas,Cryptosporidium"
1,1,0,0,0,0,1,0,0,1,1,1,0,0,8.5,3.5,"Salmonella typhi,Pseudomonas"
1,0,1,0,1,1,0,0,0,0,0,0,1,1,7.7,7.6,"Hepatitis A virus,E. coli"
1,1,1,0,0,1,1,1,1,0,1,1,0,1,7.9,10.4,"Salmonella typhi,E. coli,Pseudomonas"
0,1,1,0,0,1,0,1,1,1,1,0,1,1,8.0,11.1,"Salmonella typhi,Hepatitis A virus,Shigella spp.,Pseudomonas"
0,1,1,1,1,1,0,0,1,0,0,1,1,0,5.4,14.4,"Vibrio cholerae,Salmonella typhi,Hepatitis A virus,Shigella spp.,E. coli,Leptospira"
0,0,1,0,1,0,0,1,0,1,0,0,1,1,8.1,14.2,"Salmonella typhi,Hepatitis A virus"
1,0,0,1,1,0,1,1,1,1,1,1,0,1,8.7,3.2,"Hepatitis A virus,Shigella spp.,Pseudomonas"
0,0,1,0,0,1,1,1,0,1,1,0,0,0,6.7,9.4,"Hepatitis A virus,Pseudomonas"
0,1,1,0,1,0,1,0,1,1,0,0,0,1,7.0,3.6,Salmonella typhi
0,1,1,1,0,0,0,1,1,0,1,0,1,1,5.7,13.7,"Vibrio cholerae,Salmonella typhi,Hepatitis A virus,Shigella spp.,E. coli,Giardia lamblia"
0,0,0,1,1,0,0,1,1,1,1,1,1,1,7.8,13.5,"Hepatitis A virus,E. coli,Giardia lamblia,Pseudomonas"
0,0,0,1,0,0,0,1,0,1,0,1,0,0,5.3,9.0,"Shigella spp.,E. coli,Giardia lamblia"
0,1,0,0,0,1,0,1,0,0,0,0,0,0,6.9,3.6,"Salmonella typhi,Hepatitis A virus"
0,1,1,0,0,1,1,1,1,1,0,0,1,1,6.9,14.2,"Vibrio cholerae,Salmonella typhi,Hepatitis A virus,Shigella spp."
1,0,1,0,1,0,0,1,1,1,1,0,0,0,5.5,11.6,"Vibrio cholerae,Salmonella typhi,Hepatitis A virus,E. coli,Giardia lamblia,Pseudomonas,Cryptosporidium"
1,0,0,0,1,1,0,0,1,1,0,1,0,0,9.0,1.2,None
1,1,0,1,1,0,0,0,1,1,0,1,1,0,8.9,9.0,"Hepatitis A virus,Shigella spp.,E. coli,Giardia lamblia,Cryptosporidium"
0,0,1,0,0,0,1,1,1,1,0,1,0,1,7.8,4.0,"Salmonella typhi,Hepatitis A virus"
1,0,0,1,1,1,0,1,0,1,1,0,0,1,8.0,12.6,"Hepatitis A virus,Shigella spp.,E. coli,Giardia lamblia,Cryptosporidium"
0,0,1,1,0,0,1,1,1,0,1,0,0,0,6.0,0.3,"Hepatitis A virus,Shigella spp.,Pseudomonas"
1,0,0,1,0,0,1,1,0,0,0,1,0,1,6.4,6.5,"Vibrio cholerae,Salmonella typhi,Hepatitis A virus,E. coli,Giardia lamblia,Cryptosporidium"
1,0,1,1,1,0,0,0,1,0,0,1,0,1,7.2,4.4,"Salmonella typhi,Hepatitis A virus,Shigella spp.,E. coli,Giardia lamblia,Leptospira"
1,0,0,1,1,0,1,0,1,0,0,0,0,0,5.3,10.9,"Vibrio cholerae,Salmonella typhi,Shigella spp.,E. coli,Giardia lamblia,Cryptosporidium"
1,1,1,0,1,1,1,1,0,1,1,1,0,0,5.8,13.9,"Vibrio cholerae,Hepatitis A virus,E. coli,Leptospira,Pseudomonas,Cryptosporidium"
1,0,0,1,0,0,1,0,0,0,0,1,0,0,8.9,5.9,"Salmonella typhi,E. coli"
0,1,0,1,0,1,0,0,0,1,1,0,1,0,8.6,1.7,"Shigella spp.,Pseudomonas"
1,1,0,1,1,1,0,1,1,1,1,0,0,0,8.5,14.5,"Salmonella typhi,Hepatitis A virus,Shigella spp.,Giardia lamblia,Cryptosporidium"
1,0,1,1,0,1,1,0,1,0,0,0,1,0,5.6,12.0,"Vibrio cholerae,Salmonella typhi,Hepatitis A virus,E. coli,Giardia lamblia,Cryptosporidium"
1,0,0,1,0,0,0,0,0,0,0,1,0,0,8.4,1.4,Shigella spp.
0,1,0,1,0,0,0,1,0,1,0,0,0,1,8.7,5.2,"Hepatitis A virus,Shigella spp.,E. coli,Giardia lamblia"
0,1,1,0,0,1,1,0,0,0,1,0,0,1,6.8,6.7,"Vibrio cholerae,Salmonella typhi,Pseudomonas"
1,0,0,0,1,0,0,0,0,0,0,0,1,0,5.1,11.7,"Vibrio cholerae,Hepatitis A virus,Shigella spp.,E. coli,Giardia lamblia,Cryptosporidium"
0,0,0,0,1,1,0,1,1,0,0,0,1,0,5.2,4.6,"Salmonella typhi,Hepatitis A virus,Shigella spp.,Giardia lamblia"
1,1,1,0,0,1,0,0,0,0,1,1,1,1,7.5,9.0,"Salmonella typhi,Shigella spp.,E. coli,Leptospira,Pseudomonas,Cryptosporidium"
0,1,1,1,0,1,0,0,0,1,0,0,0,1,6.6,8.8,"Vibrio cholerae,Salmonella typhi,E. coli"
1,0,1,1,1,0,0,0,1,0,1,0,0,0,8.0,1.9,"Hepatitis A virus,Shigella spp.,Pseudomonas"
0,0,0,0,1,1,0,0,1,0,0,0,0,1,5.6,0.7,None
0,0,1,1,1,1,1,0,0,1,0,0,1,1,5.6,5.5,"Salmonella typhi,Hepatitis A virus,Shigella spp.,E. coli,Giardia lamblia"
0,1,0,0,1,1,1,0,1,1,0,1,1,0,5.1,5.9,"Vibrio cholerae,Salmonella typhi,Hepatitis A virus,Shigella spp.,Giardia lamblia"
0,0,1,1,1,0,1,0,0,1,0,1,1,0,5.8,12.0,"Salmonella typhi,Hepatitis A virus,Shigella spp.,E. coli,Giardia lamblia,Leptospira"
1,1,1,1,1,1,1,0,0,0,0,1,1,1,7.8,3.5,"Salmonella typhi,Hepatitis A virus,Shigella spp.,Giardia lamblia,Leptospira"
0,1,0,0,1,0,1,0,1,1,1,0,0,0,9.0,1.6,"Hepatitis A virus,Pseudomonas"
0,0,1,1,1,0,1,1,0,0,0,1,0,1,5.5,12.6,"Salmonella typhi,Hepatitis A virus,Shigella spp.,E. coli,Giardia lamblia,Leptospira"
0,1,1,1,1,1,1,0,0,0,1,0,1,0,7.0,4.3,"Salmonella typhi,Hepatitis A virus,E. coli,Giardia lamblia,Pseudomonas"
0,0,0,0,1,1,0,0,0,1,0,1,0,1,7.9,2.0,Hepatitis A virus
1,1,1,0,0,0,1,1,1,0,1,0,1,1,7.6,13.4,"Salmonella typhi,Shigella spp.,E. coli,Pseudomonas,Cryptosporidium"
0,1,0,0,1,1,0,0,1,0,0,0,0,0,8.4,1.7,Hepatitis A virus
0,0,0,0,0,0,1,0,0,0,1,1,1,0,9.0,2.1,"Salmonella typhi,Shigella spp.,Pseudomonas"
1,0,0,1,1,0,0,1,1,1,1,0,0,0,7.2,8.2,"Hepatitis A virus,Shigella spp.,E. coli,Giardia lamblia,Pseudomonas,Cryptosporidium"
1,0,1,0,1,0,0,0,0,0,1,1,0,0,8.5,5.1,"Salmonella typhi,Hepatitis A virus,Giardia lamblia,Leptospira,Pseudomonas,Cryptosporidium"
0,1,1,0,0,1,0,1,1,1,1,1,1,0,6.3,3.5,"Salmonella typhi,Leptospira,Pseudomonas"
0,1,0,1,1,0,1,1,1,1,0,0,0,0,7.0,9.1,"Salmonella typhi,Hepatitis A virus,Shigella spp.,E. coli,Giardia lamblia"
0,1,0,1,0,1,0,1,0,1,0,0,1,1,7.3,7.8,"Shigella spp.,E. coli"
1,1,0,1,1,0,0,0,1,0,0,1,0,0,7.7,7.9,"Hepatitis A virus,Shigella spp.,E. coli,Giardia lamblia,Cryptosporidium"
1,1,0,0,1,0,1,1,1,1,0,0,1,1,5.7,2.1,"Hepatitis A virus,Shigella spp."
1,1,0,1,1,0,1,0,0,0,1,0,0,1,6.3,2.5,"Salmonella typhi,Hepatitis A virus,Shigella spp.,Pseudomonas"
1,0,1,1,1,0,1,0,0,1,1,1,0,1,5.9,0.3,"Hepatitis A virus,Shigella spp.,Leptospira,Pseudomonas"
1,1,0,1,0,1,1,1,0,0,1,1,0,0,6.7,10.9,"Vibrio cholerae,Salmonella typhi,Shigella spp.,E. coli,Giardia lamblia,Pseudomonas,Cryptosporidium"
0,1,0,0,1,0,1,1,0,0,1,1,0,0,8.0,11.0,"Salmonella typhi,Hepatitis A virus,Pseudomonas"
1,1,1,0,0,0,1,0,1,1,0,0,1,1,5.1,5.9,"Vibrio cholerae,Salmonella typhi,Hepatitis A virus,Shigella spp.,E. coli,Cryptosporidium"
1,1,1,1,0,0,0,0,1,0,0,0,1,1,7.8,8.8,"Salmonella typhi,Hepatitis A virus,Shigella spp.,E. coli,Giardia lamblia,Cryptosporidium"
0,0,1,0,0,0,0,1,0,0,0,1,1,0,6.5,8.8,Hepatitis A virus
0,1,1,1,1,0,0,0,1,1,1,1,0,1,8.4,14.9,"Salmonella typhi,Hepatitis A virus,E. coli,Giardia lamblia,Leptospira,Pseudomonas"
0,0,1,0,0,0,1,0,0,1,1,0,1,0,6.4,7.6,Salmonella typhi
1,1,1,0,1,0,0,0,0,1,1,0,0,1,6.3,7.8,"Vibrio cholerae,Salmonella typhi,Hepatitis A virus,E. coli,Giardia lamblia,Pseudomonas"
1,0,0,0,0,0,0,1,0,0,0,0,1,0,5.3,8.7,"Vibrio cholerae,Hepatitis A virus,Shigella spp.,E. coli,Cryptosporidium"
1,1,0,0,0,0,1,1,0,0,0,1,1,0,6.8,2.9,"Salmonella typhi,Hepatitis A virus,Shigella spp."
1,0,1,1,0,1,1,0,1,0,1,1,1,1,8.9,5.9,"Salmonella typhi,Hepatitis A virus,Shigella spp.,E. coli,Giardia lamblia,Leptospira,Pseudomonas,Cryptosporidium"
1,0,1,1,1,0,1,0,1,0,0,1,1,1,5.9,5.8,"Salmonella typhi,Hepatitis A virus,Shigella spp.,E. coli,Giardia lamblia,Leptospira,Cryptosporidium"
0,0,1,0,0,0,0,0,0,1,0,1,0,0,7.3,10.0,"Salmonella typhi,Leptospira"
0,1,1,0,1,1,1,0,1,0,1,0,0,1,6.7,6.1,"Vibrio cholerae,Hepatitis A virus,Giardia lamblia"
0,1,1,1,0,1,1,0,0,0,1,1,0,1,5.4,9.9,"Vibrio cholerae,Salmonella typhi,E. coli,Giardia lamblia,Leptospira,Pseudomonas"
0,0,1,1,0,1,0,0,0,0,1,1,0,0,7.1,12.3,"Shigella spp.,Giardia lamblia,Leptospira,Pseudomonas"
1,1,0,1,1,0,1,1,1,1,1,0,0,1,7.3,8.2,"Salmonella typhi,Hepatitis A virus,Shigella spp.,E. coli,Giardia lamblia"
1,0,1,0,1,0,0,0,1,1,0,1,1,0,8.0,12.8,"Salmonella typhi,E. coli,Giardia lamblia"
0,0,1,0,1,1,1,1,1,1,1,0,1,1,6.6,10.5,"Hepatitis A virus,Shigella spp.,Giardia lamblia,Pseudomonas"
1,0,1,1,1,1,1,0,1,1,1,1,0,1,7.5,9.8,"Salmonella typhi,Hepatitis A virus,Shigella spp.,E. coli,Giardia lamblia,Leptospira,Pseudomonas,Cryptosporidium"
0,1,1,1,0,0,1,1,0,1,1,0,1,0,6.5,0.6,"Hepatitis A virus,Shigella spp."
0,0,1,1,0,1,0,1,0,1,0,1,1,0,6.7,7.0,"Salmonella typhi,Hepatitis A virus,Shigella spp.,E. coli,Giardia lamblia,Leptospira"
1,1,1,0,0,1,0,1,1,1,1,1,1,1,7.2,12.8,"Salmonella typhi,Shigella spp.,E. coli,Leptospira,Cryptosporidium"
0,0,0,1,0,1,1,1,0,1,1,1,1,0,8.5,6.7,"Salmonella typhi,Hepatitis A virus,Shigella spp.,E. coli,Giardia lamblia,Pseudomonas"
1,1,1,1,1,1,1,0,0,0,1,0,0,0,5.5,2.6,"Salmonella typhi,Hepatitis A virus,Shigella spp.,Pseudomonas"
1,1,1,0,0,1,0,1,0,1,0,0,0,0,8.6,11.9,"Salmonella typhi,Hepatitis A virus,E. coli,Cryptosporidium"
1,0,1,1,0,0,0,0,1,1,1,0,0,1,8.2,13.5,"Hepatitis A virus,Shigella spp.,E. coli,Pseudomonas,Cryptosporidium"
0,0,0,1,0,0,1,1,1,1,0,0,0,0,6.2,7.6,"Hepatitis A virus,Shigella spp.,E. coli,Giardia lamblia"
1,0,0,1,1,0,1,1,0,0,0,1,0,1,5.6,2.8,"Salmonella typhi,Hepatitis A virus,Shigella spp."
1,0,0,1,1,1,0,0,0,1,0,1,0,1,8.4,10.2,"Shigella spp.,E. coli,Cryptosporidium"
1,0,1,1,0,0,1,0,1,0,0,1,1,0,6.5,11.1,"Vibrio cholerae,Salmonella typhi,Hepatitis A virus,Shigella spp.,E. coli,Giardia lamblia,Leptospira,Cryptosporidium"
0,0,1,0,0,0,0,1,0,0,0,1,1,1,7.7,9.2,"Salmonella typhi,Hepatitis A virus,Leptospira"
0,1,1,1,0,1,0,1,1,0,0,0,1,1,6.5,6.4,"Vibrio cholerae,Salmonella typhi,Shigella spp.,E. coli,Giardia lamblia"
0,0,1,0,1,1,0,1,1,0,1,0,0,0,6.8,5.5,"Salmonella typhi,Hepatitis A virus"
1,1,1,1,0,1,0,1,0,0,0,1,1,1,8.9,9.2,"Salmonella typhi,Hepatitis A virus,Shigella spp.,E. coli,Leptospira"
1,1,1,0,0,1,1,1,1,1,0,1,1,1,8.1,11.5,"Salmonella typhi,E. coli,Leptospira,Cryptosporidium"
1,1,1,1,0,0,0,1,0,0,0,0,0,0,6.9,10.2,"Vibrio cholerae,Hepatitis A virus,Shigella spp.,Giardia lamblia,Cryptosporidium"
1,0,1,1,1,1,0,0,0,0,1,1,0,0,6.0,0.9,"Hepatitis A virus,Shigella spp.,Pseudomonas"
1,0,1,1,1,1,0,1,0,1,1,1,0,1,5.7,3.6,"Salmonella typhi,Hepatitis A virus,Shigella spp.,Giardia lamblia,Pseudomonas"
0,1,0,1,1,1,1,1,1,1,1,1,0,1,7.8,5.9,"Salmonella typhi,Hepatitis A virus,Shigella spp.,E. coli,Giardia lamblia,Pseudomonas"
1,1,1,1,1,1,0,0,0,1,0,0,0,0,6.9,1.1,"Hepatitis A virus,Shigella spp."
1,1,1,0,1,0,1,1,0,0,1,0,0,0,8.6,14.3,"Salmonella typhi,Hepatitis A virus,E. coli,Giardia lamblia,Pseudomonas,Cryptosporidium"
1,0,0,1,1,1,0,1,1,1,0,0,1,0,7.3,0.5,"Hepatitis A virus,Shigella spp."
0,0,0,0,0,0,1,0,1,1,1,1,0,1,6.5,10.3,"Salmonella typhi,Hepatitis A virus,Pseudomonas"
1,1,0,1,1,1,1,0,1,1,1,0,0,0,8.5,8.2,"Hepatitis A virus,Shigella spp.,E. coli,Cryptosporidium"
0,1,0,1,1,1,0,0,0,0,1,1,1,1,8.4,3.0,"Salmonella typhi,Hepatitis A virus,Shigella spp.,Pseudomonas"
1,0,1,0,1,0,1,1,0,0,1,0,1,1,8.2,1.8,"Hepatitis A virus,Shigella spp."
0,0,0,1,1,0,0,1,0,1,0,1,0,0,5.9,7.3,"Hepatitis A virus,Shigella spp.,E. coli"
0,1,0,0,1,0,0,1,0,0,1,1,1,1,7.4,0.3,"Hepatitis A virus,Shigella spp.,Pseudomonas"
0,1,1,1,1,0,0,1,0,0,0,0,1,1,6.8,11.6,"Vibrio cholerae,Salmonella typhi,Shigella spp.,E. coli,Giardia lamblia"
0,1,1,0,1,0,0,1,0,1,0,0,1,1,6.0,1.2,None
0,0,1,1,0,0,1,1,0,0,0,1,0,0,6.1,6.9,"Salmonella typhi,Hepatitis A virus,Shigella spp.,E. coli,Giardia lamblia,Leptospira"
1,0,0,1,0,0,0,1,1,1,0,1,1,0,6.9,13.5,"Vibrio cholerae,Hepatitis A virus,Shigella spp.,E. coli,Giardia lamblia,Cryptosporidium"
0,1,1,1,0,0,0,1,1,1,0,1,0,0,7.2,4.2,"Salmonella typhi,Hepatitis A virus,Giardia lamblia,Leptospira"
1,0,1,1,1,1,1,0,1,1,0,1,0,1,5.2,13.1,"Vibrio cholerae,Salmonella typhi,Hepatitis A virus,E. coli,Giardia lamblia,Leptospira,Cryptosporidium"
0,1,1,1,1,1,1,0,0,0,1,1,1,0,5.9,9.6,"Vibrio cholerae,Salmonella typhi,Hepatitis A virus,Giardia lamblia,Leptospira,Pseudomonas"
1,0,0,1,1,1,1,0,1,1,0,1,1,1,5.3,4.3,"Hepatitis A virus,Shigella spp.,E. coli,Giardia lamblia"
1,0,1,1,0,1,1,1,1,0,1,1,1,1,7.0,13.5,"Salmonella typhi,Hepatitis A virus,Shigella spp.,E. coli,Giardia lamblia,Leptospira,Pseudomonas,Cryptosporidium"
1,1,1,0,0,1,0,0,1,0,0,0,0,1,5.1,2.6,Salmonella typhi
1,0,0,0,0,0,1,0,0,1,1,1,1,1,5.7,1.5,"Shigella spp.,Pseudomonas"
0,0,1,1,1,0,1,1,1,0,0,1,0,0,5.8,8.8,"Salmonella typhi,Hepatitis A virus,E. coli,Giardia lamblia,Leptospira"
0,0,1,0,1,1,0,0,1,0,1,1,1,1,7.5,0.4,"Hepatitis A virus,Shigella spp.,Leptospira,Pseudomonas"
0,1,0,1,0,0,0,1,0,0,0,1,0,0,8.9,1.1,Shigella spp.
1,1,1,0,1,1,1,0,0,0,1,1,1,0,5.9,8.6,"Vibrio cholerae,Salmonella typhi,Hepatitis A virus,Shigella spp.,Giardia lamblia,Leptospira,Pseudomonas"
1,0,1,0,0,1,0,1,1,0,1,0,1,1,7.2,12.9,"Salmonella typhi,Hepatitis A virus,Shigella spp.,E. coli,Pseudomonas,Cryptosporidium"
0,0,0,0,0,0,1,0,0,1,0,1,1,0,7.2,3.9,Salmonella typhi
0,1,1,1,1,1,1,1,0,1,1,0,0,0,7.8,12.2,"Salmonella typhi,Shigella spp.,Giardia lamblia,Pseudomonas"
1,0,1,0,0,1,0,0,1,0,1,0,0,1,5.3,13.6,"Vibrio cholerae,Salmonella typhi,E. coli,Pseudomonas,Cryptosporidium"
0,0,0,0,1,0,1,1,1,0,0,0,0,1,7.7,0.6,None
1,0,1,1,1,0,1,1,1,1,1,0,1,0,6.0,10.2,"Vibrio cholerae,Salmonella typhi,Shigella spp.,Giardia lamblia,Pseudomonas,Cryptosporidium"
1,0,1,0,0,0,0,1,1,0,1,1,1,0,6.6,14.7,"Vibrio cholerae,Salmonella typhi,Hepatitis A virus,Shigella spp.,E. coli,Leptospira,Pseudomonas"
0,0,1,1,0,0,1,1,0,0,1,1,0,0,5.2,4.6,"Shigella spp.,E. coli,Leptospira"
0,0,1,0,1,1,0,0,1,1,0,0,0,1,7.6,11.3,"Salmonella typhi,Giardia lamblia"
0,1,0,1,1,0,0,0,0,1,0,1,0,1,8.6,8.2,"Hepatitis A virus,E. coli,Giardia lamblia"
0,0,1,0,1,1,0,0,0,1,0,1,1,0,8.9,2.6,"Salmonella typhi,Leptospira"
1,0,1,1,1,0,0,1,0,0,0,0,0,0,5.2,4.1,"Salmonella typhi,Hepatitis A virus,Shigella spp.,E. coli"
0,1,1,0,0,1,1,1,0,0,1,0,0,0,8.0,7.3,"Hepatitis A virus,Pseudomonas"
0,1,0,0,0,0,1,1,1,0,1,1,0,1,8.7,5.7,"Salmonella typhi,Hepatitis A virus,Pseudomonas"
1,0,1,1,0,1,0,0,1,0,1,0,0,1,8.4,6.2,"Hepatitis A virus,Shigella spp.,Giardia lamblia,Pseudomonas,Cryptosporidium"
1,0,0,1,0,1,1,1,1,1,0,0,0,0,6.8,2.6,Shigella spp.
0,0,0,0,1,0,0,0,0,1,1,0,1,1,8.2,6.1,"Hepatitis A virus,Shigella spp.,Giardia lamblia,Pseudomonas"
1,0,1,1,1,1,1,0,1,1,1,0,0,0,7.8,11.7,"Salmonella typhi,Hepatitis A virus,Shigella spp.,Giardia lamblia,Pseudomonas,Cryptosporidium"
0,1,1,0,1,1,1,1,0,1,0,0,1,0,6.6,11.8,"Vibrio cholerae,Salmonella typhi,Shigella spp.,Giardia lamblia"
0,1,0,1,0,0,1,1,1,0,1,1,1,0,8.3,11.8,"Hepatitis A virus,Shigella spp.,Giardia lamblia,Pseudomonas"
1,1,0,1,0,1,0,0,1,1,1,1,1,1,8.1,3.1,"Salmonella typhi,Hepatitis A virus,Shigella spp.,Giardia lamblia,Pseudomonas"
0,0,1,1,0,1,1,1,0,1,0,0,0,0,8.4,8.1,"Salmonella typhi,Hepatitis A virus,Shigella spp.,E. coli,Giardia lamblia"
1,1,0,0,0,0,1,0,0,1,0,1,0,0,8.6,0.4,None
1,1,0,1,1,0,1,0,1,1,0,0,0,0,5.1,11.2,"Vibrio cholerae,Hepatitis A virus,Shigella spp.,E. coli,Giardia lamblia,Cryptosporidium"
1,0,1,1,1,1,1,1,1,1,1,0,1,0,5.3,10.8,"Vibrio cholerae,Hepatitis A virus,Shigella spp.,E. coli,Giardia lamblia,Pseudomonas,Cryptosporidium"
1,0,0,1,1,0,1,1,0,0,1,0,0,0,6.3,0.1,"Hepatitis A virus,Shigella spp.,Pseudomonas"
0,1,1,1,0,1,0,0,0,0,1,1,1,0,6.8,13.3,"Vibrio cholerae,Salmonella typhi,Shigella spp.,E. coli,Giardia lamblia,Leptospira,Pseudomonas"
1,1,1,0,0,1,1,0,0,0,0,0,0,0,5.0,1.1,None
0,0,1,1,0,0,0,1,1,1,1,1,0,0,7.8,11.5,"Salmonella typhi,Shigella spp.,E. coli,Giardia lamblia,Leptospira,Pseudomonas"
0,0,0,0,1,1,1,0,0,1,0,1,0,1,7.7,8.0,"Salmonella typhi,Hepatitis A virus"
1,1,0,1,0,0,1,0,0,1,0,1,1,1,7.4,12.0,Giardia lamblia
1,0,1,1,1,0,0,0,0,1,0,0,1,0,8.5,15.0,"Salmonella typhi,Hepatitis A virus,E. coli,Giardia lamblia,Cryptosporidium"
0,0,0,0,0,1,1,0,0,0,0,0,1,0,7.1,8.9,"Salmonella typhi,Shigella spp."
1,1,1,1,1,0,1,0,1,1,1,1,0,0,8.1,11.3,"Salmonella typhi,Hepatitis A virus,Shigella spp.,E. coli,Giardia lamblia,Leptospira,Pseudomonas,Cryptosporidium"
1,0,0,1,0,1,1,1,0,0,0,0,0,0,7.5,4.7,"Hepatitis A virus,Shigella spp.,Giardia lamblia"
0,1,0,1,1,1,0,1,1,0,1,0,1,1,6.5,8.1,"Salmonella typhi,Hepatitis A virus,Shigella spp.,E. coli,Giardia lamblia,Pseudomonas"
1,1,0,0,1,1,0,1,0,1,1,0,1,0,7.1,6.9,"Hepatitis A virus,Shigella spp.,E. coli,Giardia lamblia,Pseudomonas,Cryptosporidium"
1,1,0,0,1,0,1,1,0,1,0,1,0,1,8.8,12.8,"Salmonella typhi,Hepatitis A virus,E. coli,Giardia lamblia,Cryptosporidium"
0,0,1,0,1,1,1,1,1,1,0,0,0,1,7.7,9.7,"Salmonella typhi,Hepatitis A virus,Giardia lamblia"
0,1,0,0,0,0,0,0,0,1,0,1,1,1,5.8,13.1,"Vibrio cholerae,Shigella spp."
0,0,1,1,1,1,0,0,1,1,1,1,1,0,8.1,10.4,"Salmonella typhi,Hepatitis A virus,Shigella spp.,E. coli,Giardia lamblia,Leptospira,Pseudomonas"
1,0,0,0,1,1,1,1,0,0,0,1,0,1,8.2,3.3,"Hepatitis A virus,Giardia lamblia"
0,1,1,1,0,1,0,0,0,1,1,1,0,1,5.4,5.8,"Vibrio cholerae,Salmonella typhi,E. coli,Giardia lamblia,Leptospira,Pseudomonas"
1,1,0,1,0,1,0,1,0,1,0,0,0,0,9.0,7.6,E. coli
1,1,0,1,0,1,0,0,0,1,1,1,0,1,7.1,12.7,"Salmonella typhi,Shigella spp.,E. coli,Giardia lamblia,Pseudomonas,Cryptosporidium"
1,1,1,1,0,0,1,1,0,1,0,0,1,1,8.3,11.0,"Salmonella typhi,Hepatitis A virus,Shigella spp.,E. coli,Giardia lamblia,Cryptosporidium"
1,0,0,1,0,1,0,0,0,0,1,1,1,0,6.6,5.2,"Vibrio cholerae,Shigella spp.,E. coli,Giardia lamblia,Pseudomonas"
1,1,1,0,1,1,0,1,1,1,1,0,0,1,6.9,6.7,"Vibrio cholerae,Hepatitis A virus,E. coli,Giardia lamblia,Pseudomonas,Cryptosporidium"
1,1,1,0,0,1,0,1,0,0,1,0,1,1,8.4,3.2,"Salmonella typhi,Hepatitis A virus,Shigella spp.,Pseudomonas"
0,1,0,0,0,1,1,1,1,0,0,1,1,0,5.7,0.2,Hepatitis A virus
1,0,1,1,0,0,1,1,1,0,0,1,1,0,8.8,6.8,"Hepatitis A virus,Shigella spp.,E. coli,Giardia lamblia,Leptospira,Cryptosporidium"
1,1,0,1,1,1,0,0,0,0,0,0,1,1,7.1,6.4,"Salmonella typhi,Shigella spp.,E. coli,Giardia lamblia,Cryptosporidium"
0,0,0,1,0,1,1,1,0,1,0,0,1,0,6.4,7.1,"Shigella spp.,E. coli,Giardia lamblia"
0,1,0,0,1,1,0,1,0,1,0,1,0,0,6.9,8.8,"Vibrio cholerae,Hepatitis A virus,Giardia lamblia"
1,0,0,0,0,1,1,1,0,1,0,1,0,0,7.7,7.5,"Hepatitis A virus,E. coli,Cryptosporidium"
1,1,0,1,1,1,1,1,0,1,0,0,0,0,5.9,3.6,"Salmonella typhi,Hepatitis A virus,Shigella spp.,Giardia lamblia"
0,0,1,0,1,1,1,0,0,0,0,1,0,0,8.6,8.3,"Salmonella typhi,Hepatitis A virus"
0,0,0,1,0,1,1,0,1,1,0,1,1,1,5.1,14.9,"Salmonella typhi,Hepatitis A virus,Shigella spp.,Giardia lamblia"
0,1,1,1,0,0,1,1,0,0,1,1,1,0,7.7,8.3,"Salmonella typhi,Shigella spp.,E. coli,Giardia lamblia,Leptospira,Pseudomonas"
1,0,0,0,0,0,0,0,0,0,0,0,0,0,8.0,4.8,E. coli
1,1,1,1,1,0,0,0,1,0,0,1,0,0,5.0,7.1,"Salmonella typhi,Hepatitis A virus,Shigella spp.,E. coli,Giardia lamblia,Leptospira,Cryptosporidium"
0,0,0,0,1,1,0,0,0,0,0,0,1,1,6.0,4.4,"Salmonella typhi,Hepatitis A virus,Shigella spp.,Giardia lamblia"
1,1,1,0,1,1,0,1,1,0,1,0,1,0,8.5,11.2,"Salmonella typhi,Hepatitis A virus,Shigella spp.,E. coli,Giardia lamblia,Pseudomonas"
1,1,0,1,0,1,1,1,0,1,1,1,1,1,5.9,7.1,"Vibrio cholerae,Salmonella typhi,Hepatitis A virus,Shigella spp.,Giardia lamblia,Pseudomonas,Cryptosporidium"
0,0,1,1,1,0,1,1,0,1,0,0,1,1,8.9,5.9,"Hepatitis A virus,Shigella spp.,E. coli"
0,0,0,1,0,0,1,1,0,1,1,1,0,0,8.4,11.2,"Salmonella typhi,Hepatitis A virus,Shigella spp.,E. coli,Giardia lamblia,Pseudomonas"
1,0,0,0,1,0,1,0,0,0,1,1,1,1,7.7,12.7,"Hepatitis A virus,Shigella spp.,Giardia lamblia,Pseudomonas"
0,0,0,1,0,0,0,0,1,0,1,0,1,0,6.1,12.4,"Hepatitis A virus,Shigella spp.,E. coli,Giardia lamblia,Pseudomonas"
1,0,0,1,0,1,0,0,1,1,0,1,1,1,5.8,8.0,"Salmonella typhi,Cryptosporidium"
0,1,1,0,1,0,0,1,0,1,1,0,0,0,8.4,4.1,"Giardia lamblia,Pseudomonas"
0,1,0,1,1,1,1,0,1,1,0,0,1,0,7.8,0.4,"Hepatitis A virus,Shigella spp."
1,0,1,1,1,1,1,0,0,0,0,1,0,0,5.2,9.9,"Vibrio cholerae,Hepatitis A virus,Shigella spp.,E. coli,Giardia lamblia,Cryptosporidium"
1,0,0,0,0,1,0,0,0,1,1,0,0,1,6.8,8.2,"Vibrio cholerae,Salmonella typhi,E. coli,Pseudomonas,Cryptosporidium"
1,1,1,0,0,1,0,0,0,0,0,0,0,1,5.5,4.2,"Salmonella typhi,E. coli"
1,0,0,0,1,0,1,1,1,0,0,0,1,0,7.8,4.6,"Salmonella typhi,Hepatitis A virus,E. coli,Giardia lamblia"
1,1,0,0,0,0,0,0,1,1,0,1,0,1,5.4,14.0,"Vibrio cholerae,Hepatitis A virus,E. coli,Cryptosporidium"
1,1,0,0,0,0,1,0,0,1,1,0,1,1,5.5,15.0,"Vibrio cholerae,Shigella spp.,Pseudomonas,Cryptosporidium"
0,0,0,1,0,0,1,0,1,1,0,1,1,1,7.5,13.8,"Salmonella typhi,Shigella spp.,E. coli,Giardia lamblia"
1,0,0,0,1,1,0,0,1,1,1,1,1,0,5.3,8.1,"Vibrio cholerae,Salmonella typhi,E. coli,Giardia lamblia,Pseudomonas,Cryptosporidium"
0,1,1,0,1,0,1,0,0,0,1,1,0,0,6.5,5.2,"Vibrio cholerae,Salmonella typhi,Giardia lamblia,Leptospira,Pseudomonas"
0,0,0,1,0,1,0,0,0,0,1,0,1,0,6.9,13.4,"Salmonella typhi,Shigella spp.,E. coli,Giardia lamblia,Pseudomonas"
0,1,1,1,1,0,0,1,1,0,0,1,0,0,8.6,8.3,"Salmonella typhi,Shigella spp.,E. coli,Giardia lamblia,Leptospira"
0,1,0,0,1,1,0,1,0,1,0,0,1,0,8.2,13.6,"Hepatitis A virus,Shigella spp."
1,0,1,0,1,1,1,1,1,1,1,0,0,0,6.4,7.4,"Vibrio cholerae,Salmonella typhi,E. coli,Giardia lamblia,Pseudomonas"
1,1,0,1,0,1,0,1,0,1,0,0,1,1,5.6,1.3,Hepatitis A virus
0,1,1,1,0,1,0,0,1,0,0,0,0,1,9.0,13.4,"Salmonella typhi,Hepatitis A virus,Shigella spp.,E. coli,Giardia lamblia"
1,1,0,1,1,1,1,0,0,0,0,0,0,0,8.1,2.2,"Salmonella typhi,Hepatitis A virus,Shigella spp."
1,0,1,0,0,0,1,0,1,1,0,0,0,0,6.9,11.7,"Vibrio cholerae,Salmonella typhi,Hepatitis A virus,E. coli,Cryptosporidium"
0,1,1,0,0,0,0,0,1,1,0,0,0,1,5.3,3.7,Hepatitis A virus
1,1,0,1,1,0,0,1,0,1,0,0,0,0,6.8,8.2,"Vibrio cholerae,Hepatitis A virus,E. coli,Giardia lamblia,Cryptosporidium"
1,0,0,1,1,0,0,0,0,1,1,0,0,0,8.5,2.6,None
1,1,1,0,1,0,0,0,0,0,1,1,1,1,6.5,5.7,"Vibrio cholerae,Salmonella typhi,Hepatitis A virus,E. coli,Leptospira,Pseudomonas,Cryptosporidium"
0,0,1,0,0,0,0,0,0,0,0,1,1,0,8.0,1.2,"Shigella spp.,Leptospira"
1,0,0,0,0,1,1,0,0,1,0,0,1,1,7.2,7.3,"Shigella spp.,E. coli,Cryptosporidium"
1,1,0,0,0,1,0,1,0,1,1,0,0,1,7.7,9.3,"Salmonella typhi,Hepatitis A virus,E. coli,Pseudomonas,Cryptosporidium"
0,0,1,1,0,0,0,0,0,1,1,1,0,1,8.3,5.2,"Shigella spp.,E. coli,Giardia lamblia,Leptospira,Pseudomonas"
0,0,1,1,0,1,0,1,0,1,1,1,1,0,8.0,13.0,"Salmonella typhi,Hepatitis A virus,Shigella spp.,E. coli,Giardia lamblia,Leptospira,Pseudomonas"
1,1,1,0,1,1,0,1,1,0,0,1,1,1,8.5,7.6,"Salmonella typhi,Hepatitis A virus,Shigella spp.,E. coli,Giardia lamblia,Cryptosporidium"
1,0,1,0,1,0,1,0,1,1,1,0,1,1,8.7,14.3,"Salmonella typhi,Shigella spp.,E. coli,Giardia lamblia,Cryptosporidium"
1,0,0,1,1,0,1,0,0,0,1,1,1,0,6.4,4.1,"Salmonella typhi,Hepatitis A virus,Shigella spp.,E. coli"
0,0,0,1,1,1,0,1,0,0,0,0,0,0,6.5,0.8,Hepatitis A virus
0,0,1,0,0,0,1,1,1,1,1,0,0,1,5.9,12.4,"Salmonella typhi,Hepatitis A virus,Pseudomonas"
1,0,1,0,0,1,1,1,1,0,0,1,0,1,6.8,1.3,"Hepatitis A virus,Leptospira"
1,1,0,1,0,0,0,1,0,1,1,0,1,1,5.3,11.0,"Vibrio cholerae,Shigella spp.,E. coli,Giardia lamblia,Pseudomonas,Cryptosporidium"
1,0,1,0,0,0,0,0,0,0,1,0,0,1,8.2,7.0,"Salmonella typhi,Pseudomonas,Cryptosporidium"
1,1,1,0,1,1,1,1,0,1,1,0,0,1,7.4,6.6,"Salmonella typhi,E. coli,Giardia lamblia,Pseudomonas"
1,0,1,1,1,0,0,1,1,1,0,0,1,1,7.3,11.5,"Salmonella typhi,Hepatitis A virus,Shigella spp.,E. coli,Cryptosporidium"
0,1,0,0,0,0,1,1,1,0,1,1,1,0,7.6,13.1,"Shigella spp.,Pseudomonas"
1,0,1,1,0,0,1,1,1,1,1,1,0,1,8.6,5.3,"Salmonella typhi,Hepatitis A virus,Shigella spp.,E. coli,Leptospira,Pseudomonas,Cryptosporidium"
1,1,1,1,1,1,0,1,0,1,0,1,1,1,7.8,3.0,"Salmonella typhi,Shigella spp.,Leptospira"
1,1,1,1,0,0,1,1,1,0,0,1,0,0,5.2,4.9,"Shigella spp.,E. coli,Giardia lamblia,Leptospira"
0,1,1,0,0,0,1,1,0,1,1,1,1,1,8.0,7.1,"Salmonella typhi,Hepatitis A virus,Pseudomonas"
0,1,1,1,1,1,1,1,0,1,0,1,1,0,6.6,2.8,"Shigella spp.,Leptospira"
1,0,0,1,1,1,0,1,1,0,1,1,1,0,6.3,9.1,"Vibrio cholerae,Salmonella typhi,Hepatitis A virus,Shigella spp.,E. coli,Cryptosporidium"
0,1,0,0,1,0,0,0,1,0,1,1,0,1,6.8,13.2,"Vibrio cholerae,Hepatitis A virus,Giardia lamblia,Pseudomonas"
0,1,0,1,1,1,1,1,1,1,1,0,0,1,7.8,11.5,"Salmonella typhi,Hepatitis A virus,Shigella spp.,E. coli,Giardia lamblia,Pseudomonas"
0,1,1,1,0,1,1,0,1,1,1,1,0,0,5.2,14.7,"Vibrio cholerae,Salmonella typhi,Hepatitis A virus,Shigella spp.,E. coli,Giardia lamblia,Leptospira,Pseudomonas"
0,0,0,0,1,1,1,1,0,0,0,1,1,1,6.3,4.6,"Salmonella typhi,Hepatitis A virus,Shigella spp.,Giardia lamblia"
1,0,1,1,1,1,0,1,0,0,1,0,1,0,8.9,4.4,"Salmonella typhi,E. coli,Giardia lamblia,Pseudomonas"
1,1,1,1,0,0,1,0,1,0,1,0,1,0,7.1,14.8,"Salmonella typhi,Shigella spp.,Giardia lamblia,Pseudomonas,Cryptosporidium"
1,1,1,1,0,0,1,0,1,0,1,1,0,1,6.6,3.5,"Hepatitis A virus,Shigella spp.,Giardia lamblia,Pseudomonas"
0,0,1,0,1,0,1,1,1,0,1,1,1,1,8.7,13.9,"Salmonella typhi,Hepatitis A virus,Shigella spp.,Giardia lamblia,Leptospira,Pseudomonas"
0,1,1,1,0,0,0,1,0,1,0,0,0,0,6.1,1.8,"Hepatitis A virus,Shigella spp."
0,1,0,1,0,0,1,0,0,0,0,0,0,0,6.5,8.5,"Vibrio cholerae,Salmonella typhi,Shigella spp.,E. coli,Giardia lamblia"
1,1,1,1,0,0,1,0,1,1,1,0,1,1,7.8,14.7,"Salmonella typhi,Hepatitis A virus,Shigella spp.,E. coli,Giardia lamblia,Pseudomonas,Cryptosporidium"
1,1,0,1,0,0,1,0,0,1,1,1,0,1,7.7,3.9,"Salmonella typhi,Shigella spp.,Pseudomonas"
1,1,0,0,0,0,1,0,0,0,1,0,1,0,7.6,6.1,"Salmonella typhi,Shigella spp.,E. coli,Pseudomonas,Cryptosporidium"
0,0,1,0,0,1,1,1,1,0,1,0,0,1,8.2,2.6,"Salmonella typhi,Pseudomonas"
0,1,0,0,0,1,1,0,1,0,1,1,0,1,6.2,2.5,"Salmonella typhi,Hepatitis A virus,Pseudomonas"
0,1,0,1,0,0,1,1,1,1,1,1,1,1,5.7,11.9,"Vibrio cholerae,Shigella spp.,E. coli,Giardia lamblia,Pseudomonas"
1,0,1,0,1,1,1,0,1,1,1,0,0,0,5.2,8.1,"Vibrio cholerae,Salmonella typhi,Hepatitis A virus,E. coli,Giardia lamblia,Cryptosporidium"
1,1,1,1,1,1,1,1,0,0,0,1,1,1,6.1,5.8,"Vibrio cholerae,Salmonella typhi,Hepatitis A virus,Shigella spp.,Giardia lamblia,Cryptosporidium"
1,1,0,1,1,1,1,0,1,1,1,1,1,0,7.6,0.1,Pseudomonas
0,0,0,1,0,1,1,0,1,0,1,1,0,0,7.7,0.3,"Hepatitis A virus,Pseudomonas"
1,0,1,1,0,0,0,0,1,0,1,0,0,1,6.7,12.7,"Vibrio cholerae,Salmonella typhi,Hepatitis A virus,E. coli,Giardia lamblia,Pseudomonas,Cryptosporidium"
1,1,1,1,1,1,0,1,0,1,0,1,1,0,7.1,7.1,"Salmonella typhi,E. coli,Giardia lamblia,Leptospira,Cryptosporidium"
1,0,1,0,1,1,0,1,0,0,0,1,0,1,8.6,14.6,"Salmonella typhi,Hepatitis A virus,Giardia lamblia,Leptospira,Cryptosporidium"
1,0,1,1,1,1,0,1,0,0,1,0,1,1,8.2,4.0,"Salmonella typhi,Hepatitis A virus,Shigella spp.,Giardia lamblia,Pseudomonas"
0,0,0,1,0,0,1,0,1,1,1,0,0,0,6.6,2.0,"Hepatitis A virus,Shigella spp.,Pseudomonas"
1,0,0,0,0,1,1,0,0,0,0,0,1,1,8.3,7.5,"Salmonella typhi,Shigella spp.,E. coli"
1,0,0,0,0,0,0,0,0,1,0,0,0,1,5.2,12.1,"Vibrio cholerae,E. coli,Cryptosporidium"
1,1,0,0,0,0,0,1,1,1,0,1,0,0,9.0,11.3,"Hepatitis A virus,E. coli,Cryptosporidium"
1,1,1,0,1,0,1,1,1,1,1,1,0,1,5.5,3.7,"Salmonella typhi,Hepatitis A virus,Giardia lamblia,Leptospira,Pseudomonas"
1,1,1,1,1,1,0,0,0,0,0,0,0,0,6.7,14.8,"Vibrio cholerae,Salmonella typhi,Hepatitis A virus,Shigella spp.,E. coli,Cryptosporidium"
1,1,0,1,0,1,0,0,0,1,1,1,1,0,7.1,1.1,"Shigella spp.,Pseudomonas"
1,1,1,1,1,1,1,0,1,0,0,1,0,1,8.0,10.8,"Salmonella typhi,Hepatitis A virus,E. coli,Leptospira,Cryptosporidium"
0,1,1,0,0,1,1,1,0,0,0,1,0,1,5.0,11.6,"Vibrio cholerae,Salmonella typhi,Hepatitis A virus,Leptospira"
0,0,0,1,0,1,1,1,0,0,0,1,1,0,6.5,6.6,"Salmonella typhi,Hepatitis A virus,Shigella spp.,E. coli,Giardia lamblia"
1,1,1,0,0,0,1,1,0,0,0,1,1,0,8.9,8.0,"Salmonella typhi,Hepatitis A virus,Shigella spp.,E. coli,Leptospira,Cryptosporidium"
1,0,0,0,1,1,0,1,1,1,1,1,1,0,7.6,13.1,"Salmonella typhi,Shigella spp.,Giardia lamblia,Pseudomonas,Cryptosporidium"
0,0,1,1,0,0,1,1,1,0,1,1,0,1,7.5,11.7,"Salmonella typhi,Shigella spp.,E. coli,Giardia lamblia,Pseudomonas"
1,1,1,0,0,0,1,0,0,0,1,0,1,1,7.0,1.9,"Shigella spp.,Pseudomonas"
1,1,1,0,0,1,0,1,0,1,1,0,0,1,5.4,14.1,"Vibrio cholerae,Hepatitis A virus,E. coli,Pseudomonas,Cryptosporidium"
0,0,1,0,0,0,0,1,0,0,0,1,1,0,7.1,0.7,"Hepatitis A virus,Shigella spp.,Leptospira"
0,1,1,1,0,1,0,0,0,0,1,1,0,1,7.0,0.4,"Shigella spp.,Leptospira,Pseudomonas"
1,0,1,0,0,0,1,1,0,1,1,1,1,1,5.4,6.7,"Vibrio cholerae,Salmonella typhi,Leptospira,Pseudomonas,Cryptosporidium"
1,0,1,0,1,0,0,0,1,0,1,0,1,1,6.4,6.1,"Vibrio cholerae,Hepatitis A virus,Shigella spp.,E. coli,Giardia lamblia,Pseudomonas,Cryptosporidium"
1,1,1,0,1,1,0,0,0,0,0,1,0,1,5.6,9.9,"Vibrio cholerae,Salmonella typhi,Hepatitis A virus,Giardia lamblia,Leptospira,Cryptosporidium"
1,1,0,1,0,0,0,0,1,0,0,0,0,1,5.2,10.4,"Vibrio cholerae,Hepatitis A virus,Shigella spp.,Cryptosporidium"
1,1,0,0,0,0,0,0,0,0,0,1,0,1,8.9,14.6,"E. coli,Cryptosporidium"
1,0,0,0,1,1,1,1,1,0,0,1,1,0,6.5,0.2,"Hepatitis A virus,Shigella spp."
1,0,0,0,0,1,0,0,0,0,1,1,1,0,8.1,7.8,"Shigella spp.,E. coli,Pseudomonas"
1,0,1,0,1,1,1,1,1,0,1,1,1,0,5.6,2.6,"Salmonella typhi,Shigella spp.,Leptospira,Pseudomonas"
0,0,1,0,1,0,1,0,0,1,1,0,1,1,9.0,6.0,"Salmonella typhi,Hepatitis A virus,Shigella spp.,Giardia lamblia,Pseudomonas"
0,0,1,1,1,1,1,1,1,0,1,0,0,1,5.1,11.8,"Salmonella typhi,Shigella spp.,E. coli,Giardia lamblia,Pseudomonas"
1,1,1,1,1,0,1,1,0,0,0,0,0,1,7.7,11.0,"Salmonella typhi,Hepatitis A virus,Shigella spp.,E. coli,Giardia lamblia,Cryptosporidium"
0,0,0,0,1,1,0,1,0,0,1,1,0,0,8.4,8.0,"Salmonella typhi,Hepatitis A virus,Giardia lamblia,Pseudomonas"
0,1,1,0,0,0,0,1,1,0,0,0,1,0,6.7,3.9,"Salmonella typhi,Hepatitis A virus"
0,1,0,0,0,1,0,1,0,0,0,0,1,1,8.1,4.3,"Salmonella typhi,Hepatitis A virus"
1,0,0,1,0,0,0,0,0,1,1,1,0,1,6.9,9.3,"Vibrio cholerae,E. coli,Pseudomonas"
0,1,1,1,1,0,0,1,1,0,1,0,1,0,6.4,3.3,"Giardia lamblia,Pseudomonas"
0,1,1,1,1,1,0,1,0,1,0,1,0,1,8.3,4.7,"Salmonella typhi,Hepatitis A virus,Shigella spp.,E. coli,Giardia lamblia,Leptospira"
1,0,0,1,1,1,0,0,0,0,1,1,1,1,8.6,8.5,"Salmonella typhi,Hepatitis A virus,Shigella spp.,E. coli,Giardia lamblia,Pseudomonas,Cryptosporidium"
1,1,0,1,1,1,0,0,1,1,0,0,0,0,7.3,9.8,"Salmonella typhi,Hepatitis A virus,Shigella spp.,E. coli,Giardia lamblia,Cryptosporidium"
0,0,1,1,1,1,1,1,0,1,0,0,0,0,6.6,6.2,"Salmonella typhi,Hepatitis A virus,Shigella spp.,E. coli,Giardia lamblia"
0,0,1,1,1,0,1,1,1,1,0,0,0,0,6.8,10.8,"Shigella spp.,E. coli,Giardia lamblia"
1,0,1,1,0,0,0,1,0,1,0,0,1,1,6.4,1.2,"Hepatitis A virus,Shigella spp."
0,0,0,1,1,0,0,0,1,1,1,1,0,1,7.0,14.0,"Shigella spp.,E. coli,Giardia lamblia,Pseudomonas"
1,1,1,1,1,1,1,1,0,1,0,0,0,1,7.0,7.4,"Salmonella typhi,Hepatitis A virus,Shigella spp.,E. coli,Giardia lamblia,Cryptosporidium"
0,1,0,0,1,1,0,0,0,1,1,1,1,1,7.0,14.9,"Salmonella typhi,Hepatitis A virus,Pseudomonas"
1,1,1,0,1,0,1,0,0,0,0,1,0,0,8.2,10.9,"E. coli,Giardia lamblia,Leptospira,Cryptosporidium"
0,1,1,0,0,0,0,1,0,1,1,1,1,0,8.7,4.4,"Hepatitis A virus,Shigella spp.,Leptospira,Pseudomonas"
0,1,0,1,0,1,0,1,1,1,1,1,0,1,9.0,14.8,"Salmonella typhi,Hepatitis A virus,Shigella spp.,Pseudomonas"
0,1,1,1,1,1,0,1,0,0,1,0,1,0,7.8,14.9,"Salmonella typhi,Hepatitis A virus,Shigella spp.,E. coli,Giardia lamblia,Pseudomonas"
1,0,1,1,1,0,0,1,0,0,0,1,0,1,8.8,0.3,Shigella spp.
0,1,1,0,1,1,1,0,0,1,0,1,0,1,8.8,13.1,"Hepatitis A virus,Giardia lamblia"
1,1,1,1,0,0,1,1,1,1,0,1,0,1,5.5,1.8,"Hepatitis A virus,Shigella spp.,Leptospira"
1,0,0,0,1,1,1,0,1,0,1,1,1,0,6.7,1.8,"Hepatitis A virus,Pseudomonas"
0,0,1,1,0,1,1,0,1,0,1,1,1,1,7.3,1.1,"Hepatitis A virus,Shigella spp.,Leptospira,Pseudomonas"
1,1,0,0,1,1,1,1,1,0,1,1,1,1,7.9,0.9,"Hepatitis A virus,Shigella spp.,Pseudomonas"
1,1,0,1,1,0,0,1,1,0,0,1,0,0,7.3,2.4,"Hepatitis A virus,Shigella spp."
1,1,1,1,0,1,0,1,1,1,0,1,1,0,8.0,1.3,"Shigella spp.,Leptospira"
0,1,0,0,1,1,1,1,1,0,0,1,0,0,5.0,10.2,"Vibrio cholerae,Hepatitis A virus,Giardia lamblia"
1,1,0,1,0,0,0,1,0,1,0,0,0,0,7.1,12.1,"Hepatitis A virus,Shigella spp.,E. coli,Cryptosporidium"
0,1,0,1,1,1,1,0,1,1,1,0,1,0,5.9,7.0,"Vibrio cholerae,Salmonella typhi,Hepatitis A virus,Shigella spp.,E. coli,Pseudomonas"
1,1,1,1,0,1,0,0,1,1,0,1,0,1,8.0,3.5,"Salmonella typhi,Hepatitis A virus,Shigella spp.,Giardia lamblia"
0,0,0,0,0,0,0,0,0,1,0,0,0,0,8.3,0.9,None
0,0,0,0,0,1,1,1,1,0,0,0,1,1,5.6,14.5,Hepatitis A virus
0,0,0,0,0,1,1,0,0,1,1,0,0,1,7.6,2.6,"Salmonella typhi,Pseudomonas"
1,0,0,0,1,1,1,1,0,0,0,0,1,1,6.1,8.9,"Vibrio cholerae,Salmonella typhi,Hepatitis A virus,Shigella spp.,E. coli,Giardia lamblia,Cryptosporidium"
0,0,1,1,1,1,1,0,1,1,1,1,1,0,8.2,10.8,"Salmonella typhi,Hepatitis A virus,E. coli,Giardia lamblia,Leptospira,Pseudomonas"
0,1,0,0,0,0,0,1,1,1,0,0,1,0,6.0,6.0,"Vibrio cholerae,Shigella spp."
1,1,0,1,1,0,0,1,0,0,1,1,1,1,5.7,13.9,"Vibrio cholerae,Hepatitis A virus,Shigella spp.,E. coli,Pseudomonas,Cryptosporidium"
0,0,1,1,1,1,0,1,0,1,0,0,0,1,7.0,7.9,"Salmonella typhi,Shigella spp.,E. coli,Giardia lamblia"
0,1,0,1,1,0,0,1,0,0,0,1,1,0,6.6,14.5,"Vibrio cholerae,Hepatitis A virus,Shigella spp.,E. coli,Giardia lamblia"
1,1,1,1,0,1,1,1,0,0,1,1,0,0,8.8,2.3,"Salmonella typhi,Hepatitis A virus,Shigella spp.,Leptospira,Pseudomonas"
0,1,0,0,0,1,1,1,0,0,1,0,1,1,8.7,1.8,"Hepatitis A virus,Shigella spp.,Pseudomonas"
1,0,1,1,0,1,1,0,1,1,0,1,1,1,5.2,14.7,"Vibrio cholerae,Salmonella typhi,Hepatitis A virus,Shigella spp.,E. coli,Giardia lamblia,Leptospira,Cryptosporidium"
1,1,1,1,0,0,1,1,1,1,1,1,0,0,7.2,12.6,"Salmonella typhi,Hepatitis A virus,Shigella spp.,E. coli,Leptospira,Cryptosporidium"
0,1,0,0,1,0,0,1,1,1,1,1,0,1,7.8,13.4,"Hepatitis A virus,Giardia lamblia,Pseudomonas"
1,1,1,0,0,0,1,1,0,1,0,1,0,1,6.8,2.8,Leptospira
1,0,0,1,0,0,1,1,1,0,0,0,1,1,7.1,10.3,"Salmonella typhi,Hepatitis A virus,Shigella spp.,E. coli,Giardia lamblia"
1,0,1,1,1,0,1,0,0,0,1,1,1,0,8.8,13.9,"Salmonella typhi,Hepatitis A virus,Shigella spp.,E. coli,Giardia lamblia,Leptospira,Pseudomonas,Cryptosporidium"
0,1,0,1,0,0,1,1,0,1,1,1,0,1,8.7,11.0,"Hepatitis A virus,Shigella spp.,E. coli,Giardia lamblia,Pseudomonas"
0,1,0,1,0,1,1,1,0,1,1,1,1,0,8.1,13.4,"Salmonella typhi,Hepatitis A virus,Shigella spp.,E. coli,Giardia lamblia,Pseudomonas"
0,0,0,1,1,1,1,1,1,0,0,0,1,1,7.1,9.0,"Salmonella typhi,Shigella spp.,E. coli,Giardia lamblia"
1,1,0,1,0,1,0,0,0,0,0,1,0,1,8.8,7.7,"Salmonella typhi,Shigella spp.,E. coli,Giardia lamblia"
1,0,0,1,1,1,1,1,1,1,0,1,1,0,8.9,8.4,"Salmonella typhi,Hepatitis A virus,Shigella spp.,E. coli,Giardia lamblia,Cryptosporidium"
0,0,0,1,0,1,1,1,1,0,0,1,1,1,7.4,0.4,"Hepatitis A virus,Shigella spp."
1,1,0,0,1,1,1,0,0,0,0,1,0,0,8.9,6.1,"Salmonella typhi,E. coli,Giardia lamblia,Cryptosporidium"
0,0,0,1,0,1,0,0,0,0,1,0,0,0,7.2,2.5,"Salmonella typhi,Shigella spp.,Pseudomonas"
0,1,0,0,1,0,1,1,0,1,1,0,0,1,5.4,0.3,"Hepatitis A virus,Pseudomonas"
1,0,0,0,1,1,0,0,1,0,1,1,1,0,8.2,1.5,"Shigella spp.,Pseudomonas"
1,1,0,0,0,1,0,0,0,0,0,1,1,0,7.7,8.1,"Salmonella typhi,Shigella spp.,E. coli,Cryptosporidium"
0,0,0,1,0,1,0,1,1,0,1,0,0,1,7.0,1.5,"Hepatitis A virus,Pseudomonas"
0,1,0,0,1,1,1,1,0,0,0,1,1,1,7.9,8.3,"Salmonella typhi,Hepatitis A virus,Shigella spp."
1,0,1,1,0,0,1,1,0,1,0,1,0,1,6.9,13.4,"Vibrio cholerae,Hepatitis A virus,Shigella spp.,E. coli,Giardia lamblia,Cryptosporidium"
0,0,1,1,1,0,1,1,1,1,0,0,1,0,6.6,6.9,"Salmonella typhi,Hepatitis A virus,Shigella spp.,Giardia lamblia"
1,0,1,0,1,0,0,1,1,1,1,0,0,1,5.8,3.7,"Salmonella typhi,Hepatitis A virus,Giardia lamblia,Pseudomonas"
0,0,0,1,0,0,0,1,0,0,0,1,1,0,8.7,0.4,"Hepatitis A virus,Shigella spp."
0,0,1,1,0,0,0,0,0,1,1,0,0,1,8.4,1.5,"Shigella spp.,Pseudomonas"
0,0,1,1,1,0,0,1,1,0,0,0,0,1,8.2,4.6,"Salmonella typhi,Hepatitis A virus,Shigella spp.,Giardia lamblia"
1,1,1,0,0,1,0,1,0,1,0,1,0,1,8.5,5.2,"Salmonella typhi,Hepatitis A virus,E. coli,Leptospira"
0,0,0,1,0,1,0,1,0,0,1,1,1,0,8.5,9.7,"Salmonella typhi,Hepatitis A virus,Shigella spp.,E. coli,Giardia lamblia,Pseudomonas"
0,0,0,1,0,1,1,0,1,0,0,1,1,0,5.8,8.1,"Hepatitis A virus,Shigella spp.,Giardia lamblia"
1,0,1,0,1,0,1,1,0,0,0,0,1,1,6.5,1.5,Hepatitis A virus
0,1,0,0,0,1,0,1,1,0,0,0,0,0,7.5,3.8,"Salmonella typhi,Hepatitis A virus"
1,0,0,0,1,0,1,1,1,1,1,1,1,1,6.9,10.5,"Vibrio cholerae,Salmonella typhi,Shigella spp.,Pseudomonas,Cryptosporidium"
1,0,0,1,1,0,1,1,1,1,0,0,0,0,5.9,5.5,"Vibrio cholerae,Salmonella typhi,Hepatitis A virus,Shigella spp.,E. coli,Giardia lamblia,Cryptosporidium"
0,1,1,1,1,0,1,0,0,0,0,0,1,1,6.9,12.6,"Vibrio cholerae,Salmonella typhi,Shigella spp.,E. coli,Giardia lamblia"
0,1,1,0,1,1,1,0,0,0,1,1,0,1,6.4,5.2,"Salmonella typhi,Hepatitis A virus,Giardia lamblia,Leptospira,Pseudomonas"
0,0,1,0,0,0,1,1,0,1,1,1,1,0,6.7,10.4,"Salmonella typhi,Hepatitis A virus,Shigella spp.,Leptospira,Pseudomonas"
1,1,1,1,0,0,1,0,0,1,1,1,0,0,8.5,1.0,"Shigella spp.,Leptospira,Pseudomonas"
1,0,1,0,1,0,0,1,0,0,1,0,1,0,7.9,5.3,"Salmonella typhi,Hepatitis A virus,Shigella spp.,E. coli,Cryptosporidium"
0,0,1,0,1,1,1,0,1,1,0,1,1,0,7.3,2.6,"Salmonella typhi,Hepatitis A virus,Leptospira"
1,1,1,0,1,1,1,0,0,1,1,0,1,1,6.6,13.3,"Vibrio cholerae,Hepatitis A virus,Shigella spp.,E. coli,Giardia lamblia,Pseudomonas,Cryptosporidium"
0,0,0,0,0,1,1,0,0,0,0,0,1,0,7.2,2.8,Shigella spp.
1,1,1,1,1,0,1,1,0,0,1,0,1,0,8.4,1.9,"Hepatitis A virus,Shigella spp.,Pseudomonas"
1,1,0,1,1,0,1,1,0,0,0,1,1,1,7.3,1.2,Shigella spp.
0,1,1,0,0,0,1,1,1,1,1,0,0,1,6.2,12.4,"Vibrio cholerae,Salmonella typhi,Hepatitis A virus,Pseudomonas"
1,0,1,1,1,1,1,1,1,1,0,0,1,1,6.0,9.3,"Vibrio cholerae,Hepatitis A virus,E. coli,Giardia lamblia,Cryptosporidium"
0,1,1,0,1,1,0,1,1,0,0,0,1,0,5.1,10.6,"Vibrio cholerae,Salmonella typhi,Hepatitis A virus,Shigella spp.,Giardia lamblia"
0,0,1,1,0,0,0,1,0,0,1,1,1,0,7.6,11.6,"Salmonella typhi,Shigella spp.,E. coli,Giardia lamblia,Leptospira"
1,1,0,0,1,1,1,0,0,0,0,1,0,1,5.6,14.3,"Vibrio cholerae,Salmonella typhi,Hepatitis A virus,E. coli,Giardia lamblia,Cryptosporidium"
1,1,1,0,0,0,0,0,1,0,1,1,0,0,7.6,3.6,"Salmonella typhi,Hepatitis A virus,Leptospira,Pseudomonas"
1,1,0,0,1,0,1,1,1,0,1,0,1,0,7.6,10.4,"Salmonella typhi,Hepatitis A virus,Shigella spp.,Giardia lamblia,Pseudomonas,Cryptosporidium"
1,0,1,1,1,1,0,0,1,0,0,0,0,0,8.2,12.5,"Salmonella typhi,Shigella spp.,E. coli,Cryptosporidium"
1,1,1,1,0,1,1,0,1,1,0,1,0,0,5.2,7.4,"Vibrio cholerae,Salmonella typhi,Hepatitis A virus,Shigella spp.,E. coli,Giardia lamblia,Leptospira,Cryptosporidium"
1,0,0,1,0,0,1,1,1,1,0,0,0,0,5.0,12.5,"Vibrio cholerae,Hepatitis A virus,E. coli,Giardia lamblia,Cryptosporidium"
0,1,1,0,1,0,0,1,1,1,0,0,0,1,7.1,13.2,"Salmonella typhi,Hepatitis A virus,Giardia lamblia"
1,0,0,0,0,1,1,0,1,0,1,1,1,0,8.9,0.3,"Shigella spp.,Pseudomonas"
1,1,0,0,0,0,1,1,1,1,0,0,0,0,8.3,11.2,"Salmonella typhi,Hepatitis A virus,E. coli,Cryptosporidium"
1,1,1,0,0,1,1,1,0,1,0,1,1,1,6.2,10.9,"Vibrio cholerae,Salmonella typhi,Hepatitis A virus,Shigella spp.,E. coli,Leptospira"
1,0,0,0,1,0,1,1,1,1,0,1,1,0,5.3,4.9,"Salmonella typhi,Hepatitis A virus,Shigella spp.,E. coli,Giardia lamblia"
0,1,0,1,0,0,1,1,0,0,0,1,0,1,7.0,0.4,"Hepatitis A virus,Shigella spp."
1,0,0,0,1,1,0,1,1,0,0,0,0,0,7.3,6.0,"Salmonella typhi,Hepatitis A virus,E. coli,Giardia lamblia"
0,1,1,0,0,1,0,1,1,0,1,0,1,1,6.5,14.0,"Vibrio cholerae,Salmonella typhi,Shigella spp.,Pseudomonas"
1,0,1,1,0,1,1,0,1,1,0,0,1,0,5.5,12.9,"Vibrio cholerae,Salmonella typhi,Hepatitis A virus,Shigella spp.,Giardia lamblia,Cryptosporidium"
0,1,0,0,1,0,0,0,1,1,1,1,0,1,5.4,12.7,"Vibrio cholerae,Hepatitis A virus,Giardia lamblia"
1,0,0,1,1,0,0,1,0,0,1,1,0,0,5.3,7.2,"Vibrio cholerae,Hepatitis A virus,Shigella spp.,E. coli,Giardia lamblia,Pseudomonas,Cryptosporidium"
1,0,1,0,0,0,1,0,1,0,0,0,1,0,5.9,7.7,"Vibrio cholerae,Salmonella typhi,Hepatitis A virus,Shigella spp.,E. coli,Cryptosporidium"
1,1,1,0,0,1,0,0,0,0,1,1,0,0,8.0,5.3,"Salmonella typhi,E. coli,Leptospira,Pseudomonas,Cryptosporidium"
1,0,1,0,0,0,0,1,1,0,1,0,1,0,8.7,1.6,Pseudomonas
0,0,1,0,1,1,1,0,1,0,0,0,0,0,6.8,6.5,"Salmonella typhi,Giardia lamblia"
0,0,1,0,0,1,0,0,1,1,1,0,1,1,6.7,1.2,"Shigella spp.,Pseudomonas"
1,0,0,1,1,1,1,1,0,1,0,0,1,1,5.7,10.8,"Vibrio cholerae,Salmonella typhi,Hepatitis A virus,Shigella spp.,E. coli,Giardia lamblia,Cryptosporidium"
0,1,1,0,1,1,1,1,0,1,0,0,0,0,6.1,5.4,"Vibrio cholerae,Salmonella typhi,Hepatitis A virus,Giardia lamblia"
0,1,1,1,0,0,0,0,0,0,1,1,1,0,8.3,10.2,"Salmonella typhi,Shigella spp.,E. coli,Giardia lamblia,Leptospira,Pseudomonas"
0,0,1,1,0,0,1,0,1,0,1,1,1,1,8.4,12.8,"Salmonella typhi,Hepatitis A virus,Shigella spp.,E. coli,Giardia lamblia,Leptospira,Pseudomonas"
0,1,0,1,1,1,1,0,0,0,1,0,1,0,6.6,0.2,"Hepatitis A virus,Shigella spp.,Pseudomonas"
0,0,1,0,0,0,1,0,0,1,1,1,1,0,7.5,5.1,"Salmonella typhi,Shigella spp.,Leptospira"
0,1,0,1,1,0,0,1,1,0,0,0,1,0,7.3,3.4,Giardia lamblia
1,0,0,0,0,0,1,1,0,1,0,0,1,0,7.9,8.3,"Salmonella typhi,Hepatitis A virus,Shigella spp.,E. coli,Cryptosporidium"
1,0,0,0,1,0,1,0,0,1,0,1,1,0,7.7,2.7,"Salmonella typhi,Shigella spp."
0,0,0,0,1,1,1,1,0,0,1,1,1,0,5.3,13.9,"Salmonella typhi,Hepatitis A virus,Shigella spp.,Giardia lamblia,Pseudomonas"
1,1,1,0,0,0,0,1,1,0,0,0,1,1,6.6,2.9,"Hepatitis A virus,Shigella spp."
0,1,0,0,0,0,0,1,0,1,0,1,1,1,6.9,12.2,"Vibrio cholerae,Hepatitis A virus,Shigella spp."
1,0,0,0,0,1,0,0,1,1,0,0,0,1,6.5,6.1,"Vibrio cholerae,Hepatitis A virus,E. coli,Cryptosporidium"
1,1,0,1,1,1,0,1,0,1,0,1,0,1,8.3,6.7,"Salmonella typhi,Hepatitis A virus,Shigella spp.,E. coli,Giardia lamblia,Cryptosporidium"
0,1,0,1,1,1,1,1,0,1,1,1,0,0,5.9,2.6,"Salmonella typhi,Hepatitis A virus,Shigella spp.,Pseudomonas"
0,0,0,1,1,1,0,0,1,0,1,0,0,0,5.2,11.1,"Salmonella typhi,Hepatitis A virus,Shigella spp.,Giardia lamblia,Pseudomonas"
1,1,1,0,1,1,1,1,0,0,0,1,1,1,5.2,3.2,"Salmonella typhi,Hepatitis A virus,Shigella spp.,Giardia lamblia"
1,0,0,0,1,1,0,0,0,1,1,1,1,0,6.4,14.0,"Vibrio cholerae,Salmonella typhi,Hepatitis A virus,Shigella spp.,E. coli,Giardia lamblia,Cryptosporidium"
0,0,1,1,1,1,1,0,0,1,0,1,1,1,5.7,4.6,"Salmonella typhi,Shigella spp.,E. coli,Giardia lamblia,Leptospira"
1,1,1,1,0,0,0,1,0,0,1,0,0,1,5.3,1.7,"Shigella spp.,Pseudomonas"
0,0,0,0,1,1,0,0,1,0,1,1,0,1,6.0,14.1,"Salmonella typhi,Hepatitis A virus,Pseudomonas"
0,0,0,1,0,1,1,0,0,0,0,0,1,1,5.6,8.5,"Salmonella typhi,Shigella spp.,Giardia lamblia"
0,0,0,0,0,1,0,1,0,0,0,0,0,1,7.7,8.2,Salmonella typhi
1,0,1,0,1,1,0,0,1,0,1,0,1,1,8.7,6.2,"Salmonella typhi,Hepatitis A virus,Shigella spp.,E. coli,Giardia lamblia,Pseudomonas,Cryptosporidium"
0,0,1,0,1,1,0,0,0,0,0,1,1,0,7.2,11.2,"Salmonella typhi,Hepatitis A virus,Shigella spp.,Giardia lamblia,Leptospira"
0,0,0,1,0,0,1,1,0,0,1,1,1,1,8.8,0.5,"Hepatitis A virus,Pseudomonas"
0,0,1,1,0,1,0,1,1,0,0,0,1,1,7.1,7.7,"Hepatitis A virus,Shigella spp.,E. coli"
0,0,0,1,0,1,1,1,0,0,1,1,0,0,5.5,8.7,"Salmonella typhi,Hepatitis A virus,E. coli,Giardia lamblia,Pseudomonas"
1,0,1,0,0,1,0,1,0,1,1,0,1,1,8.7,2.7,"Salmonella typhi,Hepatitis A virus,Shigella spp.,Pseudomonas"
0,1,0,1,0,0,1,0,1,1,1,0,1,1,5.9,14.5,"Vibrio cholerae,Salmonella typhi,Hepatitis A virus,Shigella spp.,E. coli,Giardia lamblia,Pseudomonas"
0,0,1,1,1,0,1,0,0,1,0,1,0,0,8.5,9.8,"Salmonella typhi,Hepatitis A virus,Giardia lamblia,Leptospira"
1,1,0,0,1,1,0,1,1,0,1,1,1,1,8.2,6.1,"Salmonella typhi,Hepatitis A virus,Shigella spp.,E. coli,Giardia lamblia,Pseudomonas,Cryptosporidium"
1,0,0,1,0,0,0,0,1,0,1,1,0,0,7.6,9.2,"Hepatitis A virus,E. coli,Giardia lamblia,Pseudomonas,Cryptosporidium"
0,1,1,0,0,0,0,1,1,1,1,0,1,0,7.7,7.9,"Salmonella typhi,Hepatitis A virus,Shigella spp.,Pseudomonas"
1,1,0,0,1,1,1,0,0,0,1,0,1,0,8.6,1.9,"Hepatitis A virus,Shigella spp.,Pseudomonas"
0,0,0,0,0,0,1,0,1,1,1,0,1,0,6.0,1.8,"Hepatitis A virus,Shigella spp.,Pseudomonas"
0,1,0,1,1,1,0,1,1,0,0,1,1,1,7.1,10.9,"Hepatitis A virus,Shigella spp.,E. coli,Giardia lamblia"
0,1,1,0,1,0,1,0,0,1,0,0,1,0,5.1,3.5,"Salmonella typhi,Hepatitis A virus,Giardia lamblia"
1,1,1,0,1,1,1,1,1,1,0,1,1,1,5.4,11.4,"Salmonella typhi,Hepatitis A virus,Shigella spp.,E. coli,Giardia lamblia,Leptospira"
0,1,1,0,1,1,1,1,0,1,1,1,1,1,5.8,4.9,"Salmonella typhi,Hepatitis A virus,Giardia lamblia,Leptospira,Pseudomonas"
0,1,1,1,1,1,0,1,0,0,0,1,1,1,5.5,13.3,"Vibrio cholerae,Salmonella typhi,Shigella spp.,E. coli,Giardia lamblia,Leptospira"
0,0,1,0,1,1,1,0,0,1,1,1,1,1,6.6,2.9,"Hepatitis A virus,Shigella spp.,Leptospira,Pseudomonas"
0,0,1,1,1,0,1,1,1,1,0,1,0,0,6.1,8.6,"Hepatitis A virus,Shigella spp.,E. coli,Leptospira"
0,0,1,0,1,0,0,1,0,1,0,1,1,0,7.6,6.7,"Salmonella typhi,Hepatitis A virus,Shigella spp.,Giardia lamblia,Leptospira"
0,1,1,0,1,0,0,1,0,0,0,0,0,1,8.0,6.4,"Salmonella typhi,Hepatitis A virus,Giardia lamblia"
0,0,0,1,1,0,0,1,0,0,1,0,1,0,7.3,0.5,"Hepatitis A virus,Shigella spp.,Pseudomonas"
1,1,0,0,1,0,1,1,0,0,0,0,0,0,7.0,11.3,"Salmonella typhi,Hepatitis A virus,E. coli,Giardia lamblia,Cryptosporidium"
0,0,0,1,0,0,0,1,1,0,1,1,0,0,8.2,13.3,"Hepatitis A virus,Giardia lamblia"
0,1,1,0,0,1,0,0,1,0,0,0,0,1,6.0,2.8,"Salmonella typhi,Hepatitis A virus"
1,1,1,0,0,1,0,0,0,1,1,1,1,1,6.6,6.4,"Vibrio cholerae,Shigella spp.,E. coli,Leptospira,Pseudomonas,Cryptosporidium"
1,0,0,0,0,1,1,0,1,0,1,1,1,1,6.6,5.8,"Vibrio cholerae,Salmonella typhi,Hepatitis A virus,Shigella spp.,E. coli"
1,1,0,0,0,0,0,0,0,1,0,0,1,0,5.2,4.4,"Shigella spp.,E. coli"
0,1,0,1,1,0,1,1,0,0,0,1,1,0,7.6,14.0,"Salmonella typhi,Hepatitis A virus,Shigella spp.,E. coli,Giardia lamblia"
0,0,0,1,1,0,1,1,1,1,1,0,0,0,8.4,9.4,"Salmonella typhi,Hepatitis A virus,E. coli,Pseudomonas"
0,1,0,1,1,1,0,1,0,1,1,1,1,0,7.6,8.6,"Salmonella typhi,Hepatitis A virus,E. coli,Pseudomonas"
0,1,0,1,0,0,1,1,1,1,1,1,0,1,6.8,8.6,"Vibrio cholerae,Salmonella typhi,Hepatitis A virus,E. coli,Giardia lamblia,Pseudomonas"
0,1,1,1,1,1,0,0,1,1,1,0,0,1,8.8,14.5,"Salmonella typhi,Hepatitis A virus,Shigella spp.,E. coli,Giardia lamblia"
1,0,0,1,0,0,1,0,1,0,0,0,1,1,6.5,3.2,"Salmonella typhi,Hepatitis A virus,Giardia lamblia"
0,1,0,0,0,1,0,1,0,1,0,1,1,1,7.3,2.3,"Salmonella typhi,Hepatitis A virus,Shigella spp."
0,1,0,1,1,0,1,1,1,0,0,0,1,1,7.2,10.7,"Salmonella typhi,Hepatitis A virus,Shigella spp.,E. coli,Giardia lamblia"
1,0,1,0,1,0,0,0,1,0,0,0,0,0,6.1,12.0,"Vibrio cholerae,Salmonella typhi,Hepatitis A virus,E. coli,Cryptosporidium"
1,1,1,1,1,1,1,0,0,1,0,1,1,0,7.5,1.4,"Hepatitis A virus,Shigella spp."
1,0,1,1,0,0,0,0,0,1,0,0,0,1,7.9,3.0,Shigella spp.
1,0,0,1,1,1,1,0,1,0,0,1,1,0,8.3,1.7,"Hepatitis A virus,Shigella spp."
1,1,1,1,0,0,1,0,0,0,0,0,0,0,8.8,11.2,"Salmonella typhi,Shigella spp.,E. coli,Giardia lamblia,Cryptosporidium"
0,1,1,1,1,0,0,1,0,0,0,1,0,0,5.6,5.7,"Vibrio cholerae,Hepatitis A virus,Shigella spp.,E. coli,Giardia lamblia,Leptospira"
1,1,0,0,0,1,0,0,1,1,1,1,0,0,5.2,5.9,"Salmonella typhi,Pseudomonas,Cryptosporidium"
1,1,0,1,1,0,1,0,0,0,0,0,0,1,8.2,0.3,Hepatitis A virus
0,1,0,0,1,0,1,0,0,1,1,1,1,0,8.1,12.9,"Salmonella typhi,Hepatitis A virus,Shigella spp.,Giardia lamblia,Pseudomonas"
0,1,1,1,1,1,0,0,1,0,0,1,1,1,7.9,1.9,Shigella spp.
1,0,0,1,1,1,1,1,1,1,1,1,1,1,8.9,5.0,"Salmonella typhi,Hepatitis A virus,Shigella spp.,E. coli,Pseudomonas"
1,0,0,0,0,0,0,1,0,0,1,0,0,0,5.1,8.2,"Vibrio cholerae,Hepatitis A virus,Pseudomonas,Cryptosporidium"
0,0,1,0,1,0,1,0,0,0,1,0,0,0,6.3,12.7,"Giardia lamblia,Pseudomonas"
0,0,1,0,0,0,0,1,0,1,0,1,0,1,6.5,4.1,"Salmonella typhi,Hepatitis A virus,Leptospira"
1,0,1,1,1,0,1,1,1,0,0,1,1,0,8.8,14.1,"Salmonella typhi,Hepatitis A virus,Shigella spp.,E. coli,Leptospira,Cryptosporidium"
1,1,0,0,0,1,1,0,1,0,1,1,0,1,7.0,1.6,"Hepatitis A virus,Pseudomonas"
0,0,0,0,0,0,0,0,0,1,0,1,1,0,5.9,11.8,Shigella spp.
0,1,1,1,0,1,0,0,0,1,1,1,1,1,6.7,4.1,"Salmonella typhi,Shigella spp.,E. coli,Giardia lamblia,Leptospira,Pseudomonas"
1,1,0,0,0,0,1,0,1,1,1,1,1,0,8.0,8.3,"Salmonella typhi,Hepatitis A virus,Shigella spp.,E. coli,Pseudomonas,Cryptosporidium"
1,0,0,0,1,0,1,0,0,0,1,1,1,0,5.4,11.1,"Vibrio cholerae,Hepatitis A virus,Shigella spp.,Giardia lamblia,Pseudomonas,Cryptosporidium"
1,0,0,1,1,1,1,1,1,1,1,0,1,1,7.6,1.3,"Hepatitis A virus,Shigella spp.,Pseudomonas"
0,1,1,0,1,0,0,0,0,0,1,1,1,0,7.7,14.9,"Hepatitis A virus,Shigella spp.,Giardia lamblia,Pseudomonas"
0,0,0,1,0,0,0,0,0,0,0,1,1,0,7.8,13.9,"Shigella spp.,E. coli,Giardia lamblia"
0,1,0,0,1,0,1,0,0,1,1,0,1,0,8.6,0.7,"Shigella spp.,Pseudomonas"
0,0,0,0,1,0,0,1,0,0,0,0,0,0,8.6,10.7,Hepatitis A virus
1,0,0,1,0,0,0,0,1,1,1,0,0,1,5.3,8.8,"Vibrio cholerae,Hepatitis A virus,E. coli,Pseudomonas,Cryptosporidium"
0,1,1,0,1,0,0,0,1,0,0,1,1,0,7.7,14.9,"Salmonella typhi,Hepatitis A virus,Shigella spp.,Giardia lamblia"
0,0,0,1,1,1,1,1,1,0,1,0,1,1,7.0,6.0,"Salmonella typhi,Shigella spp.,E. coli,Giardia lamblia,Pseudomonas"
0,1,0,1,1,0,1,0,0,0,0,1,1,1,7.4,14.0,"Salmonella typhi,Hepatitis A virus,Shigella spp.,E. coli,Giardia lamblia"
0,0,0,1,1,1,1,1,1,0,1,0,1,0,6.2,0.7,"Hepatitis A virus,Shigella spp.,Pseudomonas"
1,1,0,1,1,0,0,0,1,1,1,1,0,0,7.2,10.8,"Hepatitis A virus,Shigella spp.,E. coli,Giardia lamblia,Pseudomonas,Cryptosporidium"
0,1,1,1,0,1,1,1,1,1,1,0,0,0,6.2,7.6,"Hepatitis A virus,Shigella spp.,E. coli,Giardia lamblia,Pseudomonas"
1,1,1,1,0,1,0,0,0,0,1,1,0,0,8.8,5.6,"Shigella spp.,E. coli,Giardia lamblia,Leptospira,Pseudomonas"
1,0,0,0,1,1,1,1,1,1,0,0,1,0,8.3,0.9,"Hepatitis A virus,Shigella spp."
1,1,1,0,0,0,1,0,1,0,1,0,0,1,8.8,8.2,"Salmonella typhi,Hepatitis A virus,E. coli,Pseudomonas,Cryptosporidium"
0,1,1,0,1,1,1,0,0,0,0,0,1,1,6.2,9.0,"Salmonella typhi,Hepatitis A virus,Shigella spp.,Giardia lamblia"
1,1,1,0,0,0,0,1,0,0,1,1,0,1,5.5,4.0,"Salmonella typhi,Hepatitis A virus,Leptospira,Pseudomonas"
1,1,0,1,1,1,0,0,0,0,0,1,1,0,8.0,7.6,"Salmonella typhi,Hepatitis A virus,E. coli,Cryptosporidium"
0,0,1,0,1,1,0,0,0,0,0,0,0,0,6.5,10.4,"Salmonella typhi,Hepatitis A virus,Giardia lamblia"
0,0,0,0,0,0,1,0,1,1,0,1,0,1,5.9,15.0,Salmonella typhi
1,1,1,0,1,0,0,1,0,1,0,1,1,0,7.7,6.1,"Hepatitis A virus,Shigella spp.,E. coli,Leptospira"
0,1,1,0,0,0,0,1,1,0,1,0,0,0,8.9,1.4,"Hepatitis A virus,Pseudomonas"
1,0,1,0,0,0,1,1,1,1,1,1,0,1,8.0,7.6,"Salmonella typhi,Hepatitis A virus,E. coli,Pseudomonas,Cryptosporidium"
1,1,0,0,1,1,0,0,1,0,1,0,1,1,6.2,12.0,"Vibrio cholerae,Hepatitis A virus,Shigella spp.,E. coli,Giardia lamblia,Pseudomonas"
0,1,1,0,0,0,0,0,0,0,1,0,1,0,6.2,5.5,"Vibrio cholerae,Pseudomonas"
1,1,1,1,1,1,0,1,1,0,0,1,0,0,7.1,10.4,"Salmonella typhi,Hepatitis A virus,Shigella spp.,E. coli,Giardia lamblia,Leptospira,Cryptosporidium"
0,0,1,1,0,0,0,1,0,0,0,0,0,0,8.2,8.6,"Salmonella typhi,Shigella spp.,E. coli"
0,0,1,0,1,1,0,1,1,1,1,1,0,1,8.2,4.7,"Salmonella typhi,Giardia lamblia,Pseudomonas"
1,1,0,0,0,1,0,0,0,0,0,1,1,1,7.1,2.3,"Salmonella typhi,Shigella spp."
0,1,0,1,0,1,0,0,0,0,1,0,1,1,7.6,14.0,"Salmonella typhi,Giardia lamblia,Pseudomonas"
0,0,0,1,1,0,1,1,1,1,1,1,1,0,6.6,1.1,"Hepatitis A virus,Pseudomonas"
1,0,0,1,1,0,0,1,1,1,0,1,0,1,7.2,3.9,"Hepatitis A virus,Shigella spp.,Giardia lamblia"
1,1,1,0,0,1,0,1,0,1,0,1,0,1,5.1,6.9,"Vibrio cholerae,Salmonella typhi,E. coli,Leptospira,Cryptosporidium"
1,0,1,1,0,1,1,0,1,1,1,0,0,1,5.0,14.3,"Vibrio cholerae,Salmonella typhi,Hepatitis A virus,Shigella spp.,E. coli,Pseudomonas,Cryptosporidium"
0,1,1,0,0,0,0,1,1,0,1,1,0,0,8.3,12.7,"Salmonella typhi,Hepatitis A virus,Pseudomonas"
0,1,0,0,1,1,1,1,0,0,1,0,0,0,5.3,1.8,"Hepatitis A virus,Pseudomonas"
0,0,0,1,0,0,1,1,1,1,1,1,1,0,8.9,9.0,"Salmonella typhi,Hepatitis A virus,Shigella spp.,E. coli,Giardia lamblia,Pseudomonas"
0,0,0,0,1,0,1,1,1,1,1,0,1,0,5.8,11.9,"Salmonella typhi,Shigella spp.,Giardia lamblia,Pseudomonas"
0,1,1,1,1,1,0,1,0,0,1,0,0,0,8.6,0.7,"Hepatitis A virus,Pseudomonas"
1,1,0,1,1,1,1,1,1,0,1,1,1,0,6.4,4.0,"Salmonella typhi,Hepatitis A virus,Shigella spp.,Giardia lamblia,Pseudomonas"
1,1,1,0,1,0,1,1,0,1,1,0,0,1,7.1,11.8,"Salmonella typhi,Hepatitis A virus,E. coli,Giardia lamblia,Cryptosporidium"
1,0,0,0,1,0,1,0,1,1,0,1,1,0,6.7,13.1,"Vibrio cholerae,Salmonella typhi,Shigella spp.,E. coli,Giardia lamblia"
1,1,1,0,1,1,0,1,0,0,1,0,0,1,5.5,9.7,"Vibrio cholerae,Salmonella typhi,E. coli,Giardia lamblia"
1,0,0,0,1,0,0,1,1,1,1,0,0,1,7.0,2.7,"Hepatitis A virus,Pseudomonas"
1,0,0,0,1,0,0,1,0,1,1,0,1,1,8.8,1.1,"Hepatitis A virus,Shigella spp.,Pseudomonas"
0,0,0,0,0,0,1,0,0,1,0,0,0,1,5.9,8.4,None
1,0,0,1,1,1,0,1,0,1,1,0,1,0,8.7,5.2,"Hepatitis A virus,Giardia lamblia,Pseudomonas,Cryptosporidium"
1,0,0,0,1,0,1,1,1,0,1,1,1,1,8.9,8.2,"Salmonella typhi,Shigella spp.,Pseudomonas,Cryptosporidium"
0,0,0,1,1,1,0,0,1,1,1,0,0,0,9.0,1.0,"Hepatitis A virus,Shigella spp.,Pseudomonas"
1,1,1,1,1,1,1,1,1,0,1,1,1,1,6.8,9.4,"Vibrio cholerae,Salmonella typhi,Shigella spp.,E. coli,Giardia lamblia,Leptospira,Cryptosporidium"
0,1,1,0,1,1,1,0,1,0,0,0,0,0,5.7,9.6,"Salmonella typhi,Hepatitis A virus,Giardia lamblia"
0,0,1,1,1,0,1,0,0,1,1,1,1,0,7.8,8.7,"Salmonella typhi,Hepatitis A virus,Shigella spp.,E. coli,Giardia lamblia,Leptospira,Pseudomonas"
0,0,0,0,0,1,1,0,0,1,1,1,1,1,5.6,4.8,"Salmonella typhi,Pseudomonas"
0,0,1,0,1,1,1,1,0,0,1,0,1,0,7.9,14.6,"Salmonella typhi,Hepatitis A virus,Shigella spp.,Giardia lamblia,Pseudomonas"
1,0,1,1,1,1,1,1,1,1,1,1,0,1,6.4,13.5,"Vibrio cholerae,Shigella spp.,E. coli,Giardia lamblia,Pseudomonas,Cryptosporidium"
0,1,1,0,1,1,1,0,0,0,0,0,0,1,8.6,2.6,"Salmonella typhi,Hepatitis A virus"
1,0,0,0,0,0,0,0,0,1,1,1,1,0,6.0,12.1,"Shigella spp.,E. coli,Pseudomonas"
1,0,1,1,0,0,1,1,0,0,0,0,0,1,7.1,1.1,Hepatitis A virus
1,0,0,1,0,0,1,1,0,1,0,0,0,0,7.5,3.9,"Salmonella typhi,Hepatitis A virus,Giardia lamblia"
1,0,1,1,1,1,0,1,1,0,0,1,0,1,5.6,3.6,"Salmonella typhi,Hepatitis A virus,Shigella spp.,Giardia lamblia"
1,0,1,0,0,0,0,0,1,0,0,0,0,1,6.1,1.9,None
1,1,1,1,1,1,1,0,0,1,1,1,1,0,5.9,14.1,"Vibrio cholerae,Salmonella typhi,Hepatitis A virus,Shigella spp.,E. coli,Giardia lamblia,Leptospira,Pseudomonas,Cryptosporidium"
1,0,0,0,1,0,1,0,0,1,1,1,0,0,8.1,7.0,"Salmonella typhi,Hepatitis A virus,E. coli,Giardia lamblia,Pseudomonas,Cryptosporidium"
0,1,0,0,0,0,1,0,0,1,1,1,0,0,8.7,15.0,Salmonella typhi
1,0,1,0,1,1,0,0,0,0,0,0,1,0,8.3,9.9,"Salmonella typhi,Hepatitis A virus,Shigella spp.,E. coli,Giardia lamblia,Cryptosporidium"
0,0,0,0,1,1,1,0,1,1,1,0,1,1,8.5,3.9,"Salmonella typhi,Hepatitis A virus,Shigella spp.,Giardia lamblia"
1,1,1,1,0,1,0,0,1,0,1,1,1,1,5.3,3.2,"Salmonella typhi,Hepatitis A virus,Shigella spp.,Giardia lamblia,Leptospira,Pseudomonas"
0,0,0,1,0,0,1,0,0,1,0,1,1,0,5.5,14.4,"Salmonella typhi,Shigella spp.,E. coli,Giardia lamblia"
0,1,1,1,0,0,1,1,0,1,0,1,1,0,7.3,5.9,"Salmonella typhi,Shigella spp.,E. coli,Giardia lamblia"
1,1,1,0,1,1,1,0,1,1,0,0,1,1,6.2,14.3,"Vibrio cholerae,Salmonella typhi,Shigella spp.,E. coli,Cryptosporidium"
1,0,0,1,1,1,0,1,1,0,0,1,1,0,7.8,1.0,"Hepatitis A virus,Shigella spp."
1,0,0,1,0,0,1,1,0,0,1,0,1,0,7.4,10.4,"Salmonella typhi,Hepatitis A virus,Shigella spp.,E. coli,Giardia lamblia,Pseudomonas,Cryptosporidium"
1,1,0,0,1,1,1,1,0,0,0,0,1,1,7.9,4.4,"Salmonella typhi,Hepatitis A virus,Shigella spp."
1,0,1,0,0,0,0,0,1,0,1,0,0,0,5.4,5.6,"Vibrio cholerae,Salmonella typhi,Hepatitis A virus,E. coli,Pseudomonas,Cryptosporidium"
0,1,0,1,0,1,0,0,1,1,1,0,0,1,8.4,3.0,"Hepatitis A virus,Shigella spp.,Pseudomonas"
1,1,1,0,0,0,1,1,1,0,0,1,0,1,5.4,11.1,"Vibrio cholerae,Salmonella typhi,Leptospira,Cryptosporidium"
1,0,1,0,0,0,0,1,0,0,0,1,0,0,5.9,5.0,"Salmonella typhi,Hepatitis A virus,E. coli"
1,0,0,1,1,0,0,0,1,0,0,1,1,0,5.4,1.0,"Hepatitis A virus,Shigella spp."
1,1,0,1,1,1,1,1,1,1,1,1,0,1,7.2,3.1,"Salmonella typhi,Hepatitis A virus,Shigella spp.,Giardia lamblia,Pseudomonas"
0,0,0,0,1,0,1,0,0,1,1,0,1,1,8.2,11.4,"Salmonella typhi,Shigella spp.,Giardia lamblia,Pseudomonas"
0,0,0,0,0,0,1,0,1,0,0,1,0,1,5.2,9.5,None
0,0,1,0,1,0,1,0,1,1,0,1,0,0,8.9,13.1,"Salmonella typhi,Hepatitis A virus,Giardia lamblia,Leptospira"
1,1,1,1,1,0,1,0,1,0,0,0,1,0,8.5,1.5,None
1,0,0,1,1,0,1,0,1,1,1,0,1,1,8.6,4.2,"Salmonella typhi,Hepatitis A virus,Shigella spp.,E. coli,Giardia lamblia,Pseudomonas"
1,0,0,1,0,1,0,0,1,1,0,0,1,0,9.0,3.7,"Salmonella typhi,Hepatitis A virus,Shigella spp.,Giardia lamblia"
0,1,1,1,0,1,1,0,0,0,0,1,0,0,5.7,13.2,"Vibrio cholerae,Salmonella typhi,Shigella spp.,E. coli,Giardia lamblia"
0,0,0,0,0,1,0,0,0,1,1,1,0,0,9.0,4.9,"Salmonella typhi,Pseudomonas"
1,0,0,1,1,0,1,0,1,0,1,0,0,0,6.9,14.1,"Vibrio cholerae,Salmonella typhi,Hepatitis A virus,E. coli,Giardia lamblia,Pseudomonas,Cryptosporidium"
1,1,1,1,0,1,0,0,1,0,0,1,1,0,8.1,0.3,"Hepatitis A virus,Leptospira"
0,1,0,1,1,0,0,0,0,1,1,1,1,1,7.2,14.3,"Hepatitis A virus,Shigella spp.,E. coli,Giardia lamblia,Pseudomonas"
0,0,0,1,0,0,1,1,0,0,1,0,1,1,6.3,9.0,"Salmonella typhi,Hepatitis A virus,Shigella spp.,Giardia lamblia,Pseudomonas"
0,1,0,0,1,1,0,0,1,1,0,0,0,0,8.3,13.5,"Salmonella typhi,Hepatitis A virus,Giardia lamblia"
0,0,0,0,0,0,0,1,1,0,1,0,0,0,7.6,2.6,"Hepatitis A virus,Pseudomonas"
0,0,1,1,1,0,1,0,1,0,1,1,1,0,6.2,9.1,"Salmonella typhi,Hepatitis A virus,Shigella spp.,E. coli,Giardia lamblia,Leptospira,Pseudomonas"
1,0,1,1,1,0,1,1,1,1,0,0,0,0,6.9,3.5,"Hepatitis A virus,Shigella spp.,Giardia lamblia"
0,1,1,1,1,0,1,0,1,0,0,1,0,1,8.6,9.9,"Salmonella typhi,Hepatitis A virus,Shigella spp.,Giardia lamblia,Leptospira"
0,0,1,0,1,1,0,1,0,1,0,1,0,0,6.1,2.5,"Salmonella typhi,Hepatitis A virus,Leptospira"
0,0,1,1,1,0,1,1,0,1,1,0,0,1,5.0,11.5,"Salmonella typhi,Hepatitis A virus,Shigella spp.,E. coli,Giardia lamblia,Pseudomonas"
0,1,0,1,0,0,1,0,1,1,1,0,0,0,7.4,0.9,"Hepatitis A virus,Pseudomonas"
0,0,0,1,0,0,0,0,0,0,1,1,0,1,7.3,14.6,"Shigella spp.,E. coli,Giardia lamblia"
0,0,1,1,0,0,1,0,1,1,0,1,0,0,5.2,10.0,"Salmonella typhi,Shigella spp.,E. coli"
0,0,0,1,0,0,0,1,0,0,1,1,1,0,8.1,13.8,"Hepatitis A virus,Shigella spp.,E. coli,Giardia lamblia,Pseudomonas"
1,1,0,1,1,0,0,0,0,0,0,0,0,0,7.3,8.8,"Hepatitis A virus,Shigella spp.,E. coli,Cryptosporidium"
1,0,0,0,1,1,0,1,1,0,1,1,1,0,7.3,14.3,"Salmonella typhi,Hepatitis A virus,Shigella spp.,Giardia lamblia,Pseudomonas,Cryptosporidium"
0,1,1,1,1,1,0,0,0,0,1,1,1,0,5.5,8.2,"Vibrio cholerae,Salmonella typhi,Hepatitis A virus,Shigella spp.,Giardia lamblia,Leptospira,Pseudomonas"
0,0,1,0,0,1,1,0,0,1,0,0,1,1,6.1,10.9,"Salmonella typhi,Shigella spp."
1,1,1,1,0,0,0,1,0,1,0,0,0,0,6.5,5.9,"Vibrio cholerae,Salmonella typhi,Shigella spp.,E. coli,Giardia lamblia,Cryptosporidium"
0,1,0,1,0,1,0,1,1,0,1,1,0,0,8.9,12.4,"Salmonella typhi,Hepatitis A virus,Shigella spp.,E. coli,Pseudomonas"
1,0,0,1,1,0,1,0,1,0,0,0,0,0,5.2,9.2,"Vibrio cholerae,Salmonella typhi,Hepatitis A virus,Shigella spp.,E. coli,Cryptosporidium"
0,1,0,1,0,1,1,0,1,0,0,1,1,0,8.9,6.8,"Salmonella typhi,Hepatitis A virus,Shigella spp.,E. coli,Giardia lamblia"
0,0,0,1,1,0,0,0,0,1,1,1,0,1,6.6,10.4,"Hepatitis A virus,Shigella spp.,E. coli,Giardia lamblia,Pseudomonas"
0,1,0,1,0,1,0,1,1,0,1,0,0,1,6.7,6.4,"Vibrio cholerae,Salmonella typhi,Shigella spp.,E. coli,Giardia lamblia,Pseudomonas"
1,0,0,1,0,0,0,1,1,0,0,0,1,0,9.0,3.3,"Hepatitis A virus,Shigella spp.,Giardia lamblia"
1,1,1,0,0,0,1,1,0,1,0,1,1,1,8.8,1.5,"Hepatitis A virus,Shigella spp.,Leptospira"
0,1,1,0,0,1,0,0,0,0,1,1,1,0,7.6,8.0,"Shigella spp.,Pseudomonas"
1,1,0,1,0,0,0,0,1,1,1,1,1,0,8.9,1.1,"Hepatitis A virus,Shigella spp.,Pseudomonas"
0,0,1,1,1,1,0,1,1,1,0,1,1,1,6.5,11.3,"Salmonella typhi,Hepatitis A virus,E. coli,Giardia lamblia"
0,0,1,1,0,1,0,0,1,1,1,0,0,0,8.6,14.4,"Salmonella typhi,Hepatitis A virus,Shigella spp.,E. coli"
0,1,1,1,0,1,1,0,0,1,0,1,0,0,6.2,11.5,"E. coli,Giardia lamblia,Leptospira"
1,0,0,0,0,1,0,1,1,0,0,1,1,1,8.4,2.9,"Salmonella typhi,Hepatitis A virus,Shigella spp."
0,1,0,1,1,0,1,0,1,1,1,0,0,0,5.1,1.2,"Hepatitis A virus,Shigella spp.,Pseudomonas"
0,0,0,1,0,1,0,1,1,1,0,1,1,1,5.8,4.5,"Salmonella typhi,Shigella spp.,E. coli,Giardia lamblia"
1,0,0,0,0,1,1,1,1,1,0,1,0,1,5.3,14.5,"Vibrio cholerae,Salmonella typhi,Hepatitis A virus,E. coli,Cryptosporidium"
0,0,1,0,0,0,0,1,0,0,1,0,0,1,6.1,0.5,Hepatitis A virus
1,1,1,1,1,1,0,1,0,0,0,1,1,1,7.9,13.2,"Salmonella typhi,Hepatitis A virus,Shigella spp.,E. coli,Leptospira"
0,1,1,1,0,0,0,0,1,1,1,0,1,1,5.5,10.2,"Vibrio cholerae,Hepatitis A virus,Giardia lamblia,Pseudomonas"
1,0,0,0,0,1,1,1,1,0,0,1,0,0,6.5,4.3,"Salmonella typhi,Hepatitis A virus,E. coli"
0,1,0,0,0,0,1,1,1,1,0,0,1,1,6.5,2.2,"Salmonella typhi,Hepatitis A virus,Shigella spp."
0,1,1,0,0,1,1,0,1,1,0,0,0,0,5.1,5.3,"Vibrio cholerae,Salmonella typhi,Hepatitis A virus"
0,0,0,0,0,0,0,1,0,0,1,0,1,0,5.4,4.0,"Hepatitis A virus,Shigella spp.,Pseudomonas"
0,1,1,1,0,1,1,0,1,0,0,0,1,1,6.8,10.4,"Vibrio cholerae,Salmonella typhi,Hepatitis A virus,Shigella spp.,E. coli,Giardia lamblia"
0,0,0,0,0,0,1,0,0,1,0,0,0,1,7.9,9.1,Salmonella typhi
0,1,1,1,0,1,1,1,0,1,0,0,0,0,5.1,3.0,"Salmonella typhi,Hepatitis A virus,Shigella spp."
0,1,0,1,0,0,0,1,1,0,1,0,0,1,5.9,14.3,"Hepatitis A virus,E. coli,Giardia lamblia,Pseudomonas"
1,1,0,0,1,0,0,1,0,0,1,0,0,1,7.1,5.1,"Hepatitis A virus,E. coli,Giardia lamblia,Pseudomonas,Cryptosporidium"
1,0,0,1,1,0,1,0,1,1,0,1,0,0,7.8,0.6,"Hepatitis A virus,Shigella spp."
1,0,0,1,1,1,1,1,0,1,1,1,1,0,7.8,4.5,"Hepatitis A virus,Shigella spp.,E. coli,Giardia lamblia,Pseudomonas"
1,1,1,0,1,1,1,0,0,1,0,1,1,0,5.8,7.6,"Vibrio cholerae,Salmonella typhi,Hepatitis A virus,E. coli,Giardia lamblia,Leptospira"
1,1,0,1,1,1,0,0,1,0,0,1,1,1,7.2,4.0,"Salmonella typhi,Hepatitis A virus,Shigella spp.,Giardia lamblia"
0,0,0,1,1,0,0,1,1,1,0,1,0,1,7.7,4.1,"Hepatitis A virus,Giardia lamblia"
0,0,1,1,0,0,1,1,1,0,0,1,0,0,5.7,14.3,"Salmonella typhi,Hepatitis A virus,Shigella spp.,Giardia lamblia"
1,1,0,0,1,0,0,1,1,0,0,1,0,0,7.5,7.9,"E. coli,Giardia lamblia,Cryptosporidium"
0,1,0,1,0,1,0,1,1,1,1,1,0,1,6.2,0.4,"Hepatitis A virus,Shigella spp.,Pseudomonas"
0,1,1,0,1,1,0,1,0,1,0,0,0,0,7.9,12.9,"Salmonella typhi,Hepatitis A virus,Giardia lamblia"
1,0,0,0,0,1,1,1,0,1,1,0,0,1,7.5,12.8,"Hepatitis A virus,Pseudomonas"
0,1,0,0,1,0,0,0,1,1,0,0,1,1,5.4,10.0,"Vibrio cholerae,Shigella spp.,Giardia lamblia"
0,1,0,1,1,1,0,1,0,0,0,1,0,1,8.0,0.9,"Hepatitis A virus,Shigella spp."
1,0,0,1,1,0,0,0,1,0,0,0,1,0,7.9,5.7,"Hepatitis A virus,Shigella spp.,E. coli,Giardia lamblia,Cryptosporidium"
1,1,0,0,0,0,1,1,1,0,0,0,1,1,6.9,0.4,Shigella spp.
1,0,1,0,0,0,1,0,1,0,0,1,1,0,6.4,3.3,"Salmonella typhi,Shigella spp.,Leptospira"
1,1,1,0,0,0,1,0,1,1,0,1,1,0,5.3,1.8,"Shigella spp.,Leptospira"
0,0,1,1,0,0,1,0,1,0,1,1,0,0,5.5,10.1,"Hepatitis A virus,E. coli,Giardia lamblia,Leptospira,Pseudomonas"
0,0,1,0,1,0,0,1,0,1,1,0,1,1,6.5,10.5,"Salmonella typhi,Shigella spp.,Giardia lamblia,Pseudomonas"
0,0,1,1,0,0,1,1,1,1,1,1,0,1,6.5,4.7,"Salmonella typhi,Shigella spp.,E. coli,Giardia lamblia,Leptospira,Pseudomonas"
0,0,1,1,1,0,0,0,0,1,1,0,0,0,6.4,14.0,"Salmonella typhi,Shigella spp.,E. coli,Giardia lamblia"
0,1,0,1,0,1,1,1,0,1,0,0,1,0,8.9,1.6,"Hepatitis A virus,Shigella spp."
0,0,0,1,0,1,1,0,0,0,0,0,0,0,7.4,9.3,"Salmonella typhi,E. coli,Giardia lamblia"
0,1,0,1,0,1,1,1,1,1,1,1,0,1,5.0,3.7,"Hepatitis A virus,Shigella spp.,Giardia lamblia,Pseudomonas"
0,0,0,0,0,1,1,0,0,0,1,0,1,0,7.1,1.4,Pseudomonas
1,1,1,0,1,1,1,1,1,0,1,1,0,0,6.5,11.7,"Vibrio cholerae,Salmonella typhi,Hepatitis A virus,E. coli,Leptospira,Pseudomonas,Cryptosporidium"
0,0,0,0,0,0,1,0,0,1,1,1,1,1,6.1,0.1,"Shigella spp.,Pseudomonas"
1,0,0,0,1,0,1,1,0,1,0,1,0,1,8.5,3.4,"Salmonella typhi,Hepatitis A virus,Giardia lamblia"
1,1,1,0,1,0,0,0,0,0,0,1,1,1,7.5,13.9,"Hepatitis A virus,Shigella spp.,E. coli,Cryptosporidium"
0,0,1,1,0,1,1,0,0,0,1,1,1,1,7.5,10.7,"E. coli,Giardia lamblia,Leptospira,Pseudomonas"
0,1,1,1,0,1,1,0,0,1,0,0,1,0,8.1,0.6,Shigella spp.
0,0,1,0,0,1,1,0,1,0,1,0,0,0,5.1,12.8,"Salmonella typhi,Hepatitis A virus,Pseudomonas"
1,1,1,0,0,0,1,1,1,1,0,0,1,1,6.3,11.6,"Vibrio cholerae,Salmonella typhi,Hepatitis A virus,Shigella spp.,E. coli,Cryptosporidium"
0,0,1,1,1,0,1,0,0,1,1,1,0,1,5.4,12.3,"Salmonella typhi,Hepatitis A virus,E. coli,Giardia lamblia,Leptospira,Pseudomonas"
1,1,1,1,1,1,1,1,0,0,1,1,1,0,9.0,14.4,"Hepatitis A virus,Shigella spp.,E. coli,Giardia lamblia,Pseudomonas"
1,0,1,0,0,1,1,0,1,0,0,1,0,1,8.6,5.3,"Salmonella typhi,Hepatitis A virus,E. coli,Leptospira,Cryptosporidium"
1,1,0,1,0,0,1,0,1,1,1,0,1,1,6.0,10.3,"Vibrio cholerae,Salmonella typhi,Hepatitis A virus,Shigella spp.,E. coli,Giardia lamblia,Pseudomonas,Cryptosporidium"
1,1,0,0,1,0,0,0,0,0,1,0,0,0,7.3,13.6,"Hepatitis A virus,E. coli,Giardia lamblia,Pseudomonas,Cryptosporidium"
1,1,1,0,1,1,0,1,1,0,0,0,1,1,7.1,14.8,"Hepatitis A virus,Shigella spp.,E. coli,Giardia lamblia,Cryptosporidium"
1,1,0,0,1,0,1,1,1,0,0,0,1,0,7.8,2.0,"Hepatitis A virus,Shigella spp."
1,1,0,1,0,0,1,0,1,1,1,1,1,0,7.9,2.3,"Salmonella typhi,Shigella spp.,Pseudomonas"
0,1,1,0,0,0,1,1,0,0,1,0,1,0,7.2,6.7,"Salmonella typhi,Hepatitis A virus,Shigella spp.,Pseudomonas"
0,0,1,0,0,0,1,1,1,0,1,1,1,1,7.4,12.1,"Salmonella typhi,Hepatitis A virus,Leptospira,Pseudomonas"
0,0,1,0,1,1,1,1,1,1,0,1,1,0,6.0,1.1,"Hepatitis A virus,Shigella spp.,Leptospira"
0,1,0,0,0,0,0,1,1,1,1,1,1,1,5.3,9.6,"Vibrio cholerae,Shigella spp.,Pseudomonas"
0,1,0,0,0,0,0,0,1,0,1,0,0,1,8.7,1.0,Pseudomonas
0,1,1,1,1,1,1,1,1,1,1,0,0,1,8.0,5.0,"Salmonella typhi,E. coli,Giardia lamblia,Pseudomonas"
1,1,1,0,0,1,1,1,0,0,0,0,1,1,6.9,11.0,"Vibrio cholerae,Salmonella typhi,Hepatitis A virus,Shigella spp.,Cryptosporidium"
1,1,0,0,1,1,1,0,0,1,0,1,1,0,6.6,2.5,"Salmonella typhi,Hepatitis A virus,Shigella spp."
1,1,0,0,1,1,1,1,1,1,1,0,0,0,5.7,10.2,"Vibrio cholerae,Salmonella typhi,Hepatitis A virus,E. coli,Giardia lamblia,Pseudomonas,Cryptosporidium"
0,0,0,1,1,1,1,1,0,0,0,0,1,0,8.2,7.1,"Salmonella typhi,Hepatitis A virus,Shigella spp.,E. coli,Giardia lamblia"
1,1,0,0,0,0,1,0,0,0,1,0,1,1,5.7,7.5,"Vibrio cholerae,Salmonella typhi,E. coli,Pseudomonas,Cryptosporidium"
0,0,0,1,0,0,0,0,1,1,0,0,1,1,5.3,4.7,"Hepatitis A virus,E. coli,Giardia lamblia"
1,0,1,0,0,0,0,0,0,0,0,0,1,1,7.2,8.5,"Salmonella typhi,Shigella spp.,E. coli,Cryptosporidium"
1,1,1,0,1,0,1,1,0,0,1,1,0,1,5.5,13.8,"Vibrio cholerae,Salmonella typhi,E. coli,Giardia lamblia,Leptospira,Pseudomonas,Cryptosporidium"
0,1,0,1,0,1,1,1,1,1,0,1,0,0,8.5,4.3,"Hepatitis A virus,E. coli,Giardia lamblia"
0,1,0,1,0,0,0,0,1,0,1,1,1,0,7.1,13.7,"Hepatitis A virus,Shigella spp.,E. coli"
1,1,0,0,1,0,1,1,0,1,1,0,0,1,8.6,8.8,"Salmonella typhi,Hepatitis A virus,E. coli,Giardia lamblia,Pseudomonas,Cryptosporidium"
1,1,0,0,0,0,1,1,0,0,1,1,0,0,6.3,1.1,"Hepatitis A virus,Pseudomonas"
1,1,0,1,0,1,0,0,1,0,0,0,0,0,5.6,9.3,"Salmonella typhi,Hepatitis A virus,E. coli,Cryptosporidium"
1,1,1,0,0,1,1,1,1,0,1,0,0,0,6.5,1.4,"Hepatitis A virus,Pseudomonas"
0,1,0,1,1,1,1,1,1,1,1,0,1,1,6.7,2.2,"Salmonella typhi,Shigella spp.,Pseudomonas"
0,0,1,1,1,1,1,1,0,1,1,0,0,0,6.7,5.5,"Hepatitis A virus,Shigella spp.,E. coli,Giardia lamblia,Pseudomonas"
1,1,0,1,0,1,0,0,0,1,1,1,1,0,9.0,1.5,"Shigella spp.,Pseudomonas"
0,0,0,0,0,1,0,1,0,0,0,0,0,1,6.9,5.6,"Salmonella typhi,Hepatitis A virus"
1,0,0,0,1,0,1,0,0,1,1,0,1,1,8.3,1.0,"Hepatitis A virus,Shigella spp."
0,0,1,1,1,1,0,1,1,1,0,0,1,0,7.1,3.1,"Salmonella typhi,Hepatitis A virus,Shigella spp."
1,0,1,0,1,1,1,1,0,1,1,0,1,1,7.4,0.2,"Hepatitis A virus,Shigella spp.,Pseudomonas"
0,1,1,0,0,1,1,0,1,1,1,0,0,0,5.1,1.6,Hepatitis A virus
1,0,0,1,1,0,1,1,1,0,0,0,0,1,6.7,8.8,"Vibrio cholerae,Salmonella typhi,Shigella spp.,E. coli,Giardia lamblia"
0,1,1,0,0,1,1,1,1,1,1,1,0,1,7.8,7.6,"Salmonella typhi,Hepatitis A virus,Leptospira,Pseudomonas"
0,1,1,0,1,0,0,1,0,1,1,0,1,0,8.2,12.3,"Salmonella typhi,Hepatitis A virus,Shigella spp.,Pseudomonas"
1,0,0,0,0,1,1,1,0,1,0,0,1,0,6.4,1.0,"Hepatitis A virus,Shigella spp."
1,1,1,0,0,0,0,0,1,0,0,1,0,1,7.6,13.7,"Salmonella typhi,Hepatitis A virus,E. coli,Leptospira,Cryptosporidium"
0,0,1,0,1,1,1,1,1,0,0,1,1,1,7.4,9.0,"Salmonella typhi,Hepatitis A virus,Giardia lamblia,Leptospira"
0,0,1,1,1,0,1,1,1,0,1,0,0,1,7.8,7.5,"Salmonella typhi,Hepatitis A virus,E. coli,Giardia lamblia,Pseudomonas"
0,0,1,1,1,1,1,1,0,0,1,0,1,1,8.9,1.7,"Hepatitis A virus,Pseudomonas"
1,1,1,1,1,0,0,0,1,0,1,1,1,0,8.7,13.2,"Salmonella typhi,Hepatitis A virus,Shigella spp.,E. coli,Giardia lamblia,Leptospira,Pseudomonas,Cryptosporidium"
0,0,0,0,1,0,0,1,0,0,0,1,0,1,5.2,5.0,"Hepatitis A virus,Giardia lamblia"
0,0,0,0,0,1,0,1,0,1,0,1,1,1,8.2,10.0,"Hepatitis A virus,Shigella spp."
0,1,1,0,0,0,0,0,0,0,1,1,1,1,7.9,11.4,"Shigella spp.,Leptospira,Pseudomonas"
0,1,1,0,0,0,1,1,0,1,1,0,0,1,6.0,8.2,"Vibrio cholerae,Salmonella typhi,Hepatitis A virus,Pseudomonas"
1,1,1,0,1,1,1,1,1,1,1,0,0,0,7.2,3.6,"Salmonella typhi,Hepatitis A virus,Giardia lamblia,Pseudomonas"
0,1,0,1,0,0,1,1,1,1,0,1,1,1,8.4,14.3,"Salmonella typhi,Hepatitis A virus,Shigella spp.,E. coli,Giardia lamblia"
0,0,0,0,0,1,0,1,0,1,0,1,0,1,6.4,12.3,"Salmonella typhi,Hepatitis A virus"
1,1,1,1,1,0,1,1,0,1,1,0,1,1,7.4,7.5,"Hepatitis A virus,E. coli,Giardia lamblia,Pseudomonas,Cryptosporidium"
0,0,1,0,1,0,0,0,0,1,0,1,1,1,6.4,2.2,"Salmonella typhi,Hepatitis A virus,Shigella spp."
1,1,0,1,0,0,0,1,0,0,1,1,1,1,8.3,12.3,"Hepatitis A virus,Shigella spp.,E. coli,Giardia lamblia,Pseudomonas,Cryptosporidium"
0,1,1,1,1,1,1,0,0,0,0,1,1,0,5.1,11.0,"Vibrio cholerae,Salmonella typhi,Hepatitis A virus,Shigella spp.,Giardia lamblia,Leptospira"
0,0,0,0,0,0,0,1,0,0,0,0,1,0,8.4,11.0,"Hepatitis A virus,Shigella spp."
1,0,0,1,0,1,1,0,1,1,0,1,1,0,6.8,8.2,"Vibrio cholerae,Salmonella typhi,Hepatitis A virus,Shigella spp.,E. coli,Giardia lamblia,Cryptosporidium"
1,1,0,0,0,1,0,0,1,0,0,0,0,1,5.8,9.7,"Vibrio cholerae,Hepatitis A virus,Cryptosporidium"
1,1,1,1,0,0,0,1,1,0,0,1,0,0,5.7,8.4,"Vibrio cholerae,Salmonella typhi,Hepatitis A virus,Shigella spp.,E. coli,Giardia lamblia,Leptospira,Cryptosporidium"
1,1,1,0,0,1,0,1,1,0,1,0,1,1,7.9,8.7,"Salmonella typhi,Hepatitis A virus,Shigella spp.,E. coli,Pseudomonas"
0,1,1,1,0,0,1,1,1,1,0,0,0,0,7.5,7.2,"Salmonella typhi,Hepatitis A virus,Shigella spp.,E. coli,Giardia lamblia"
0,0,0,1,1,0,0,0,0,1,0,0,1,1,5.1,4.6,"Shigella spp.,E. coli,Giardia lamblia"
0,1,1,0,1,1,1,1,0,1,0,0,0,1,8.6,13.4,"Salmonella typhi,Giardia lamblia"
1,0,1,0,1,1,1,1,1,1,0,0,0,1,8.3,2.8,"Salmonella typhi,Hepatitis A virus"
0,0,0,0,0,0,1,1,1,0,0,0,1,1,6.8,10.1,"Salmonella typhi,Hepatitis A virus,Shigella spp."
0,0,0,1,1,1,1,0,1,1,0,0,0,1,7.1,4.4,"Salmonella typhi,Hepatitis A virus,Shigella spp.,Giardia lamblia"
1,0,1,1,0,0,1,1,1,1,1,1,0,0,7.9,12.4,"Salmonella typhi,Hepatitis A virus,Shigella spp.,E. coli,Giardia lamblia,Pseudomonas"
1,0,1,1,0,1,0,1,0,0,0,0,0,0,7.6,0.7,"Hepatitis A virus,Shigella spp."
1,1,1,0,1,0,0,0,0,1,0,0,1,0,5.5,14.0,"Vibrio cholerae,Salmonella typhi,Hepatitis A virus,Shigella spp.,E. coli,Cryptosporidium"
0,0,1,0,0,1,1,1,1,1,1,0,1,0,5.1,8.9,"Salmonella typhi,Hepatitis A virus,Shigella spp.,Pseudomonas"
1,1,1,1,1,1,0,1,1,1,1,1,1,1,7.5,3.3,"Salmonella typhi,Hepatitis A virus,Shigella spp.,Giardia lamblia,Leptospira,Pseudomonas"
1,1,1,1,1,0,0,0,1,0,1,0,1,1,6.3,5.4,"Vibrio cholerae,Salmonella typhi,Hepatitis A virus,Shigella spp.,E. coli,Giardia lamblia,Pseudomonas,Cryptosporidium"
0,0,1,1,0,0,0,1,1,1,0,0,1,1,5.6,6.2,"Salmonella typhi,Hepatitis A virus,E. coli"
0,1,0,0,0,1,0,1,0,1,0,1,1,0,6.2,2.6,"Salmonella typhi,Hepatitis A virus"
0,1,1,0,0,1,0,0,1,0,0,0,0,1,6.9,9.4,"Vibrio cholerae,Salmonella typhi,Hepatitis A virus"
0,0,0,0,0,0,0,0,0,1,1,0,1,1,6.4,1.2,Shigella spp.
0,0,0,1,0,0,0,1,1,1,1,1,0,1,5.1,4.5,Pseudomonas
0,0,1,1,0,1,1,0,0,1,0,1,1,1,8.8,0.2,Shigella spp.
1,0,1,0,0,0,0,0,1,1,1,0,0,1,8.9,1.7,"Hepatitis A virus,Pseudomonas"
1,0,1,1,0,0,0,0,0,1,1,0,1,1,6.2,2.2,"Salmonella typhi,Shigella spp.,Pseudomonas"
1,1,0,0,1,1,0,0,0,1,0,1,0,1,7.9,5.8,"Salmonella typhi,Hepatitis A virus,E. coli,Giardia lamblia,Cryptosporidium"
1,1,1,0,1,0,1,0,0,1,0,1,0,1,8.6,9.2,"Salmonella typhi,Hepatitis A virus,E. coli,Giardia lamblia,Leptospira"
1,0,1,1,1,1,0,1,0,0,0,1,1,0,6.4,1.5,"Hepatitis A virus,Shigella spp."
1,1,1,1,1,1,0,1,1,0,0,0,1,0,6.4,7.1,"Vibrio cholerae,Salmonella typhi,Hepatitis A virus,Shigella spp.,E. coli,Cryptosporidium"
1,1,1,0,0,0,1,0,0,0,1,1,0,1,7.2,1.9,"Leptospira,Pseudomonas"
1,0,1,0,0,1,1,1,1,1,0,1,1,1,6.3,8.2,"Vibrio cholerae,Salmonella typhi,E. coli,Leptospira,Cryptosporidium"
0,0,1,1,0,0,0,1,0,0,0,0,0,1,7.6,5.9,"Salmonella typhi,Hepatitis A virus,Shigella spp.,E. coli,Giardia lamblia"
1,1,0,0,1,1,1,1,1,1,0,1,0,1,7.0,2.2,"Salmonella typhi,Hepatitis A virus"
1,1,0,1,0,1,0,0,0,0,1,1,1,0,8.0,3.6,"Salmonella typhi,Shigella spp.,Giardia lamblia,Pseudomonas"
0,1,1,0,1,1,0,0,1,1,1,0,1,1,7.0,2.1,"Salmonella typhi,Hepatitis A virus,Shigella spp.,Pseudomonas"
0,0,1,0,1,0,0,0,0,1,0,0,1,0,7.6,8.3,"Salmonella typhi,Hepatitis A virus,Shigella spp.,Giardia lamblia"
0,0,1,0,1,0,0,0,1,1,0,0,1,1,7.4,13.5,Hepatitis A virus
1,1,0,0,1,0,1,0,0,1,0,0,0,0,7.1,1.3,Hepatitis A virus
1,0,0,1,1,0,1,0,1,0,0,0,1,1,6.2,8.9,"Vibrio cholerae,Salmonella typhi,Hepatitis A virus,Shigella spp.,E. coli,Cryptosporidium"
1,1,0,0,1,1,1,1,0,1,1,1,0,1,7.7,12.2,"Hepatitis A virus,E. coli,Cryptosporidium"
0,0,0,0,1,1,1,0,1,1,0,0,0,0,8.5,2.5,Salmonella typhi
0,0,0,0,0,0,0,1,0,1,0,0,1,0,5.7,11.0,"Hepatitis A virus,Shigella spp."
0,1,0,1,0,1,0,0,1,0,1,0,1,0,7.2,12.0,"Salmonella typhi,E. coli,Giardia lamblia,Pseudomonas"
1,0,0,1,0,0,1,0,1,0,1,1,1,0,6.2,0.8,"Shigella spp.,Pseudomonas"
0,0,1,0,1,0,0,1,0,0,0,1,0,1,6.7,3.7,"Salmonella typhi,Hepatitis A virus,Giardia lamblia"
1,0,1,0,0,1,1,1,1,1,1,1,1,0,5.7,1.3,"Hepatitis A virus,Shigella spp.,Leptospira"
1,0,0,0,0,1,0,1,0,1,1,1,1,0,6.6,10.2,"Vibrio cholerae,Salmonella typhi,Hepatitis A virus,Shigella spp.,E. coli,Pseudomonas,Cryptosporidium"
1,1,0,1,0,1,1,1,0,1,0,1,1,0,6.3,0.5,"Hepatitis A virus,Shigella spp."
0,0,1,0,1,1,1,0,0,0,0,0,0,0,8.3,10.9,"Salmonella typhi,Hepatitis A virus,Giardia lamblia"
0,1,1,0,1,0,1,0,1,1,0,1,1,1,5.4,11.8,"Vibrio cholerae,Salmonella typhi,Hepatitis A virus,Shigella spp.,Leptospira"
0,1,1,0,1,1,1,1,0,0,1,0,0,1,7.2,5.1,"Salmonella typhi,Hepatitis A virus,Giardia lamblia,Pseudomonas"
0,1,0,1,0,0,0,1,1,0,1,0,0,1,5.0,14.8,"Vibrio cholerae,Hepatitis A virus,Shigella spp.,E. coli,Pseudomonas"
0,1,1,1,1,1,0,0,1,0,0,0,0,0,6.2,9.1,"Vibrio cholerae,Salmonella typhi,Shigella spp.,E. coli,Giardia lamblia"
1,0,1,1,1,0,1,1,0,1,0,0,1,0,5.6,9.9,"Vibrio cholerae,Salmonella typhi,Hepatitis A virus,Shigella spp.,E. coli,Giardia lamblia"
1,0,0,0,1,1,0,1,1,1,0,1,0,1,7.7,12.8,"Hepatitis A virus,Giardia lamblia"
0,0,0,0,1,0,1,1,1,1,0,0,0,0,8.6,0.3,Hepatitis A virus
0,0,0,1,1,0,0,1,0,1,0,1,1,1,8.2,14.6,"Hepatitis A virus,Shigella spp.,E. coli,Giardia lamblia"
0,1,0,0,1,0,1,1,1,0,1,0,1,1,5.5,8.0,"Salmonella typhi,Hepatitis A virus,Shigella spp.,Pseudomonas"
1,0,1,0,0,1,1,1,1,1,1,1,0,1,5.3,0.5,"Hepatitis A virus,Leptospira"
0,1,0,1,1,0,0,0,1,1,1,0,1,0,7.0,4.8,"Hepatitis A virus,Shigella spp.,E. coli,Giardia lamblia,Pseudomonas"
0,0,1,0,1,0,1,0,0,1,1,0,0,0,7.7,4.1,"Salmonella typhi,Giardia lamblia,Pseudomonas"
1,1,1,0,1,0,1,1,0,0,1,0,1,1,7.0,6.3,"Salmonella typhi,Hepatitis A virus,Shigella spp.,E. coli,Giardia lamblia,Pseudomonas,Cryptosporidium"
1,0,1,0,1,1,0,0,0,0,0,1,1,0,6.3,12.1,"Vibrio cholerae,Salmonella typhi,Hepatitis A virus,E. coli,Giardia lamblia,Leptospira"
0,1,1,0,1,0,1,1,1,0,1,1,1,0,8.3,12.1,"Salmonella typhi,Hepatitis A virus,Shigella spp.,Giardia lamblia,Leptospira,Pseudomonas"
1,0,0,1,0,0,1,0,0,0,1,0,1,0,5.8,11.0,"Vibrio cholerae,Salmonella typhi,Shigella spp.,E. coli,Giardia lamblia,Pseudomonas,Cryptosporidium"
0,0,0,0,1,1,1,0,0,0,0,0,1,1,5.9,11.4,"Salmonella typhi,Hepatitis A virus,Shigella spp.,Giardia lamblia"
0,1,0,0,0,1,0,1,1,1,0,0,0,0,5.7,8.5,Hepatitis A virus
1,1,0,1,1,0,0,1,0,1,1,0,1,0,8.7,10.0,"Hepatitis A virus,E. coli,Giardia lamblia,Pseudomonas"
0,1,1,1,1,0,0,1,0,1,0,0,1,1,8.7,7.9,"Salmonella typhi,Shigella spp.,E. coli,Giardia lamblia"
1,1,1,0,0,0,0,1,1,1,0,0,1,1,7.8,1.6,Shigella spp.
0,0,1,1,0,0,0,1,0,1,1,0,0,0,8.8,5.9,"Salmonella typhi,Hepatitis A virus,Shigella spp.,E. coli,Giardia lamblia"
1,0,0,1,1,1,0,0,0,1,0,1,1,0,5.2,11.5,"Vibrio cholerae,Salmonella typhi,Hepatitis A virus,Shigella spp.,E. coli,Giardia lamblia,Cryptosporidium"
1,1,0,0,0,0,0,1,0,0,1,0,1,1,5.6,1.1,"Hepatitis A virus,Shigella spp.,Pseudomonas"
0,1,1,0,1,1,0,0,0,1,0,1,1,0,5.7,9.6,"Vibrio cholerae,Salmonella typhi,Hepatitis A virus,Shigella spp.,Giardia lamblia,Leptospira"
1,0,0,0,0,1,0,0,0,1,1,0,0,1,8.3,2.5,"Salmonella typhi,Pseudomonas"
1,0,0,1,0,1,0,1,0,1,1,0,0,0,6.6,14.1,"Vibrio cholerae,Salmonella typhi,Hepatitis A virus,E. coli,Giardia lamblia,Pseudomonas,Cryptosporidium"
1,1,1,1,0,1,0,1,1,1,1,0,1,0,5.2,4.0,"Shigella spp.,Giardia lamblia,Pseudomonas"
1,0,1,0,0,1,0,1,0,1,0,1,1,1,5.9,3.9,"Salmonella typhi,Hepatitis A virus,Shigella spp."
0,1,1,1,1,0,1,0,0,1,0,1,0,0,6.4,5.3,"Vibrio cholerae,Salmonella typhi,Hepatitis A virus,Shigella spp.,E. coli,Giardia lamblia,Leptospira"
1,0,1,1,1,1,0,1,0,1,0,1,1,0,6.1,0.9,"Hepatitis A virus,Shigella spp.,Leptospira"
1,0,1,0,1,0,1,0,0,0,1,1,0,0,7.3,6.2,"Salmonella typhi,Hepatitis A virus,E. coli,Leptospira,Pseudomonas,Cryptosporidium"
0,1,0,0,1,1,0,1,1,1,1,0,1,0,8.7,5.3,"Salmonella typhi,Hepatitis A virus,Shigella spp."
0,0,0,0,1,1,1,0,0,0,1,1,0,0,8.6,9.2,"Salmonella typhi,Hepatitis A virus,Giardia lamblia,Pseudomonas"
1,1,0,1,1,1,0,1,1,0,0,0,0,0,5.7,13.1,"Vibrio cholerae,Salmonella typhi,Hepatitis A virus,Shigella spp.,E. coli,Giardia lamblia,Cryptosporidium"
1,1,0,1,0,0,1,1,0,1,1,1,1,0,7.1,2.0,"Hepatitis A virus,Pseudomonas"
0,1,1,1,0,1,1,1,0,1,1,1,0,1,5.3,3.5,"Hepatitis A virus,Giardia lamblia,Leptospira,Pseudomonas"
1,1,0,0,0,0,1,1,1,1,1,0,0,0,7.3,7.4,"Salmonella typhi,Hepatitis A virus,E. coli,Pseudomonas,Cryptosporidium"
1,1,1,1,1,1,0,0,1,1,0,0,0,0,5.6,6.7,"Vibrio cholerae,Salmonella typhi,Hepatitis A virus,Shigella spp.,E. coli,Giardia lamblia,Cryptosporidium"
0,0,1,1,1,0,0,1,1,0,0,1,1,1,7.1,7.7,"Salmonella typhi,Shigella spp.,E. coli,Giardia lamblia,Leptospira"
1,1,0,1,0,1,0,0,1,0,0,1,1,0,7.6,9.3,"Salmonella typhi,Hepatitis A virus,E. coli,Giardia lamblia,Cryptosporidium"
1,1,1,0,0,1,1,1,0,0,0,1,1,1,6.8,4.0,"Salmonella typhi,Hepatitis A virus,Shigella spp."
1,0,0,1,1,1,0,0,1,0,1,1,1,0,5.4,14.2,"Vibrio cholerae,Salmonella typhi,Hepatitis A virus,E. coli,Giardia lamblia,Cryptosporidium"
0,1,1,0,1,1,1,0,1,1,1,1,0,1,6.3,0.2,"Hepatitis A virus,Pseudomonas"
0,1,1,1,0,0,0,1,1,1,0,1,0,0,6.8,10.0,"Vibrio cholerae,Salmonella typhi,Shigella spp.,E. coli,Giardia lamblia,Leptospira"
1,0,0,0,0,1,1,1,0,1,1,0,0,0,7.8,8.9,"Salmonella typhi,Hepatitis A virus,E. coli,Pseudomonas"
0,1,0,1,1,1,1,1,0,0,0,0,0,1,6.8,0.1,"Hepatitis A virus,Shigella spp."
0,0,0,1,1,0,0,1,1,0,1,1,0,1,7.5,6.1,"Hepatitis A virus,E. coli,Pseudomonas"
1,1,0,1,0,1,0,1,0,0,1,1,0,0,7.4,9.3,"Salmonella typhi,Hepatitis A virus,E. coli,Giardia lamblia,Pseudomonas,Cryptosporidium"
1,0,1,0,1,0,0,0,1,1,0,0,1,0,7.2,3.4,"Shigella spp.,Giardia lamblia"
0,0,0,0,0,1,1,1,0,1,1,1,1,0,7.4,12.4,"Salmonella typhi,Hepatitis A virus,Shigella spp.,Pseudomonas"
1,1,0,1,0,0,1,1,0,0,0,0,0,0,8.7,11.1,Salmonella typhi
1,1,0,1,1,0,0,1,0,1,1,0,0,1,8.4,3.8,"Hepatitis A virus,Shigella spp.,Giardia lamblia,Pseudomonas"
0,0,0,1,0,1,1,1,0,0,1,1,0,0,8.7,6.5,"Hepatitis A virus,Shigella spp.,E. coli,Giardia lamblia,Pseudomonas"
0,0,1,1,0,1,1,0,1,1,0,1,1,1,5.6,10.6,"Salmonella typhi,Shigella spp.,E. coli"
0,1,0,0,0,0,1,0,0,0,0,1,1,0,6.1,6.3,"Vibrio cholerae,Salmonella typhi,Shigella spp."
1,1,1,1,0,0,0,1,1,0,1,0,1,0,6.9,13.7,"Vibrio cholerae,Salmonella typhi,Hepatitis A virus,Shigella spp.,E. coli,Giardia lamblia,Pseudomonas,Cryptosporidium"
0,0,0,0,1,1,1,1,1,0,0,1,1,0,7.7,1.3,"Hepatitis A virus,Shigella spp."
1,1,1,1,0,1,1,1,0,0,1,0,1,1,5.6,11.4,"Vibrio cholerae,Salmonella typhi,Hepatitis A virus,Shigella spp.,E. coli,Giardia lamblia,Pseudomonas,Cryptosporidium"
1,1,0,0,1,1,1,0,1,0,1,1,0,1,5.3,13.4,"Vibrio cholerae,Salmonella typhi,Hepatitis A virus,E. coli,Giardia lamblia,Pseudomonas,Cryptosporidium"
0,0,1,0,0,1,0,1,1,1,0,0,0,0,5.7,9.8,Salmonella typhi
0,0,0,1,1,0,1,1,1,1,0,0,1,0,6.7,14.2,"Salmonella typhi,Hepatitis A virus,Shigella spp.,E. coli,Giardia lamblia"
1,0,0,0,0,0,1,0,0,1,1,1,1,1,8.8,4.4,"Salmonella typhi,Shigella spp.,E. coli,Pseudomonas"
0,0,1,1,0,0,0,0,0,0,1,1,0,0,8.2,3.5,"Giardia lamblia,Leptospira,Pseudomonas"
0,1,1,0,1,0,0,1,0,1,0,0,0,1,6.3,13.1,"Vibrio cholerae,Salmonella typhi,Hepatitis A virus,Giardia lamblia"
0,0,0,1,0,0,1,1,0,0,1,1,1,1,6.3,14.5,"Salmonella typhi,Hepatitis A virus,Shigella spp.,E. coli,Giardia lamblia,Pseudomonas"
1,0,0,0,0,1,0,0,0,0,1,0,1,1,6.7,10.8,"Vibrio cholerae,Salmonella typhi,Shigella spp.,E. coli,Pseudomonas,Cryptosporidium"
1,0,1,1,1,0,0,0,0,0,0,0,1,1,8.6,8.4,"Salmonella typhi,Shigella spp.,E. coli"
0,0,0,1,0,1,0,1,1,0,1,0,0,0,6.3,9.7,"Salmonella typhi,Hepatitis A virus,E. coli,Giardia lamblia,Pseudomonas"
1,1,1,0,1,0,1,0,0,1,0,0,1,1,7.8,1.6,Shigella spp.
1,0,0,0,1,1,1,0,0,1,0,0,0,1,8.5,4.5,"Salmonella typhi,Giardia lamblia"
1,1,1,1,0,0,0,1,0,1,0,0,0,0,8.2,3.5,"Salmonella typhi,Hepatitis A virus,Shigella spp.,Giardia lamblia"
1,0,1,1,1,0,0,1,1,1,1,0,0,0,7.8,12.3,"Salmonella typhi,Shigella spp.,E. coli,Giardia lamblia,Pseudomonas,Cryptosporidium"
1,1,0,0,0,0,0,0,1,0,1,0,1,1,8.2,2.5,"Hepatitis A virus,Pseudomonas"
1,0,1,0,0,0,0,0,1,1,1,1,0,0,5.4,5.1,"Vibrio cholerae,Salmonella typhi,E. coli,Leptospira,Pseudomonas,Cryptosporidium"
1,1,0,0,0,0,0,1,1,1,1,0,1,0,7.9,9.8,"Shigella spp.,Pseudomonas,Cryptosporidium"
0,0,0,1,0,1,0,1,1,0,0,1,1,1,5.3,5.5,"Salmonella typhi,Hepatitis A virus,E. coli,Giardia lamblia"
0,1,0,0,1,1,1,0,0,0,0,0,1,0,5.6,6.2,"Vibrio cholerae,Hepatitis A virus,Giardia lamblia"
0,0,1,1,0,0,1,1,0,0,0,0,1,1,7.5,7.5,"Salmonella typhi,Shigella spp.,Giardia lamblia"
1,0,0,1,0,0,0,0,1,0,0,1,0,1,8.4,13.2,"Hepatitis A virus,E. coli,Giardia lamblia,Cryptosporidium"
1,1,0,1,1,0,1,0,0,1,0,0,0,1,8.7,7.0,"Salmonella typhi,Shigella spp.,E. coli,Giardia lamblia,Cryptosporidium"
1,0,1,0,1,0,0,1,0,0,0,1,0,1,8.6,13.0,"Salmonella typhi,Hepatitis A virus,E. coli,Giardia lamblia,Leptospira,Cryptosporidium"
1,1,1,0,0,0,0,1,1,0,1,0,0,1,8.2,6.5,"Salmonella typhi,Hepatitis A virus,E. coli,Pseudomonas,Cryptosporidium"
0,0,1,1,0,0,0,1,1,0,0,0,1,1,8.4,1.1,"Hepatitis A virus,Shigella spp."
0,1,1,1,0,1,1,0,1,1,1,1,1,1,6.4,2.2,"Salmonella typhi,Hepatitis A virus,Shigella spp.,Leptospira,Pseudomonas"
1,0,0,0,0,0,1,0,1,1,0,0,0,1,5.3,4.3,"Hepatitis A virus,E. coli"
0,1,1,1,0,1,1,0,0,1,0,1,0,0,8.1,14.8,"Salmonella typhi,E. coli,Leptospira"
0,0,1,1,1,1,0,1,1,0,0,0,1,0,8.6,7.7,"Salmonella typhi,Hepatitis A virus,Shigella spp.,E. coli,Giardia lamblia"
0,1,1,0,0,1,1,1,0,0,0,0,0,0,8.9,4.0,"Salmonella typhi,Hepatitis A virus"
1,0,0,1,1,1,1,0,1,0,0,0,1,0,8.0,8.5,"Salmonella typhi,Hepatitis A virus,E. coli,Giardia lamblia,Cryptosporidium"
0,1,0,1,0,1,0,0,0,0,0,0,0,1,5.8,2.3,"Salmonella typhi,Shigella spp."
1,1,0,0,1,0,0,0,0,1,0,0,1,0,7.3,14.6,"Shigella spp.,E. coli,Giardia lamblia,Cryptosporidium"
1,1,1,0,1,1,1,1,1,0,0,0,1,1,8.4,5.2,"Salmonella typhi,Hepatitis A virus,Shigella spp.,E. coli,Cryptosporidium"
0,0,0,0,0,0,0,1,1,0,1,1,1,1,6.9,3.0,"Hepatitis A virus,Shigella spp.,Pseudomonas"
0,1,1,0,1,0,1,0,1,1,1,1,1,0,8.8,9.9,"Hepatitis A virus,Shigella spp.,Giardia lamblia,Leptospira,Pseudomonas"
0,0,0,1,1,1,1,1,1,0,0,1,1,0,8.4,11.1,"Salmonella typhi,Hepatitis A virus,Shigella spp.,E. coli,Giardia lamblia"
1,0,0,1,1,0,0,1,0,1,0,0,1,1,8.9,12.5,"Hepatitis A virus,E. coli,Giardia lamblia"
0,0,0,1,1,0,0,0,1,0,1,0,0,1,8.6,0.8,"Hepatitis A virus,Pseudomonas"
1,1,1,1,0,0,1,0,0,1,1,0,0,1,8.5,0.5,"Shigella spp.,Pseudomonas"
1,1,0,1,0,1,1,1,0,1,0,0,0,0,7.2,14.2,"Hepatitis A virus,Shigella spp.,E. coli,Giardia lamblia,Cryptosporidium"
0,0,0,0,1,1,1,0,0,1,1,0,1,0,7.5,9.3,"Salmonella typhi,Hepatitis A virus,Shigella spp.,Giardia lamblia,Pseudomonas"
1,1,1,1,0,1,0,1,1,0,1,0,0,1,6.3,13.9,"Vibrio cholerae,Salmonella typhi,Hepatitis A virus,Shigella spp.,Giardia lamblia,Pseudomonas"
1,1,1,0,1,1,1,1,0,1,1,0,1,0,5.3,8.9,"Vibrio cholerae,Salmonella typhi,Hepatitis A virus,E. coli,Giardia lamblia,Pseudomonas,Cryptosporidium"
0,1,0,0,0,1,0,0,0,0,0,1,1,0,6.6,13.4,"Vibrio cholerae,Salmonella typhi,Shigella spp."
1,1,1,0,0,1,1,0,1,1,1,1,1,0,7.0,8.0,"Salmonella typhi,Hepatitis A virus,Shigella spp.,E. coli,Leptospira,Pseudomonas,Cryptosporidium"
1,0,1,1,0,1,1,0,0,0,1,1,1,0,5.0,12.2,"Vibrio cholerae,Salmonella typhi,Shigella spp.,E. coli,Giardia lamblia,Leptospira,Pseudomonas,Cryptosporidium"
0,1,1,1,1,0,1,0,0,0,0,0,1,1,7.4,9.2,"Shigella spp.,E. coli,Giardia lamblia"
0,0,1,0,1,0,0,1,1,0,0,1,0,1,8.4,12.0,"Hepatitis A virus,Giardia lamblia,Leptospira"
1,0,0,1,0,1,0,0,1,0,0,0,1,1,6.9,6.9,"Vibrio cholerae,Salmonella typhi,Hepatitis A virus,Shigella spp.,Giardia lamblia"
0,0,0,0,1,1,0,0,1,1,0,0,0,1,6.3,2.3,Salmonella typhi
1,1,0,0,1,0,1,0,0,1,1,0,0,1,6.7,3.7,"Salmonella typhi,Hepatitis A virus,Giardia lamblia,Pseudomonas"
1,1,0,0,0,1,0,0,0,1,1,0,1,1,8.2,1.1,Pseudomonas
1,1,0,1,0,1,0,0,1,0,0,1,1,1,6.0,11.6,"Vibrio cholerae,Salmonella typhi,Hepatitis A virus,Shigella spp.,Giardia lamblia,Cryptosporidium"
1,0,1,1,1,1,1,0,1,1,1,0,0,1,8.4,7.0,"Salmonella typhi,Hepatitis A virus,Shigella spp.,E. coli,Giardia lamblia,Pseudomonas,Cryptosporidium"
0,1,1,0,1,1,1,1,1,1,0,0,1,0,5.6,10.1,"Vibrio cholerae,Salmonella typhi,Hepatitis A virus,Shigella spp.,Giardia lamblia"
1,1,0,0,1,1,0,0,1,0,1,0,0,0,8.5,12.9,"Salmonella typhi,Hepatitis A virus,E. coli,Giardia lamblia,Pseudomonas"
1,0,1,0,0,1,0,0,1,0,0,1,1,1,7.9,9.4,"Hepatitis A virus,Shigella spp.,E. coli,Leptospira,Cryptosporidium"
0,1,0,0,1,0,1,1,0,1,1,0,1,1,8.7,6.6,"Salmonella typhi,Hepatitis A virus,Shigella spp.,Giardia lamblia,Pseudomonas"
1,1,1,1,0,0,0,0,1,1,0,0,0,0,8.4,1.3,"Hepatitis A virus,Shigella spp."
0,1,1,0,0,0,1,1,1,0,1,1,1,1,6.3,1.4,"Hepatitis A virus,Shigella spp.,Leptospira,Pseudomonas"
1,0,1,1,0,1,0,0,1,0,1,1,0,1,5.7,13.6,"Vibrio cholerae,Salmonella typhi,Hepatitis A virus,Shigella spp.,E. coli,Giardia lamblia,Leptospira,Pseudomonas,Cryptosporidium"
0,0,0,1,0,0,0,0,1,1,1,1,1,1,8.2,0.5,"Shigella spp.,Pseudomonas"
0,0,1,1,1,1,0,0,1,1,1,1,0,0,5.1,14.3,"Salmonella typhi,Hepatitis A virus,Shigella spp.,E. coli,Giardia lamblia,Leptospira,Pseudomonas"
0,0,1,1,1,1,1,0,1,1,1,1,1,1,6.5,4.1,"Salmonella typhi,Hepatitis A virus,Shigella spp.,E. coli,Leptospira"
0,1,0,0,1,0,1,0,0,1,0,1,1,0,6.7,13.5,"Vibrio cholerae,Salmonella typhi,Shigella spp.,Giardia lamblia"
1,0,1,1,1,0,1,1,1,0,1,1,0,1,7.1,0.4,"Hepatitis A virus,Shigella spp.,Leptospira,Pseudomonas"
0,0,1,1,1,1,1,1,0,0,0,1,0,1,8.5,0.4,"Hepatitis A virus,Shigella spp.,Leptospira"
1,0,1,1,0,1,0,0,1,0,1,1,0,0,7.3,12.3,"Salmonella typhi,Hepatitis A virus,Shigella spp.,Giardia lamblia,Leptospira,Pseudomonas,Cryptosporidium"
0,1,0,0,0,1,1,0,1,0,1,1,1,1,7.2,2.7,"Salmonella typhi,Hepatitis A virus,Shigella spp.,Pseudomonas"
0,1,1,0,1,0,1,1,0,1,1,1,0,1,6.9,14.5,"Hepatitis A virus,Giardia lamblia,Leptospira,Pseudomonas"
1,0,1,0,0,0,0,1,1,0,1,0,0,0,7.5,3.5,"Salmonella typhi,Hepatitis A virus,Pseudomonas"
0,0,0,1,0,1,1,1,0,0,1,0,0,1,7.5,1.6,"Hepatitis A virus,Shigella spp.,Pseudomonas"
1,0,0,0,0,0,1,1,1,0,1,0,1,1,6.4,8.8,"Vibrio cholerae,Salmonella typhi,Hepatitis A virus,Shigella spp.,Pseudomonas,Cryptosporidium"
1,0,0,0,1,1,0,0,0,1,0,0,0,0,7.1,2.3,Salmonella typhi
0,0,0,1,1,1,0,1,1,0,0,0,0,1,8.5,8.0,"Hepatitis A virus,Shigella spp.,E. coli,Giardia lamblia"
0,0,1,1,0,1,1,0,0,0,1,1,1,1,8.9,8.3,"Salmonella typhi,Shigella spp.,E. coli,Giardia lamblia,Leptospira,Pseudomonas"
0,0,1,1,0,0,1,1,0,0,1,0,1,0,6.2,11.0,"Salmonella typhi,Hepatitis A virus,Shigella spp.,E. coli,Pseudomonas"
0,1,0,1,0,1,1,0,0,1,0,0,0,0,5.1,3.2,Giardia lamblia
0,1,1,0,0,0,1,1,0,1,1,1,0,1,8.3,7.6,"Salmonella typhi,Hepatitis A virus,Pseudomonas"
0,0,0,0,0,1,1,1,1,0,1,1,0,1,5.2,14.9,"Salmonella typhi,Hepatitis A virus,Pseudomonas"
0,1,1,0,1,0,0,1,1,1,1,1,0,0,5.3,11.5,"Salmonella typhi,Leptospira,Pseudomonas"
0,1,1,0,0,1,0,0,1,0,1,0,1,1,8.1,12.5,"Salmonella typhi,Hepatitis A virus,Pseudomonas"
1,0,0,0,1,0,1,1,0,1,0,0,0,0,7.2,8.9,"Salmonella typhi,Hepatitis A virus,E. coli,Cryptosporidium"
1,0,1,0,0,0,1,1,0,0,0,0,0,1,6.4,12.2,"Vibrio cholerae,Salmonella typhi,Hepatitis A virus,E. coli,Cryptosporidium"
1,0,0,1,0,0,0,1,0,0,1,1,0,1,8.5,0.7,"Hepatitis A virus,Pseudomonas"
0,1,0,0,0,1,0,1,0,1,1,0,1,1,6.5,7.1,"Vibrio cholerae,Salmonella typhi,Pseudomonas"
1,0,1,1,0,0,0,1,1,0,1,0,0,1,6.2,8.3,"Vibrio cholerae,Salmonella typhi,Hepatitis A virus,E. coli,Giardia lamblia,Cryptosporidium"
1,0,1,0,0,1,0,0,1,1,0,0,0,0,7.4,11.6,"Salmonella typhi,Hepatitis A virus,E. coli"
1,0,1,1,1,0,1,0,1,1,1,1,1,0,6.5,2.7,"Salmonella typhi,Shigella spp.,Leptospira,Pseudomonas"
1,0,0,1,1,0,1,0,0,1,0,0,0,0,8.3,7.6,"Hepatitis A virus,Shigella spp.,E. coli,Cryptosporidium"
1,0,0,0,0,0,1,1,0,0,0,1,1,1,6.0,1.6,"Hepatitis A virus,Shigella spp."
1,0,0,0,0,0,1,1,0,1,1,1,0,0,5.5,8.0,"Vibrio cholerae,Salmonella typhi,Hepatitis A virus,E. coli,Pseudomonas"
1,0,0,0,1,1,1,0,0,1,0,0,0,0,8.3,0.9,Hepatitis A virus
1,0,1,0,0,0,1,1,1,0,0,0,1,1,5.9,6.8,"Vibrio cholerae,Salmonella typhi,Shigella spp.,Cryptosporidium"
0,1,1,0,1,1,0,0,1,0,0,0,0,1,8.3,13.4,"Salmonella typhi,Hepatitis A virus,Giardia lamblia"
0,0,0,0,1,0,0,0,0,0,0,0,0,0,6.8,9.7,Hepatitis A virus
0,1,1,0,1,0,1,0,1,1,1,0,0,0,8.8,2.3,"Salmonella typhi,Pseudomonas"
0,0,0,1,1,1,1,1,1,0,1,0,1,1,5.1,14.7,"Salmonella typhi,Hepatitis A virus,Shigella spp.,Giardia lamblia,Pseudomonas"
0,1,0,1,0,0,0,1,1,0,1,1,1,1,5.8,4.1,"Hepatitis A virus,Shigella spp.,E. coli,Giardia lamblia"
1,0,1,1,0,0,1,0,0,1,0,0,0,1,5.0,11.5,"Vibrio cholerae,Salmonella typhi,Shigella spp.,E. coli,Giardia lamblia"
1,1,1,0,0,1,0,1,0,0,1,0,0,1,5.1,10.2,"Vibrio cholerae,Salmonella typhi,Hepatitis A virus,Pseudomonas,Cryptosporidium"
0,1,1,0,0,0,0,0,1,1,0,0,0,0,7.9,10.1,Salmonella typhi
0,0,1,1,0,0,1,0,1,0,1,0,0,1,7.1,1.1,"Hepatitis A virus,Shigella spp.,Pseudomonas"
0,0,1,0,0,0,1,0,0,0,0,0,1,0,5.2,9.4,"Salmonella typhi,Shigella spp."
1,0,0,0,0,1,1,1,0,0,1,0,0,1,5.2,0.6,"Hepatitis A virus,Pseudomonas"
0,1,0,0,0,1,0,1,0,1,0,0,1,0,5.6,2.4,"Salmonella typhi,Hepatitis A virus,Shigella spp."
1,1,0,0,0,1,1,1,0,0,0,1,0,1,7.0,7.4,"Salmonella typhi,E. coli"
0,1,0,1,0,0,0,1,1,1,1,0,1,1,7.5,11.4,"Hepatitis A virus,Shigella spp.,E. coli,Giardia lamblia,Pseudomonas"
1,1,1,1,0,1,0,1,1,0,0,0,1,0,5.6,2.1,"Salmonella typhi,Hepatitis A virus,Shigella spp."
0,1,1,1,1,1,1,1,0,1,1,0,1,1,6.2,6.7,"Vibrio cholerae,Salmonella typhi,Hepatitis A virus,Shigella spp.,E. coli,Giardia lamblia,Pseudomonas"
1,0,1,0,0,1,1,0,1,1,0,1,0,1,6.8,10.9,"Vibrio cholerae,Hepatitis A virus,E. coli,Cryptosporidium"
1,0,0,1,0,1,0,1,1,1,1,1,0,0,8.0,0.9,"Hepatitis A virus,Pseudomonas"
0,0,1,0,1,0,0,1,0,0,0,0,0,0,7.2,1.6,Hepatitis A virus
0,1,0,0,1,0,1,1,0,1,0,0,1,1,7.8,12.2,"Salmonella typhi,Giardia lamblia"
1,0,1,1,0,1,1,0,0,1,1,0,1,1,5.8,1.0,"Shigella spp.,Pseudomonas"
0,0,1,0,0,1,1,1,1,0,0,1,1,0,8.6,12.5,Hepatitis A virus
0,1,0,1,1,1,1,1,0,1,1,0,1,0,6.5,7.4,"Vibrio cholerae,Salmonella typhi,Hepatitis A virus,Shigella spp.,E. coli,Giardia lamblia,Pseudomonas"
1,1,1,1,1,1,1,1,0,0,1,0,0,0,5.2,11.7,"Vibrio cholerae,Salmonella typhi,Shigella spp.,E. coli,Giardia lamblia,Pseudomonas,Cryptosporidium"
0,1,1,1,1,1,0,1,0,1,0,0,1,0,6.6,7.4,"Vibrio cholerae,Salmonella typhi,Shigella spp.,E. coli,Giardia lamblia"
1,0,0,1,1,1,1,1,0,1,0,0,0,1,5.5,8.4,"Vibrio cholerae,Shigella spp.,Giardia lamblia,Cryptosporidium"
0,0,1,1,1,1,0,0,1,1,0,0,1,0,7.6,11.3,"Salmonella typhi,Hepatitis A virus,Shigella spp.,E. coli,Giardia lamblia"
0,0,0,1,1,1,0,0,0,1,0,1,0,0,6.5,1.9,"Hepatitis A virus,Shigella spp."
1,1,1,1,0,1,0,1,1,0,1,1,0,1,8.3,9.3,"Salmonella typhi,Hepatitis A virus,Shigella spp.,E. coli,Giardia lamblia,Pseudomonas,Cryptosporidium"
1,1,1,0,0,0,1,0,0,0,1,0,1,1,6.1,5.3,"Vibrio cholerae,Salmonella typhi,Shigella spp.,E. coli,Cryptosporidium"
0,1,0,1,0,1,0,1,1,1,1,1,1,0,8.5,2.9,"Salmonella typhi,Hepatitis A virus,Shigella spp.,Pseudomonas"
1,1,0,0,0,0,0,1,1,0,0,1,0,0,8.7,5.0,"Hepatitis A virus,E. coli"
1,0,0,1,0,1,0,0,0,1,0,0,0,0,7.9,4.6,"Salmonella typhi,Shigella spp.,E. coli,Giardia lamblia"
0,1,0,0,0,1,0,1,1,1,0,0,0,0,6.0,9.2,"Salmonella typhi,Hepatitis A virus"
0,1,0,1,0,1,0,0,0,1,1,0,0,0,6.3,1.1,"Shigella spp.,Pseudomonas"
0,0,0,0,0,0,0,1,0,1,0,1,0,1,6.4,13.0,Hepatitis A virus
0,0,0,1,1,1,0,0,0,1,1,1,1,1,6.6,13.0,"Hepatitis A virus,Shigella spp.,E. coli,Pseudomonas"
0,1,1,0,0,0,0,0,0,0,1,1,1,0,6.5,2.4,"Salmonella typhi,Shigella spp.,Leptospira,Pseudomonas"
0,0,0,1,1,1,0,1,1,0,0,1,0,0,7.4,12.2,"Salmonella typhi,Hepatitis A virus,Shigella spp."
0,0,1,1,0,0,0,0,0,1,1,0,0,0,6.5,13.8,"Salmonella typhi,Shigella spp.,Giardia lamblia,Pseudomonas"
1,1,1,0,1,0,0,1,1,0,0,1,0,0,8.9,10.1,"Salmonella typhi,Hepatitis A virus,E. coli,Leptospira,Cryptosporidium"
0,1,1,1,1,0,0,1,0,1,1,1,0,0,8.6,7.9,"Salmonella typhi,Hepatitis A virus,Shigella spp.,E. coli,Leptospira,Pseudomonas"
0,0,0,1,0,1,0,1,1,1,0,0,0,0,7.0,9.1,"Salmonella typhi,Hepatitis A virus,E. coli,Giardia lamblia"
0,1,1,1,1,1,0,1,0,1,1,0,0,1,7.4,9.8,"Salmonella typhi,Hepatitis A virus,Shigella spp.,E. coli,Giardia lamblia,Pseudomonas"
0,1,0,0,0,0,1,1,0,0,1,1,0,0,5.2,3.4,"Salmonella typhi,Hepatitis A virus,Pseudomonas"
0,0,0,1,0,0,0,0,1,0,0,1,0,0,7.0,9.1,"Hepatitis A virus,E. coli,Giardia lamblia"
0,0,0,0,0,1,0,0,1,0,0,0,1,0,7.0,4.8,"Salmonella typhi,Hepatitis A virus,Shigella spp."
0,0,0,1,1,1,1,1,1,1,0,0,0,1,7.5,3.6,"Salmonella typhi,Hepatitis A virus,Shigella spp."
1,1,1,1,1,0,0,1,0,1,1,0,1,0,6.7,10.2,"Vibrio cholerae,Salmonella typhi,Hepatitis A virus,Shigella spp.,Pseudomonas,Cryptosporidium"
1,1,1,0,0,1,0,0,1,0,1,0,0,0,8.5,9.6,"Salmonella typhi,Hepatitis A virus,E. coli,Pseudomonas,Cryptosporidium"
1,1,0,0,0,0,1,1,0,1,1,0,0,0,6.2,6.5,"Vibrio cholerae,Salmonella typhi,Hepatitis A virus,E. coli,Pseudomonas"
1,0,0,0,1,0,1,0,1,0,1,0,0,0,7.3,10.6,"Salmonella typhi,E. coli,Giardia lamblia,Pseudomonas,Cryptosporidium"
0,1,0,1,1,1,1,1,0,0,1,0,1,0,8.8,0.1,"Hepatitis A virus,Pseudomonas"
1,0,1,0,0,1,0,0,1,0,0,0,1,0,6.0,2.9,"Salmonella typhi,Hepatitis A virus,Shigella spp."
1,0,0,0,1,0,0,1,0,0,0,0,0,0,5.5,9.1,"Vibrio cholerae,Hepatitis A virus,E. coli,Giardia lamblia,Cryptosporidium"
1,1,1,1,1,1,0,0,0,0,0,0,0,1,6.2,6.4,"Vibrio cholerae,Salmonella typhi,Hepatitis A virus,Shigella spp.,E. coli,Giardia lamblia"
0,1,0,0,0,0,0,0,1,1,1,1,0,1,8.1,14.9,"Hepatitis A virus,Pseudomonas"
1,0,0,1,0,1,0,1,1,0,1,1,1,0,5.9,1.6,"Hepatitis A virus,Shigella spp.,Pseudomonas"
0,1,1,1,0,0,0,1,1,1,0,0,1,1,5.3,8.8,"Vibrio cholerae,Salmonella typhi,Hepatitis A virus,Shigella spp.,E. coli"
0,1,1,1,0,0,0,1,1,0,1,0,0,1,8.7,0.3,Pseudomonas
0,0,1,1,0,0,1,0,1,0,1,1,1,0,7.9,2.0,"Shigella spp.,Leptospira"
1,1,0,0,0,0,1,0,1,1,0,1,0,1,6.6,10.2,"Vibrio cholerae,Salmonella typhi,Hepatitis A virus,E. coli,Cryptosporidium"
0,1,1,0,1,1,0,0,0,0,1,0,0,1,8.6,8.7,"Giardia lamblia,Pseudomonas"
1,0,1,0,1,0,0,1,1,1,0,0,0,0,6.7,9.0,"Salmonella typhi,Hepatitis A virus,E. coli,Giardia lamblia,Cryptosporidium"
0,0,1,1,1,0,0,0,1,0,0,1,1,1,8.4,12.8,"Salmonella typhi,Hepatitis A virus,E. coli,Leptospira"
1,1,0,0,1,0,0,1,0,0,1,0,1,1,7.7,12.0,"Hepatitis A virus,Shigella spp.,E. coli,Giardia lamblia,Pseudomonas,Cryptosporidium"
0,1,0,0,1,0,1,1,1,1,0,0,0,0,5.2,6.0,"Vibrio cholerae,Salmonella typhi,Hepatitis A virus,Giardia lamblia"
1,1,1,0,0,0,1,0,1,1,0,0,1,0,7.8,6.3,"Salmonella typhi,Shigella spp.,E. coli,Cryptosporidium"
1,0,0,1,1,0,1,1,0,0,0,1,1,1,8.6,5.3,"Salmonella typhi,Hepatitis A virus,Shigella spp.,Cryptosporidium"
0,0,0,1,0,0,0,0,0,0,0,1,0,0,5.8,5.2,"Shigella spp.,E. coli"
1,1,1,1,1,1,1,0,0,1,1,1,0,1,7.3,2.3,"Hepatitis A virus,Shigella spp.,Pseudomonas"
1,1,1,0,1,1,1,1,0,0,1,0,1,1,8.9,9.0,"Salmonella typhi,Hepatitis A virus,Shigella spp.,E. coli,Giardia lamblia,Pseudomonas,Cryptosporidium"
1,0,1,1,0,1,1,1,0,0,0,1,0,1,7.6,11.4,"Shigella spp.,E. coli,Giardia lamblia,Leptospira"
1,0,1,1,0,0,0,1,0,0,0,1,1,0,8.8,10.3,"Salmonella typhi,Hepatitis A virus,Shigella spp.,E. coli,Giardia lamblia,Leptospira,Cryptosporidium"
0,0,1,1,1,1,0,0,0,1,0,0,0,0,7.7,4.9,"Salmonella typhi,Hepatitis A virus,Giardia lamblia"
0,0,1,1,1,1,1,1,1,1,1,0,1,1,8.7,11.2,"Salmonella typhi,Hepatitis A virus,Shigella spp.,E. coli,Giardia lamblia,Pseudomonas"
1,1,1,0,1,1,1,1,1,0,1,1,1,0,8.6,2.3,"Hepatitis A virus,Shigella spp.,Leptospira,Pseudomonas"
0,1,1,0,1,1,0,0,0,1,0,1,0,0,8.8,4.0,"Salmonella typhi,Hepatitis A virus,Giardia lamblia,Leptospira"
1,0,0,0,0,0,1,0,0,0,0,1,0,0,6.2,9.4,"Salmonella typhi,E. coli,Cryptosporidium"
1,0,0,0,1,0,0,1,1,1,1,0,0,1,5.9,11.8,"Vibrio cholerae,Hepatitis A virus,E. coli,Pseudomonas"
1,1,1,1,1,1,0,0,1,1,1,1,0,1,6.5,11.9,"Salmonella typhi,Hepatitis A virus,Shigella spp.,E. coli,Leptospira,Pseudomonas,Cryptosporidium"
0,0,1,0,0,1,1,0,1,0,0,0,1,1,5.0,12.5,"Salmonella typhi,Hepatitis A virus,Shigella spp."
0,1,1,0,0,0,0,0,0,1,1,1,0,0,5.1,13.8,"Vibrio cholerae,Salmonella typhi,Leptospira,Pseudomonas"
0,1,1,1,1,0,0,1,1,1,1,1,1,0,7.7,7.2,"Hepatitis A virus,Shigella spp.,E. coli,Giardia lamblia,Leptospira,Pseudomonas"
1,0,1,0,1,1,0,0,1,0,1,1,1,0,7.8,8.4,"Hepatitis A virus,Leptospira,Pseudomonas"
0,1,1,1,0,1,1,0,1,0,0,0,0,0,7.6,7.6,"Salmonella typhi,Shigella spp.,E. coli,Giardia lamblia"
0,0,0,0,1,0,1,0,1,1,0,0,0,0,6.7,1.6,Hepatitis A virus
0,1,1,1,1,0,0,1,1,1,1,0,1,0,5.5,9.9,"Vibrio cholerae,Salmonella typhi,Hepatitis A virus,Shigella spp.,E. coli"
1,0,0,0,1,1,0,1,1,0,1,0,0,0,6.2,7.2,"Vibrio cholerae,Salmonella typhi,Hepatitis A virus,E. coli,Giardia lamblia,Pseudomonas,Cryptosporidium"
0,1,1,1,1,1,0,0,0,0,1,1,1,1,5.2,7.7,"Vibrio cholerae,Hepatitis A virus,Shigella spp.,E. coli,Giardia lamblia,Pseudomonas"
1,1,0,0,1,0,1,0,0,1,0,1,1,1,7.9,6.1,"Salmonella typhi,Hepatitis A virus,Shigella spp.,E. coli,Giardia lamblia,Cryptosporidium"
1,1,1,1,0,1,0,0,1,1,1,0,1,1,5.1,8.5,"Vibrio cholerae,Salmonella typhi,Shigella spp.,E. coli,Giardia lamblia,Pseudomonas,Cryptosporidium"
1,0,1,1,1,0,0,1,0,0,0,1,0,1,8.6,10.8,"Salmonella typhi,Hepatitis A virus,E. coli,Giardia lamblia,Leptospira"
1,0,0,1,1,1,0,1,1,0,0,1,1,0,6.6,11.7,"Vibrio cholerae,Salmonella typhi,Hepatitis A virus,Shigella spp.,E. coli,Giardia lamblia"
1,1,1,0,0,0,1,1,0,0,1,0,1,1,6.3,8.8,"Vibrio cholerae,Salmonella typhi,Shigella spp.,E. coli,Pseudomonas,Cryptosporidium"
1,1,1,0,1,1,1,0,0,0,1,1,0,0,7.4,6.2,"Salmonella typhi,Hepatitis A virus,E. coli,Giardia lamblia,Leptospira,Pseudomonas,Cryptosporidium"
1,0,0,1,0,1,0,0,0,0,1,1,1,0,7.1,8.0,"Salmonella typhi,Shigella spp.,Giardia lamblia,Pseudomonas,Cryptosporidium"
0,1,1,1,1,1,0,0,1,0,0,0,0,1,8.7,14.1,"Salmonella typhi,Hepatitis A virus,Shigella spp.,E. coli,Giardia lamblia"
1,0,1,1,0,0,1,0,1,0,1,1,1,0,7.5,4.8,"Hepatitis A virus,Shigella spp.,E. coli,Leptospira,Pseudomonas"
0,1,1,0,1,0,1,0,0,1,0,1,1,1,5.2,4.0,"Salmonella typhi,Hepatitis A virus,Shigella spp.,Giardia lamblia,Leptospira"
0,0,1,1,0,1,0,0,1,1,0,0,0,1,8.6,5.2,"Salmonella typhi,Hepatitis A virus,Shigella spp.,E. coli,Giardia lamblia"
1,1,0,0,1,1,1,1,0,1,1,0,0,0,8.5,6.5,"E. coli,Giardia lamblia,Pseudomonas,Cryptosporidium"
1,0,0,0,1,0,0,0,1,1,1,0,0,1,7.4,14.3,"Hepatitis A virus,E. coli,Giardia lamblia,Pseudomonas"
1,1,1,0,0,1,1,1,1,1,1,1,0,0,6.5,0.1,"Leptospira,Pseudomonas"
1,1,1,0,1,0,1,1,0,0,1,0,0,0,7.5,12.9,"Salmonella typhi,Hepatitis A virus,E. coli,Giardia lamblia,Pseudomonas,Cryptosporidium"
1,0,1,1,0,0,1,1,1,0,0,0,0,0,5.9,10.7,"Vibrio cholerae,Salmonella typhi,Hepatitis A virus,Shigella spp.,E. coli,Giardia lamblia,Cryptosporidium"
1,1,0,1,0,0,0,0,0,1,0,1,0,1,8.3,13.9,"Shigella spp.,E. coli,Giardia lamblia,Cryptosporidium"
0,1,0,1,0,1,1,1,0,0,1,1,1,1,8.0,11.0,"Salmonella typhi,Shigella spp.,Giardia lamblia,Pseudomonas"
0,1,1,0,1,0,0,0,0,0,1,1,1,1,8.0,10.3,"Salmonella typhi,Hepatitis A virus,Shigella spp.,Giardia lamblia,Pseudomonas"
1,1,0,1,1,1,1,1,0,1,1,1,1,1,7.8,2.5,"Salmonella typhi,Hepatitis A virus,Shigella spp.,Pseudomonas"
0,0,1,0,1,1,1,1,1,0,1,1,0,1,6.5,14.4,"Giardia lamblia,Pseudomonas"
0,0,1,1,0,1,1,1,1,1,0,0,1,0,5.5,8.6,"Salmonella typhi,Hepatitis A virus,Shigella spp.,E. coli,Giardia lamblia"
0,1,1,1,1,1,0,0,1,0,0,1,1,0,5.5,4.2,"Hepatitis A virus,Shigella spp.,E. coli,Leptospira"
0,1,0,1,0,1,0,1,0,1,1,0,0,0,8.3,6.3,"Salmonella typhi,Hepatitis A virus,Shigella spp.,E. coli,Giardia lamblia,Pseudomonas"
1,1,1,0,0,1,1,0,1,1,0,0,0,0,8.5,12.3,"Salmonella typhi,E. coli"
1,1,1,1,0,0,1,1,0,1,1,0,1,0,6.8,13.2,"Vibrio cholerae,Hepatitis A virus,Shigella spp.,E. coli,Giardia lamblia,Cryptosporidium"
0,1,0,1,0,0,0,1,1,1,1,1,1,1,8.5,4.2,"Hepatitis A virus,Shigella spp.,E. coli,Giardia lamblia,Pseudomonas"
1,1,1,0,1,1,1,0,1,0,0,1,0,0,8.1,13.7,"Salmonella typhi,Hepatitis A virus,E. coli,Giardia lamblia,Leptospira,Cryptosporidium"
1,0,1,0,1,0,1,0,0,1,1,0,0,1,5.7,6.2,"Vibrio cholerae,Hepatitis A virus,E. coli,Giardia lamblia,Pseudomonas,Cryptosporidium"
1,0,1,1,0,1,1,1,1,1,0,1,0,1,6.5,10.6,"Vibrio cholerae,Salmonella typhi,Hepatitis A virus,Shigella spp.,E. coli,Giardia lamblia,Leptospira,Cryptosporidium"
0,1,1,0,0,0,1,1,0,0,1,0,1,0,7.1,7.6,"Salmonella typhi,Shigella spp.,Pseudomonas"
1,1,0,0,0,1,1,0,0,0,0,0,1,1,6.4,2.0,Shigella spp.
0,1,1,0,0,1,0,1,0,0,0,0,0,1,7.8,7.6,"Salmonella typhi,Hepatitis A virus"
0,1,0,0,1,0,1,1,0,1,1,1,0,0,5.3,10.8,"Vibrio cholerae,Salmonella typhi,Hepatitis A virus,Giardia lamblia,Pseudomonas"
0,1,1,0,0,1,1,1,0,0,0,1,1,1,8.4,5.7,"Salmonella typhi,Hepatitis A virus,Shigella spp.,Leptospira"
0,1,1,0,1,0,1,1,1,0,0,1,1,0,6.2,8.4,"Vibrio cholerae,Hepatitis A virus,Shigella spp.,Leptospira"
0,1,1,1,0,1,1,0,1,0,0,1,1,0,5.8,7.3,"Vibrio cholerae,Hepatitis A virus,Shigella spp.,E. coli,Giardia lamblia,Leptospira"
1,0,0,0,1,0,1,1,0,1,1,1,0,1,5.9,14.9,"Vibrio cholerae,Salmonella typhi,Hepatitis A virus,E. coli,Giardia lamblia,Pseudomonas,Cryptosporidium"
1,0,1,0,0,1,1,1,0,0,1,1,0,0,7.6,10.2,"Salmonella typhi,Hepatitis A virus,E. coli"
0,0,0,1,0,0,0,0,1,1,0,0,0,0,8.7,12.0,"Hepatitis A virus,Shigella spp.,Giardia lamblia"
1,0,0,1,0,1,1,1,1,0,0,0,1,0,5.3,7.6,"Vibrio cholerae,Salmonella typhi,Hepatitis A virus,Shigella spp.,E. coli,Giardia lamblia"
1,1,0,0,1,1,1,0,1,1,0,0,1,1,6.8,3.0,"Salmonella typhi,Shigella spp."
0,0,1,1,0,0,1,1,1,1,1,0,0,0,8.4,7.8,"Salmonella typhi,Pseudomonas"
0,1,0,0,0,1,0,1,1,0,0,1,0,0,7.0,2.4,"Salmonella typhi,Hepatitis A virus"
0,0,1,0,1,1,1,1,1,1,0,1,0,1,5.1,8.8,"Salmonella typhi,Hepatitis A virus,Giardia lamblia,Leptospira"
1,0,1,0,0,1,0,0,1,1,0,0,0,0,7.8,9.8,"Hepatitis A virus,E. coli"
0,1,1,0,0,0,0,1,0,0,1,1,1,1,7.0,1.7,"Leptospira,Pseudomonas"
0,1,1,0,1,1,1,1,1,0,0,1,1,0,6.7,8.0,"Vibrio cholerae,Salmonella typhi,Hepatitis A virus,Shigella spp.,Giardia lamblia,Leptospira"
1,1,0,1,0,1,0,0,0,1,0,0,1,0,6.8,13.8,"Vibrio cholerae,Shigella spp.,E. coli,Giardia lamblia,Cryptosporidium"
1,0,0,0,1,0,0,0,1,1,0,1,0,0,8.2,13.2,"Hepatitis A virus,E. coli,Giardia lamblia,Cryptosporidium"
1,1,1,1,0,0,0,1,0,1,0,0,0,0,6.6,14.0,"Vibrio cholerae,Salmonella typhi,Hepatitis A virus,E. coli,Giardia lamblia,Cryptosporidium"
0,1,0,1,0,1,0,1,0,0,0,1,0,1,6.8,9.6,"Vibrio cholerae,Salmonella typhi,E. coli,Giardia lamblia"
0,1,1,1,0,1,0,0,1,1,1,1,1,1,6.9,5.6,"Vibrio cholerae,Salmonella typhi,Hepatitis A virus,E. coli,Giardia lamblia,Leptospira,Pseudomonas"
0,1,0,1,1,0,1,1,0,1,0,1,0,1,6.4,2.2,Hepatitis A virus
0,1,1,0,0,0,1,0,1,0,0,1,1,0,8.7,14.6,Leptospira
0,1,1,1,0,1,0,0,1,0,1,0,0,1,5.9,4.8,"Hepatitis A virus,Shigella spp.,E. coli,Pseudomonas"
0,0,0,0,1,0,1,0,0,0,0,1,0,0,5.9,11.7,"Hepatitis A virus,Giardia lamblia"
0,1,0,0,1,1,1,1,1,0,1,1,0,0,7.0,7.7,"Hepatitis A virus,Giardia lamblia,Pseudomonas"
0,1,1,1,1,0,0,1,1,1,0,1,0,0,5.7,5.1,"Vibrio cholerae,Salmonella typhi,Hepatitis A virus,Shigella spp.,E. coli,Giardia lamblia,Leptospira"
1,0,0,1,1,0,1,0,0,1,1,1,0,1,6.6,14.9,"Vibrio cholerae,Hepatitis A virus,Giardia lamblia,Cryptosporidium"
0,0,1,1,1,1,1,0,0,0,1,1,1,0,6.8,10.6,"Salmonella typhi,Hepatitis A virus,Shigella spp.,Giardia lamblia,Leptospira,Pseudomonas"
0,1,0,1,1,0,0,1,0,0,0,0,0,1,8.8,3.4,"Hepatitis A virus,Shigella spp.,Giardia lamblia"
0,1,1,1,0,1,1,1,0,1,0,0,0,0,7.8,7.9,"Hepatitis A virus,Shigella spp.,E. coli"
1,1,0,0,1,1,0,1,0,0,1,1,0,0,7.7,7.8,"Salmonella typhi,Hepatitis A virus,E. coli,Giardia lamblia,Pseudomonas,Cryptosporidium"
1,1,0,1,1,0,1,1,1,1,1,0,1,1,7.6,11.8,"Salmonella typhi,Hepatitis A virus,Shigella spp.,E. coli,Giardia lamblia,Cryptosporidium"
1,0,1,0,1,1,1,1,0,1,1,1,0,0,5.9,11.1,"Vibrio cholerae,Salmonella typhi,Hepatitis A virus,E. coli,Giardia lamblia,Leptospira,Cryptosporidium"
1,1,0,0,1,0,0,0,0,1,0,1,0,1,7.6,7.5,"E. coli,Cryptosporidium"
0,1,1,1,0,1,0,1,0,1,0,0,0,1,8.1,2.7,"Salmonella typhi,Hepatitis A virus,Shigella spp."
1,0,0,0,1,0,1,0,1,1,1,1,1,0,7.9,14.0,"Salmonella typhi,Hepatitis A virus,E. coli,Pseudomonas,Cryptosporidium"
0,1,1,0,1,0,0,0,1,0,0,1,0,1,7.1,8.4,"Salmonella typhi,Hepatitis A virus,Giardia lamblia,Leptospira"
0,1,1,1,0,1,1,1,1,1,1,1,0,0,6.6,1.6,"Hepatitis A virus,Shigella spp.,Leptospira,Pseudomonas"
1,0,1,1,1,1,1,0,0,1,0,1,1,0,6.8,13.2,"Vibrio cholerae,Salmonella typhi,Shigella spp.,E. coli,Giardia lamblia"
1,1,1,1,0,1,1,0,1,1,1,0,1,1,5.7,7.4,"Vibrio cholerae,Hepatitis A virus,Shigella spp.,E. coli,Giardia lamblia,Pseudomonas,Cryptosporidium"
0,0,1,1,1,1,1,0,0,1,0,1,0,1,8.8,1.5,"Hepatitis A virus,Shigella spp.,Leptospira"
0,0,1,1,1,0,1,0,0,1,1,1,0,1,8.3,13.3,"Hepatitis A virus,Shigella spp.,Giardia lamblia,Leptospira,Pseudomonas"
1,0,1,0,0,1,1,0,0,0,0,0,1,1,8.0,11.8,"Salmonella typhi,Shigella spp."
1,0,0,0,0,1,0,0,1,0,1,1,1,0,5.1,9.0,"Vibrio cholerae,Salmonella typhi,Hepatitis A virus,Shigella spp.,E. coli,Cryptosporidium"
0,0,0,1,1,1,0,0,0,1,0,1,1,1,6.2,7.9,"Salmonella typhi,Hepatitis A virus,Shigella spp.,E. coli,Giardia lamblia"
0,1,1,1,0,0,0,0,0,0,0,0,1,1,7.5,13.9,"Salmonella typhi,E. coli"
0,0,1,0,1,1,1,1,0,0,1,1,0,1,5.4,7.5,"Salmonella typhi,Hepatitis A virus,Leptospira,Pseudomonas"
1,1,1,0,1,1,0,0,0,1,1,0,1,0,7.3,14.1,"Salmonella typhi,Hepatitis A virus,Shigella spp.,E. coli,Giardia lamblia,Cryptosporidium"
1,0,0,0,0,1,0,0,1,1,0,0,1,1,6.7,14.9,"Vibrio cholerae,Salmonella typhi,Hepatitis A virus,Shigella spp.,E. coli,Cryptosporidium"
0,1,0,1,1,0,0,1,0,1,0,1,1,0,5.8,14.6,"Vibrio cholerae,Giardia lamblia"
0,1,0,0,1,0,0,0,1,1,0,1,1,0,5.9,4.6,"Hepatitis A virus,Shigella spp."
1,1,0,1,0,1,0,0,0,0,0,1,0,0,7.3,6.4,"Shigella spp.,E. coli,Giardia lamblia,Cryptosporidium"
0,1,0,0,0,1,1,1,1,1,0,1,1,0,8.2,1.7,Shigella spp.
0,0,1,0,0,0,0,0,0,1,0,1,1,1,5.6,13.1,"Salmonella typhi,Shigella spp.,Leptospira"
1,1,0,1,0,1,0,1,1,0,0,1,0,1,7.2,4.6,"Salmonella typhi,Hepatitis A virus,E. coli,Giardia lamblia"
1,0,0,1,0,1,1,0,1,0,0,1,1,0,8.9,2.5,"Salmonella typhi,Hepatitis A virus,Shigella spp."
1,1,1,1,1,1,0,0,1,1,1,1,0,0,6.4,11.2,"Salmonella typhi,Shigella spp.,E. coli,Giardia lamblia,Leptospira"
0,1,0,1,0,0,1,1,1,0,1,0,1,1,6.7,12.9,"Vibrio cholerae,Salmonella typhi,Hepatitis A virus,Shigella spp.,E. coli,Giardia lamblia,Pseudomonas"
0,0,0,1,0,0,0,0,0,0,0,0,0,0,6.8,4.2,"Shigella spp.,E. coli,Giardia lamblia"
1,0,0,1,1,1,1,0,0,0,0,0,0,1,8.5,8.9,"Salmonella typhi,Hepatitis A virus,Shigella spp.,E. coli,Giardia lamblia,Cryptosporidium"
0,0,0,0,1,0,0,1,1,0,1,0,1,0,6.4,12.3,"Hepatitis A virus,Shigella spp.,Giardia lamblia,Pseudomonas"
1,0,1,0,1,1,0,1,0,0,0,0,0,1,7.1,11.6,"Hepatitis A virus,E. coli,Giardia lamblia,Cryptosporidium"
0,0,1,1,1,0,0,0,0,0,0,0,1,1,7.4,1.2,"Hepatitis A virus,Shigella spp."
0,1,0,0,0,0,0,1,0,1,0,0,1,0,6.4,14.7,"Vibrio cholerae,Hepatitis A virus,Shigella spp."
1,1,0,0,0,0,1,0,0,0,0,1,0,1,8.9,5.6,"Salmonella typhi,E. coli,Cryptosporidium"
1,0,1,1,1,1,0,1,0,0,1,1,0,1,8.1,2.6,"Salmonella typhi,Hepatitis A virus,Shigella spp.,Leptospira,Pseudomonas"
0,0,1,1,1,0,0,0,0,0,1,0,0,0,8.8,10.0,"Salmonella typhi,Hepatitis A virus,E. coli,Pseudomonas"
1,1,1,0,1,0,0,0,1,0,1,0,0,0,5.9,0.9,Pseudomonas
0,0,0,1,1,0,0,0,1,1,1,1,0,0,5.0,0.2,"Hepatitis A virus,Shigella spp."
1,1,0,0,1,0,0,1,1,1,1,0,0,0,5.1,2.2,Pseudomonas
1,0,1,0,0,1,0,0,1,1,0,1,1,0,5.6,8.3,"Vibrio cholerae,Salmonella typhi,Hepatitis A virus,Shigella spp.,E. coli"
1,1,0,0,0,1,0,1,0,1,1,0,1,1,5.5,7.2,"Vibrio cholerae,Salmonella typhi,Hepatitis A virus,Shigella spp.,E. coli,Pseudomonas,Cryptosporidium"
1,1,1,0,0,0,0,1,1,1,0,1,1,1,8.1,2.7,"Salmonella typhi,Hepatitis A virus,Shigella spp.,Leptospira"
1,1,1,1,1,0,1,1,1,0,0,1,1,0,6.1,11.0,"Vibrio cholerae,Salmonella typhi,Hepatitis A virus,E. coli,Giardia lamblia,Leptospira,Cryptosporidium"
0,1,1,1,1,1,0,0,0,0,0,1,1,0,7.5,11.4,"Salmonella typhi,Hepatitis A virus,Shigella spp.,E. coli,Giardia lamblia,Leptospira"
1,0,1,1,0,0,1,1,0,1,0,1,1,0,5.9,6.5,"Vibrio cholerae,Salmonella typhi,Hepatitis A virus,Shigella spp.,E. coli,Giardia lamblia,Leptospira,Cryptosporidium"
1,0,0,1,0,1,1,1,1,1,0,0,1,1,7.8,1.4,"Hepatitis A virus,Shigella spp."
1,1,1,1,1,0,1,1,0,1,0,0,1,1,6.4,13.4,"Vibrio cholerae,Salmonella typhi,Hepatitis A virus,Shigella spp.,Giardia lamblia,Cryptosporidium"
1,0,1,0,0,1,0,0,1,1,0,1,1,0,7.9,7.7,"Salmonella typhi,Shigella spp.,E. coli,Leptospira,Cryptosporidium"
1,1,1,0,0,1,0,0,1,0,0,0,1,1,8.4,13.7,"Salmonella typhi,Shigella spp.,Cryptosporidium"
0,1,1,0,1,1,0,1,0,0,0,1,1,1,5.4,1.3,"Hepatitis A virus,Shigella spp.,Leptospira"
0,1,1,0,1,1,0,1,1,1,1,1,0,0,6.2,12.4,"Vibrio cholerae,Salmonella typhi,Hepatitis A virus,Giardia lamblia,Leptospira,Pseudomonas"
1,0,1,1,1,1,0,1,1,0,1,1,1,1,8.7,12.0,"Salmonella typhi,Hepatitis A virus,Shigella spp.,E. coli,Leptospira,Pseudomonas,Cryptosporidium"
1,0,0,0,1,0,0,1,1,1,0,1,1,0,6.6,5.9,"Vibrio cholerae,Hepatitis A virus,Shigella spp.,Giardia lamblia,Cryptosporidium"
1,0,1,0,1,1,0,1,0,0,1,1,1,1,6.6,2.7,"Salmonella typhi,Hepatitis A virus,Shigella spp.,Leptospira,Pseudomonas"
1,0,0,1,1,0,0,0,1,1,0,0,0,0,7.6,10.6,"Hepatitis A virus,Shigella spp.,E. coli,Giardia lamblia,Cryptosporidium"
1,0,1,0,0,0,1,0,1,0,1,0,0,1,7.4,2.1,"Salmonella typhi,Hepatitis A virus,Pseudomonas"
1,1,1,0,1,0,1,1,1,0,0,1,1,0,5.4,5.7,"Vibrio cholerae,Salmonella typhi,Hepatitis A virus,Shigella spp.,E. coli,Leptospira,Cryptosporidium"
0,0,0,1,0,0,1,0,0,1,1,1,0,1,6.5,0.5,"Shigella spp.,Pseudomonas"
0,1,1,0,0,1,0,1,1,1,1,1,0,1,6.8,11.8,"Vibrio cholerae,Leptospira,Pseudomonas"
1,0,0,1,1,1,0,0,0,0,1,0,0,0,5.6,1.7,"Hepatitis A virus,Shigella spp.,Pseudomonas"
0,0,0,0,0,1,1,0,1,1,0,1,0,1,8.7,6.2,Salmonella typhi
0,1,0,0,1,0,0,1,1,1,1,1,0,1,8.5,12.0,"Hepatitis A virus,Giardia lamblia,Pseudomonas"
0,0,1,0,1,0,0,0,0,1,0,1,1,0,8.8,1.5,"Shigella spp.,Leptospira"
1,0,0,0,0,1,1,0,1,1,1,0,1,1,8.8,13.7,"Salmonella typhi,Hepatitis A virus,Shigella spp.,E. coli,Pseudomonas,Cryptosporidium"
1,0,1,0,0,1,1,0,1,1,0,1,1,1,8.7,9.3,"Hepatitis A virus,E. coli,Leptospira,Cryptosporidium"
0,0,0,1,1,1,1,0,0,0,0,1,1,1,6.5,14.6,"Salmonella typhi,Shigella spp.,E. coli,Giardia lamblia"
1,0,1,1,1,1,1,1,0,1,1,1,0,1,5.4,10.9,"Salmonella typhi,Hepatitis A virus,Shigella spp.,E. coli,Giardia lamblia,Leptospira,Pseudomonas,Cryptosporidium"
0,1,0,1,1,1,1,0,1,0,1,0,0,0,5.9,7.8,"Vibrio cholerae,Salmonella typhi,Hepatitis A virus,Shigella spp.,E. coli,Giardia lamblia,Pseudomonas"
0,1,1,0,0,0,1,1,0,0,0,1,1,1,7.3,9.5,"Salmonella typhi,Hepatitis A virus,Shigella spp."
1,0,0,1,1,1,1,1,1,1,0,1,0,1,8.6,2.7,"Salmonella typhi,Hepatitis A virus,Shigella spp."
1,0,1,0,1,0,1,1,1,1,1,1,1,0,7.6,13.6,"Hepatitis A virus,Shigella spp.,E. coli,Giardia lamblia,Leptospira,Pseudomonas,Cryptosporidium"
0,1,1,1,0,0,1,0,0,1,0,1,0,1,6.7,7.8,"Vibrio cholerae,Salmonella typhi,Shigella spp.,E. coli"
0,1,0,0,0,0,1,1,1,0,1,0,0,1,9.0,6.1,"Salmonella typhi,Hepatitis A virus,Pseudomonas"
0,1,0,0,0,1,0,1,1,0,0,0,0,1,5.8,7.6,"Vibrio cholerae,Salmonella typhi,Hepatitis A virus"
1,0,1,1,1,1,1,1,1,1,0,1,0,1,5.3,2.0,"Hepatitis A virus,Leptospira"
1,1,1,0,1,1,0,0,1,0,1,0,1,0,7.7,13.9,"Salmonella typhi,Shigella spp.,E. coli,Giardia lamblia,Pseudomonas"
0,0,1,1,1,1,1,1,0,0,0,1,1,1,6.5,0.6,Leptospira
0,1,1,0,0,1,1,1,1,1,0,0,0,1,6.6,9.5,"Vibrio cholerae,Hepatitis A virus"
1,0,0,0,0,0,0,1,0,1,1,0,0,1,8.2,5.4,"Hepatitis A virus,Cryptosporidium"
0,0,0,0,1,0,0,1,0,1,1,0,0,0,9.0,9.0,"Hepatitis A virus,Giardia lamblia,Pseudomonas"
0,0,1,0,0,0,1,0,0,1,0,1,0,0,6.9,1.1,Leptospira
1,0,0,0,0,1,0,1,1,0,0,0,0,1,5.6,11.3,"Vibrio cholerae,Hepatitis A virus,E. coli,Cryptosporidium"
1,1,0,1,0,0,1,0,0,1,0,0,1,0,5.7,5.0,"Salmonella typhi,Shigella spp.,E. coli,Giardia lamblia"
0,1,0,1,0,0,1,0,1,0,0,1,0,0,5.6,11.2,"Vibrio cholerae,Salmonella typhi,Hepatitis A virus,Shigella spp.,E. coli,Giardia lamblia"
0,0,0,0,0,1,1,0,0,1,0,1,1,0,6.2,7.1,Salmonella typhi
0,0,1,1,1,1,0,1,1,1,0,0,0,1,7.0,12.8,"Salmonella typhi,Hepatitis A virus,E. coli,Giardia lamblia"
1,0,1,1,0,0,1,0,0,0,1,0,0,1,9.0,13.2,"Shigella spp.,E. coli,Pseudomonas,Cryptosporidium"
1,1,0,1,0,1,1,0,0,1,1,1,1,0,8.9,11.5,"Salmonella typhi,Shigella spp.,E. coli,Giardia lamblia,Pseudomonas,Cryptosporidium"
1,0,0,1,1,1,1,0,0,0,0,0,0,0,5.3,9.7,"Vibrio cholerae,Salmonella typhi,Hepatitis A virus,Shigella spp.,E. coli,Giardia lamblia,Cryptosporidium"
1,1,0,1,1,1,0,0,0,1,0,0,0,1,6.3,11.3,"Vibrio cholerae,Salmonella typhi,Hepatitis A virus,Shigella spp.,E. coli,Giardia lamblia,Cryptosporidium"
1,0,0,1,1,1,0,1,1,1,0,0,0,1,6.9,13.4,"Vibrio cholerae,Salmonella typhi,Hepatitis A virus,Shigella spp.,E. coli,Giardia lamblia,Cryptosporidium"
1,0,0,0,0,0,0,0,1,0,1,1,1,1,8.3,13.7,"Hepatitis A virus,Shigella spp.,E. coli,Pseudomonas"
1,0,0,0,0,0,1,1,0,1,1,0,0,1,7.5,11.9,"Salmonella typhi,Hepatitis A virus,E. coli,Pseudomonas,Cryptosporidium"
0,0,0,0,1,0,0,0,1,0,1,1,0,1,7.2,14.4,"Hepatitis A virus,Pseudomonas"
1,1,1,1,0,1,1,0,1,1,1,0,0,1,8.3,15.0,"Salmonella typhi,Hepatitis A virus,E. coli,Giardia lamblia,Pseudomonas,Cryptosporidium"
1,0,0,0,1,0,0,0,1,0,1,1,0,1,6.1,5.2,"Hepatitis A virus,E. coli,Giardia lamblia,Pseudomonas,Cryptosporidium"
0,0,0,1,0,0,1,0,1,1,1,1,0,0,8.0,10.9,"Hepatitis A virus,Shigella spp.,E. coli,Giardia lamblia,Pseudomonas"
1,1,0,0,0,1,1,0,1,1,0,0,0,1,7.5,9.8,"Salmonella typhi,Hepatitis A virus,E. coli,Cryptosporidium"
0,0,0,0,0,0,1,1,0,1,1,0,0,1,5.7,13.5,"Salmonella typhi,Hepatitis A virus,Pseudomonas"
1,1,0,0,1,1,0,0,0,0,1,1,1,0,8.5,1.5,"Shigella spp.,Pseudomonas"
1,0,0,1,0,0,0,0,0,0,0,0,0,1,5.2,1.6,Shigella spp.
1,0,0,1,0,0,0,0,0,1,1,1,1,0,7.1,0.8,"Shigella spp.,Pseudomonas"
0,1,1,0,0,1,1,0,1,0,1,1,1,1,7.6,1.5,"Hepatitis A virus,Leptospira,Pseudomonas"
0,1,0,1,1,1,0,0,1,1,0,1,1,0,6.0,4.8,"Hepatitis A virus,Shigella spp.,E. coli,Giardia lamblia"
1,0,0,0,0,0,1,0,0,1,1,0,1,1,8.2,8.5,"Salmonella typhi,Shigella spp.,E. coli,Pseudomonas,Cryptosporidium"
1,1,0,1,0,1,1,1,0,0,0,1,1,1,7.6,10.1,"Salmonella typhi,Hepatitis A virus,Shigella spp.,E. coli,Giardia lamblia,Cryptosporidium"
1,0,1,1,1,0,1,0,0,0,1,1,0,1,8.8,7.2,"Salmonella typhi,Hepatitis A virus,Shigella spp.,E. coli,Giardia lamblia,Leptospira,Pseudomonas,Cryptosporidium"
1,1,1,1,1,1,0,1,1,0,1,0,1,1,6.4,0.1,"Hepatitis A virus,Shigella spp.,Pseudomonas"
0,1,1,0,0,0,1,1,0,0,1,1,0,0,8.6,14.9,"Salmonella typhi,Hepatitis A virus,Leptospira,Pseudomonas"
1,0,1,1,0,0,1,0,0,1,0,1,1,0,6.5,5.1,"Vibrio cholerae,Salmonella typhi,Shigella spp.,E. coli,Giardia lamblia,Leptospira,Cryptosporidium"
0,0,0,0,0,1,1,1,1,1,0,0,0,1,5.7,11.2,Hepatitis A virus
1,0,1,1,1,0,1,0,1,1,1,0,1,0,7.3,9.2,"Salmonella typhi,Hepatitis A virus,E. coli,Pseudomonas,Cryptosporidium"
0,0,0,0,1,0,0,0,1,1,0,0,0,1,5.3,13.9,"Hepatitis A virus,Giardia lamblia"
1,0,0,0,1,1,0,0,1,0,1,0,0,1,8.7,0.4,"Hepatitis A virus,Pseudomonas"
1,0,0,1,1,1,1,1,1,0,0,1,1,1,7.6,0.9,Shigella spp.
1,1,1,0,0,1,1,0,1,1,0,0,1,0,8.4,9.6,Salmonella typhi
0,1,0,1,1,1,1,0,1,1,1,1,1,1,7.9,12.7,"Salmonella typhi,Shigella spp.,E. coli,Giardia lamblia,Pseudomonas"
1,1,0,0,1,1,1,1,0,0,0,1,1,1,5.5,1.8,Hepatitis A virus
1,1,0,0,0,1,1,1,0,1,0,1,1,1,7.8,13.2,"Salmonella typhi,Hepatitis A virus,Shigella spp.,Cryptosporidium"
1,0,0,1,0,1,1,1,0,1,0,1,1,1,8.6,2.0,"Hepatitis A virus,Shigella spp."
1,1,1,0,0,0,0,1,1,0,1,0,1,0,7.1,4.7,"Salmonella typhi,Shigella spp.,E. coli,Pseudomonas"
0,1,0,0,0,0,0,0,1,0,1,0,0,0,8.6,3.8,Pseudomonas
0,1,1,1,1,1,0,1,0,0,0,0,1,1,5.8,1.7,"Hepatitis A virus,Shigella spp."
1,0,1,0,0,0,0,1,0,1,1,0,0,1,6.1,5.3,"Vibrio cholerae,Salmonella typhi,Hepatitis A virus,Pseudomonas,Cryptosporidium"
0,1,1,1,1,1,1,1,1,1,0,1,1,1,7.2,14.5,"Salmonella typhi,Shigella spp.,E. coli,Giardia lamblia,Leptospira"
1,1,1,1,1,0,0,1,1,0,0,0,1,0,8.6,9.1,"Salmonella typhi,Hepatitis A virus,Shigella spp.,E. coli,Giardia lamblia,Cryptosporidium"
1,1,1,0,0,0,0,1,0,0,0,0,1,0,5.4,1.2,"Hepatitis A virus,Shigella spp."
1,0,1,0,0,0,1,0,0,0,0,1,1,1,7.0,2.4,"Salmonella typhi,Shigella spp.,Leptospira"
1,1,0,1,0,1,1,1,0,1,0,1,1,0,7.9,4.7,"Salmonella typhi,Hepatitis A virus,Shigella spp.,E. coli,Giardia lamblia"
1,0,0,0,1,0,1,1,0,1,0,1,1,0,6.1,2.9,"Salmonella typhi,Hepatitis A virus,Shigella spp."
0,0,0,1,0,1,1,0,0,1,1,1,0,0,5.1,14.5,"E. coli,Giardia lamblia,Pseudomonas"
1,1,1,0,0,0,1,1,1,1,0,0,0,1,8.5,12.2,"Salmonella typhi,Hepatitis A virus,Cryptosporidium"
0,1,1,1,1,1,1,0,0,0,1,0,0,0,5.5,12.2,"Vibrio cholerae,Salmonella typhi,Hepatitis A virus,Giardia lamblia,Pseudomonas"
1,0,1,1,1,1,1,0,0,1,1,0,0,1,5.8,15.0,"Vibrio cholerae,Hepatitis A virus,Giardia lamblia,Pseudomonas"
0,0,1,1,1,0,1,0,0,1,1,1,0,0,5.5,2.6,"Salmonella typhi,Hepatitis A virus,Shigella spp.,Leptospira,Pseudomonas"
1,0,1,0,1,0,1,1,1,0,1,0,0,1,5.9,6.4,"Vibrio cholerae,Salmonella typhi,Hepatitis A virus,E. coli,Giardia lamblia,Pseudomonas"
1,0,1,0,1,0,1,1,1,0,0,0,1,0,7.9,4.3,"Hepatitis A virus,Shigella spp.,E. coli,Giardia lamblia"
1,1,0,0,1,0,0,0,1,1,0,0,0,1,8.0,5.9,"E. coli,Giardia lamblia,Cryptosporidium"
1,1,0,0,1,0,1,1,0,0,1,0,1,0,7.4,0.2,"Hepatitis A virus,Shigella spp.,Pseudomonas"
1,1,1,1,1,1,0,0,0,1,1,1,0,1,8.4,7.9,"Salmonella typhi,Hepatitis A virus,Shigella spp.,E. coli,Giardia lamblia,Leptospira,Pseudomonas,Cryptosporidium"
0,1,0,1,0,1,1,0,0,0,1,0,0,1,5.7,11.7,"Vibrio cholerae,Salmonella typhi,E. coli,Giardia lamblia,Pseudomonas"
0,1,0,0,0,1,0,0,1,1,1,0,0,1,5.2,5.2,"Vibrio cholerae,Hepatitis A virus,Pseudomonas"
1,0,1,0,0,0,1,0,1,0,0,1,1,0,5.4,11.6,"Vibrio cholerae,Salmonella typhi,Hepatitis A virus,E. coli,Cryptosporidium"
0,1,1,0,0,0,0,0,0,0,0,0,0,1,7.2,4.3,Salmonella typhi
0,1,1,0,1,1,1,1,1,0,0,0,0,0,7.1,13.0,"Salmonella typhi,Hepatitis A virus"
1,1,1,0,1,0,0,1,0,0,0,1,0,1,6.0,2.8,"Salmonella typhi,Hepatitis A virus,Leptospira"
1,0,1,0,1,0,1,0,0,1,0,1,0,1,8.8,13.6,"Salmonella typhi,Hepatitis A virus,E. coli,Giardia lamblia,Cryptosporidium"
0,1,0,1,0,0,0,0,1,1,0,0,0,1,7.0,3.9,"Hepatitis A virus,Shigella spp.,Giardia lamblia"
0,0,0,0,1,0,1,1,0,1,0,0,1,0,6.3,13.2,"Salmonella typhi,Hepatitis A virus,Giardia lamblia"
1,1,1,1,0,0,1,0,0,1,1,0,1,1,6.7,13.6,"Vibrio cholerae,Salmonella typhi,E. coli,Giardia lamblia,Pseudomonas,Cryptosporidium"
0,1,0,0,1,1,0,1,1,1,1,0,0,0,8.7,4.3,"Salmonella typhi,Pseudomonas"
0,0,1,1,0,1,0,1,0,1,1,0,0,0,6.6,13.7,"Salmonella typhi,Hepatitis A virus,Shigella spp.,E. coli,Pseudomonas"
0,0,1,0,1,0,1,0,1,0,0,1,0,1,6.8,11.1,"Salmonella typhi,Giardia lamblia,Leptospira"
1,0,1,1,1,0,0,1,1,0,1,1,0,0,5.5,10.5,"Vibrio cholerae,Salmonella typhi,Hepatitis A virus,E. coli,Giardia lamblia,Leptospira,Pseudomonas,Cryptosporidium"
1,0,1,0,1,1,0,0,1,1,1,1,0,1,5.6,5.4,"Vibrio cholerae,Salmonella typhi,Hepatitis A virus,E. coli,Giardia lamblia,Leptospira,Pseudomonas,Cryptosporidium"
0,1,0,0,0,0,0,1,0,1,1,1,1,1,7.2,0.1,"Hepatitis A virus,Shigella spp.,Pseudomonas"
0,0,1,1,0,1,0,0,0,1,1,1,0,0,8.5,0.2,"Shigella spp.,Pseudomonas"
0,1,1,1,1,1,0,1,1,0,0,0,0,1,5.1,2.7,"Salmonella typhi,Shigella spp."
1,1,1,0,1,0,1,0,1,0,0,1,1,0,7.1,3.7,"Salmonella typhi,Hepatitis A virus,Shigella spp.,Giardia lamblia,Leptospira"
0,1,1,1,1,1,1,0,1,1,0,1,1,1,7.4,14.2,"Salmonella typhi,Hepatitis A virus,Shigella spp.,E. coli,Leptospira"
1,0,1,0,1,0,1,1,1,0,0,0,1,0,8.7,14.4,"Salmonella typhi,E. coli,Giardia lamblia"
0,0,1,0,1,0,0,0,1,0,1,0,1,1,7.8,2.4,"Salmonella typhi,Hepatitis A virus,Pseudomonas"
0,0,0,1,1,1,0,0,0,0,0,0,0,1,5.9,4.0,"Salmonella typhi,Hepatitis A virus,Shigella spp.,Giardia lamblia"
1,1,0,1,0,0,0,0,0,1,0,1,1,1,6.3,14.6,"Shigella spp.,E. coli,Giardia lamblia,Cryptosporidium"
0,1,0,0,0,1,0,1,1,0,0,0,1,0,6.3,0.6,Hepatitis A virus
0,1,1,1,0,0,1,1,1,0,1,0,0,0,6.5,9.8,"Vibrio cholerae,Salmonella typhi,Hepatitis A virus,E. coli,Giardia lamblia,Pseudomonas"
1,0,1,1,1,1,0,1,1,0,1,0,0,0,8.7,11.0,"Salmonella typhi,Hepatitis A virus,Shigella spp.,E. coli,Giardia lamblia,Pseudomonas"
0,1,0,1,0,1,0,0,0,1,0,1,1,0,8.6,10.7,"Shigella spp.,E. coli,Giardia lamblia"
1,0,1,1,1,1,0,0,0,0,0,1,1,1,5.2,6.1,"Vibrio cholerae,Salmonella typhi,Hepatitis A virus,E. coli,Giardia lamblia,Leptospira,Cryptosporidium"
1,1,0,1,1,0,0,1,1,0,1,0,0,1,7.0,1.9,Pseudomonas
1,0,0,0,0,1,0,1,1,1,0,1,1,0,8.1,7.8,"Shigella spp.,E. coli,Cryptosporidium"
0,0,1,0,1,0,1,0,1,0,0,0,1,0,7.7,12.1,"Salmonella typhi,Hepatitis A virus,Giardia lamblia"
0,0,1,1,0,1,0,0,0,0,0,1,0,1,8.3,10.8,"Salmonella typhi,E. coli,Giardia lamblia,Leptospira"
0,1,1,1,1,1,1,0,1,1,1,1,0,0,5.8,3.7,"Salmonella typhi,Shigella spp.,Giardia lamblia,Leptospira,Pseudomonas"
0,0,0,0,0,0,1,1,0,1,1,1,0,1,6.8,4.4,"Salmonella typhi,Hepatitis A virus,Pseudomonas"
0,1,1,0,0,1,0,0,1,1,0,0,1,1,8.2,2.8,"Salmonella typhi,Hepatitis A virus,Shigella spp."
1,1,1,1,0,0,0,1,1,1,1,0,0,0,7.3,11.6,"Shigella spp.,Cryptosporidium"
1,1,1,1,0,0,0,0,1,1,0,0,1,0,6.0,7.0,"Vibrio cholerae,Shigella spp.,Giardia lamblia,Cryptosporidium"
0,0,0,0,0,0,0,1,0,0,1,1,1,1,6.8,11.4,"Hepatitis A virus,Pseudomonas"
1,0,1,1,1,1,1,1,0,0,1,1,0,1,7.5,2.0,"Hepatitis A virus,Shigella spp.,Leptospira,Pseudomonas"
1,1,0,1,0,1,1,0,0,0,1,0,0,0,7.6,10.5,"Salmonella typhi,E. coli,Giardia lamblia,Pseudomonas,Cryptosporidium"
1,0,0,1,1,0,1,1,0,0,0,1,0,1,6.2,2.3,"Salmonella typhi,Shigella spp."
1,0,0,1,0,0,1,0,1,1,0,0,0,1,6.0,6.5,"Vibrio cholerae,Salmonella typhi,Hepatitis A virus,E. coli,Giardia lamblia,Cryptosporidium"
1,0,0,0,1,1,1,1,0,1,0,0,1,1,7.8,14.6,"Salmonella typhi,Hepatitis A virus,Giardia lamblia,Cryptosporidium"
0,0,1,0,0,0,1,0,0,0,0,1,1,0,8.3,11.2,"Salmonella typhi,Leptospira"
1,0,0,1,1,1,1,0,1,1,1,0,1,1,8.8,9.4,"Salmonella typhi,Hepatitis A virus,Shigella spp.,E. coli,Giardia lamblia,Cryptosporidium"
1,0,1,1,1,1,1,0,1,1,1,0,0,0,6.9,0.6,"Hepatitis A virus,Shigella spp.,Pseudomonas"
0,0,1,0,0,0,0,0,1,1,1,0,0,0,7.7,4.8,"Salmonella typhi,Hepatitis A virus,Pseudomonas"
1,0,0,0,0,1,0,1,0,1,1,0,0,0,7.3,10.3,"Salmonella typhi,Hepatitis A virus,E. coli,Pseudomonas,Cryptosporidium"
1,1,1,1,0,1,1,0,1,1,1,0,0,1,8.5,5.1,"Salmonella typhi,Hepatitis A virus,Shigella spp.,E. coli,Giardia lamblia,Pseudomonas,Cryptosporidium"
1,0,1,1,1,0,0,0,0,1,0,0,1,0,5.4,0.3,Hepatitis A virus
0,1,1,1,0,1,1,0,0,0,1,1,0,1,9.0,14.6,"Shigella spp.,Giardia lamblia,Leptospira,Pseudomonas"
0,0,1,0,0,1,0,1,0,1,0,1,1,1,5.7,8.4,Shigella spp.
0,1,0,0,0,1,0,0,0,1,0,1,1,1,7.8,4.0,"Salmonella typhi,Shigella spp."
0,1,0,1,0,1,1,1,1,0,0,1,0,1,7.3,0.7,None
1,0,0,0,0,0,0,0,1,0,0,1,1,1,8.2,11.0,"Hepatitis A virus,Shigella spp.,Cryptosporidium"
0,1,1,0,0,1,1,1,1,1,1,1,0,0,8.4,5.0,"Salmonella typhi,Hepatitis A virus,Leptospira"
0,1,1,0,0,0,1,1,1,0,0,1,1,0,5.2,13.4,"Vibrio cholerae,Hepatitis A virus,Shigella spp.,Leptospira"
1,1,1,0,1,0,0,1,0,1,0,1,1,0,7.3,3.6,"Salmonella typhi,Hepatitis A virus,Shigella spp."
0,0,0,1,1,0,1,1,0,1,0,0,1,0,7.1,13.0,"Shigella spp.,E. coli,Giardia lamblia"
1,0,0,0,0,1,0,1,1,1,1,0,0,0,8.9,6.6,"Hepatitis A virus,E. coli,Pseudomonas,Cryptosporidium"
1,0,0,0,1,1,0,0,1,1,0,0,1,1,5.4,10.6,"Vibrio cholerae,Salmonella typhi,Hepatitis A virus,E. coli"
1,0,0,0,1,1,0,1,1,1,0,0,1,1,7.6,4.5,"Salmonella typhi,Hepatitis A virus,E. coli,Giardia lamblia"
1,1,0,0,1,1,1,0,0,1,1,0,0,0,5.2,13.0,"Vibrio cholerae,Salmonella typhi,Hepatitis A virus,Cryptosporidium"
1,0,0,1,1,0,0,1,0,1,1,1,1,0,7.3,6.5,"Shigella spp.,E. coli,Giardia lamblia,Pseudomonas,Cryptosporidium"
0,1,1,1,0,0,1,0,1,1,1,1,1,1,6.2,8.6,"Vibrio cholerae,Salmonella typhi,Hepatitis A virus,Shigella spp.,E. coli,Leptospira,Pseudomonas"
1,1,1,0,1,1,0,1,0,0,0,0,0,1,6.9,4.3,"Salmonella typhi,E. coli,Giardia lamblia"
1,0,0,0,0,1,0,0,0,1,1,1,1,1,7.1,6.0,"Salmonella typhi,Shigella spp.,E. coli,Pseudomonas,Cryptosporidium"
0,1,0,0,0,1,1,0,1,0,0,1,0,0,7.1,10.9,"Salmonella typhi,Hepatitis A virus"
0,1,0,1,1,1,1,1,1,0,0,0,0,1,5.1,0.8,"Hepatitis A virus,Shigella spp."
1,1,1,0,1,1,0,1,0,1,1,1,0,1,6.0,5.1,"Vibrio cholerae,E. coli,Giardia lamblia,Pseudomonas,Cryptosporidium"
0,1,1,0,0,1,1,0,1,0,0,1,0,1,5.4,12.4,"Vibrio cholerae,Salmonella typhi,Hepatitis A virus,Leptospira"
1,0,0,1,1,0,1,1,1,0,1,1,1,0,6.1,7.7,"Vibrio cholerae,Salmonella typhi,Hepatitis A virus,E. coli,Giardia lamblia,Pseudomonas,Cryptosporidium"
1,1,1,1,1,1,0,1,0,0,1,0,1,1,5.6,3.0,"Salmonella typhi,Hepatitis A virus,Pseudomonas"
1,0,1,0,0,1,0,1,0,1,0,0,0,1,7.8,8.9,"Salmonella typhi,Hepatitis A virus,E. coli"
1,1,0,1,0,0,0,1,1,1,1,0,0,0,5.2,9.0,"Shigella spp.,E. coli,Giardia lamblia,Pseudomonas,Cryptosporidium"
0,0,1,1,0,1,1,1,1,1,1,0,0,0,6.1,9.1,"Salmonella typhi,Shigella spp.,E. coli,Giardia lamblia,Pseudomonas"
0,0,1,0,0,1,1,0,1,0,0,1,1,0,7.0,10.4,"Salmonella typhi,Shigella spp.,Leptospira"
1,1,1,1,1,0,0,0,1,0,1,1,1,1,7.3,9.7,"Salmonella typhi,Hepatitis A virus,Shigella spp.,E. coli,Giardia lamblia,Leptospira,Pseudomonas,Cryptosporidium"
0,0,1,0,1,0,1,1,1,0,0,1,1,1,6.0,4.2,"Salmonella typhi,Hepatitis A virus,Giardia lamblia,Leptospira"
0,1,1,1,0,1,0,1,1,0,0,1,1,0,8.2,10.4,"Salmonella typhi,Hepatitis A virus,Shigella spp.,E. coli,Giardia lamblia,Leptospira"
1,1,0,1,0,0,1,1,0,0,0,1,0,1,8.9,11.7,"Salmonella typhi,E. coli,Cryptosporidium"
1,1,1,1,0,1,1,1,0,1,0,0,1,1,7.2,7.2,"Salmonella typhi,Shigella spp.,E. coli,Giardia lamblia,Cryptosporidium"
1,0,1,1,0,0,1,0,0,1,0,0,0,0,6.2,9.2,"Vibrio cholerae,Salmonella typhi,Shigella spp.,E. coli,Giardia lamblia,Cryptosporidium"
1,1,1,0,0,0,0,1,1,0,0,0,1,1,6.5,2.1,"Salmonella typhi,Hepatitis A virus,Shigella spp."
0,0,0,1,0,1,1,1,0,0,1,1,1,1,6.7,8.9,"Salmonella typhi,Hepatitis A virus,E. coli,Giardia lamblia,Pseudomonas"
0,0,1,0,1,1,0,0,1,0,1,1,0,1,8.6,1.8,Pseudomonas
1,0,1,1,1,1,1,1,1,0,1,1,1,0,7.8,10.4,"Salmonella typhi,Hepatitis A virus,Shigella spp.,E. coli,Giardia lamblia,Leptospira,Pseudomonas,Cryptosporidium"
0,0,0,0,1,0,1,1,0,1,1,1,1,0,8.0,12.6,"Salmonella typhi,Hepatitis A virus,Shigella spp.,Giardia lamblia,Pseudomonas"
1,1,0,0,1,1,0,1,0,0,0,0,0,1,8.1,1.7,Hepatitis A virus
0,0,1,1,1,0,1,0,1,1,0,1,0,0,6.2,7.8,"Salmonella typhi,Hepatitis A virus,Shigella spp.,E. coli,Leptospira"
0,0,0,1,1,1,0,1,0,1,0,1,1,1,9.0,8.8,"Salmonella typhi,Shigella spp.,E. coli,Giardia lamblia"
1,0,1,0,1,1,0,0,0,1,1,1,1,1,8.5,14.8,"Salmonella typhi,Hepatitis A virus,Shigella spp.,E. coli,Giardia lamblia,Leptospira,Pseudomonas,Cryptosporidium"
1,1,1,0,1,0,0,1,1,1,0,0,0,0,5.5,1.3,Hepatitis A virus
0,0,0,0,1,1,1,0,1,1,0,1,0,1,7.7,12.4,"Salmonella typhi,Hepatitis A virus,Giardia lamblia"
1,1,1,1,1,1,1,1,0,1,1,0,0,0,5.8,3.1,"Salmonella typhi,Hepatitis A virus,Giardia lamblia,Pseudomonas"
1,0,0,0,1,1,1,1,0,1,0,1,1,1,6.9,13.8,"Vibrio cholerae,Salmonella typhi,Shigella spp.,E. coli,Giardia lamblia,Cryptosporidium"
1,1,0,0,1,1,0,1,1,0,1,1,0,1,8.1,14.7,"Salmonella typhi,Hepatitis A virus,E. coli,Giardia lamblia,Cryptosporidium"
0,0,0,1,0,0,0,0,1,0,1,1,1,1,9.0,12.8,"Hepatitis A virus,Shigella spp.,E. coli,Giardia lamblia,Pseudomonas"
0,1,0,0,0,1,1,1,1,0,0,0,1,0,7.4,10.1,"Hepatitis A virus,Shigella spp."
1,1,0,1,1,0,1,0,1,0,1,1,1,0,5.5,7.4,"Vibrio cholerae,Hepatitis A virus,E. coli,Giardia lamblia,Pseudomonas,Cryptosporidium"
0,1,0,0,1,1,0,0,0,1,1,1,0,1,7.4,0.7,"Hepatitis A virus,Pseudomonas"
1,0,1,1,1,1,1,1,1,0,1,1,0,1,8.4,0.0,"Hepatitis A virus,Shigella spp.,Leptospira,Pseudomonas"
0,1,0,1,1,1,0,1,1,1,0,0,0,1,7.4,9.8,"Salmonella typhi,Hepatitis A virus,Shigella spp.,Giardia lamblia"
0,1,0,0,1,1,0,0,1,0,0,1,0,1,7.0,8.3,"Salmonella typhi,Hepatitis A virus,Giardia lamblia"
0,0,1,1,0,1,1,1,1,1,1,1,1,1,5.1,9.6,"Salmonella typhi,Hepatitis A virus,Shigella spp.,E. coli,Leptospira,Pseudomonas"
1,1,1,1,1,1,1,0,0,0,0,0,1,0,6.7,0.2,Shigella spp.
1,0,1,0,1,0,0,0,0,1,1,1,1,0,7.4,0.7,"Leptospira,Pseudomonas"
1,0,0,0,1,1,0,1,0,0,1,1,0,1,7.2,14.9,"Salmonella typhi,E. coli,Giardia lamblia,Pseudomonas,Cryptosporidium"
1,0,0,1,1,1,0,1,0,0,1,1,1,1,6.4,5.8,"Vibrio cholerae,Salmonella typhi,Hepatitis A virus,Giardia lamblia,Pseudomonas,Cryptosporidium"
1,1,0,0,0,0,0,1,0,0,0,0,1,0,8.4,11.2,"Hepatitis A virus,Shigella spp.,E. coli,Cryptosporidium"
1,0,1,0,1,0,1,0,0,1,0,1,1,1,7.3,7.9,"Salmonella typhi,Hepatitis A virus,Giardia lamblia,Cryptosporidium"
0,1,1,0,0,0,1,0,0,1,0,1,1,1,6.6,7.9,"Vibrio cholerae,Salmonella typhi,Shigella spp.,Leptospira"
1,1,1,0,1,1,1,1,1,1,1,0,1,0,8.4,8.6,"Hepatitis A virus,Shigella spp.,E. coli,Giardia lamblia,Pseudomonas"
1,1,0,0,0,0,1,1,0,0,1,1,0,0,7.4,13.7,"Salmonella typhi,Hepatitis A virus,E. coli,Pseudomonas,Cryptosporidium"
0,0,1,1,1,1,1,0,0,1,1,0,1,0,7.6,8.7,"Salmonella typhi,Hepatitis A virus,Shigella spp.,Giardia lamblia,Pseudomonas"
1,1,1,1,0,0,0,1,0,1,0,0,1,1,6.1,3.3,"Hepatitis A virus,Giardia lamblia"
1,0,1,0,1,0,0,1,1,1,0,1,1,0,8.6,5.8,"Salmonella typhi,Hepatitis A virus,Shigella spp.,E. coli,Giardia lamblia,Leptospira,Cryptosporidium"
1,1,0,1,0,1,0,1,1,0,1,1,1,0,6.5,6.8,"Vibrio cholerae,Salmonella typhi,Hepatitis A virus,Shigella spp.,E. coli,Giardia lamblia,Pseudomonas"
0,1,0,0,0,0,0,0,0,1,1,1,0,1,6.7,4.5,Pseudomonas
0,1,0,0,0,0,1,0,1,0,0,0,1,0,6.9,13.6,"Vibrio cholerae,Salmonella typhi,Shigella spp."
1,1,0,1,1,1,1,0,1,1,1,1,0,0,7.2,6.3,"Salmonella typhi,Shigella spp.,E. coli,Giardia lamblia,Pseudomonas,Cryptosporidium"
1,0,1,0,0,1,0,0,0,0,1,1,1,1,6.4,14.9,"Vibrio cholerae,Salmonella typhi,Shigella spp.,E. coli,Leptospira,Pseudomonas"
0,1,0,1,0,0,1,1,1,0,0,1,0,0,8.5,8.5,"Salmonella typhi,Hepatitis A virus,Shigella spp.,E. coli,Giardia lamblia"
0,0,1,0,1,0,0,0,0,0,1,0,0,0,8.2,5.8,"Hepatitis A virus,Giardia lamblia,Pseudomonas"
0,0,0,0,1,0,0,0,1,0,1,1,0,0,8.1,7.8,"Hepatitis A virus,Pseudomonas"
1,1,1,0,0,0,1,1,1,0,1,0,1,0,7.0,0.7,"Hepatitis A virus,Pseudomonas"
1,0,1,1,1,1,0,1,1,0,1,0,1,1,5.5,12.2,"Vibrio cholerae,Salmonella typhi,Giardia lamblia,Pseudomonas,Cryptosporidium"
1,1,1,0,1,0,1,0,1,0,0,0,1,1,6.9,4.0,"Salmonella typhi,Shigella spp.,Giardia lamblia"
1,0,0,1,1,1,0,0,0,1,0,0,1,0,6.4,13.4,"Salmonella typhi,Shigella spp.,E. coli,Giardia lamblia,Cryptosporidium"
0,1,0,0,1,1,0,0,1,1,1,0,0,1,8.5,3.5,"Salmonella typhi,Giardia lamblia,Pseudomonas"
0,1,0,1,0,1,0,1,1,1,1,1,0,1,5.8,12.9,"Vibrio cholerae,Salmonella typhi,Hepatitis A virus,Shigella spp.,E. coli,Pseudomonas"
0,1,0,1,1,1,1,1,1,1,1,1,1,1,5.3,13.8,"Vibrio cholerae,Salmonella typhi,Shigella spp.,E. coli,Giardia lamblia"
1,0,1,0,0,1,0,0,0,0,1,1,0,1,6.5,10.8,"Vibrio cholerae,Salmonella typhi,E. coli,Leptospira,Pseudomonas"
0,0,0,0,0,1,0,1,0,1,0,0,0,1,7.7,4.1,Hepatitis A virus
0,1,1,1,1,1,0,1,0,1,0,1,0,1,5.5,13.2,"Vibrio cholerae,Salmonella typhi,Shigella spp.,E. coli"
0,1,1,0,1,1,1,1,0,0,1,0,0,0,5.2,9.4,"Vibrio cholerae,Hepatitis A virus,Giardia lamblia,Pseudomonas"
1,1,1,0,1,0,0,0,0,1,1,1,0,1,7.0,13.6,"Salmonella typhi,E. coli,Giardia lamblia,Leptospira,Pseudomonas,Cryptosporidium"
0,1,0,1,1,0,0,1,1,0,0,0,1,1,8.1,1.4,"Hepatitis A virus,Shigella spp."
0,0,0,1,0,1,1,1,0,0,0,1,1,0,6.1,4.2,"Hepatitis A virus,Shigella spp.,E. coli,Giardia lamblia"
1,1,0,0,1,1,0,0,1,0,1,1,0,0,8.8,7.2,"Salmonella typhi,Hepatitis A virus,E. coli,Giardia lamblia,Pseudomonas,Cryptosporidium"
1,1,1,0,1,0,1,0,0,1,1,0,1,0,5.6,7.4,"Vibrio cholerae,Salmonella typhi,Shigella spp.,Giardia lamblia,Cryptosporidium"
0,0,1,0,1,1,0,0,1,0,0,1,1,1,5.1,4.1,"Salmonella typhi,Hepatitis A virus,Giardia lamblia"
1,1,1,0,1,1,0,1,1,1,1,0,0,0,6.5,10.1,"Vibrio cholerae,Salmonella typhi,Hepatitis A virus,Giardia lamblia,Pseudomonas,Cryptosporidium"
0,1,0,1,1,1,0,0,1,0,1,0,0,1,5.1,2.8,"Salmonella typhi,Pseudomonas"
1,0,0,0,0,1,1,0,0,1,1,0,1,0,8.9,4.1,"Salmonella typhi,E. coli,Pseudomonas"
0,0,1,1,0,1,0,1,0,0,0,1,1,0,5.7,9.3,"Salmonella typhi,Hepatitis A virus,Shigella spp.,Giardia lamblia,Leptospira"
0,1,0,0,1,1,0,1,0,1,0,1,0,0,5.4,12.8,"Vibrio cholerae,Salmonella typhi,Giardia lamblia"
1,1,0,1,0,1,0,0,1,0,1,0,1,0,8.4,13.2,"Shigella spp.,E. coli,Pseudomonas,Cryptosporidium"
0,1,1,1,0,1,0,0,1,0,0,0,0,1,7.1,10.1,"Hepatitis A virus,E. coli"
0,1,0,1,0,0,1,1,0,1,0,0,1,0,8.1,7.6,"Hepatitis A virus,Shigella spp.,E. coli,Giardia lamblia"
0,1,1,1,0,0,1,0,1,0,0,1,1,0,6.4,12.3,"Vibrio cholerae,Salmonella typhi,E. coli,Giardia lamblia,Leptospira"
0,1,0,1,0,0,1,0,1,0,1,0,1,0,8.3,12.3,"Salmonella typhi,Hepatitis A virus,Shigella spp.,E. coli,Pseudomonas"
0,0,0,1,1,1,0,0,1,0,0,1,1,0,7.8,5.6,"Salmonella typhi,Hepatitis A virus,E. coli,Giardia lamblia"
0,0,1,1,0,0,0,0,1,1,0,1,1,1,6.3,11.0,"Salmonella typhi,Shigella spp.,E. coli"
1,0,0,0,1,1,1,1,0,0,0,0,0,0,5.9,11.4,"Vibrio cholerae,Salmonella typhi,Hepatitis A virus,Giardia lamblia"
1,0,0,1,1,1,0,0,0,1,0,0,1,0,8.0,13.1,"Salmonella typhi,Hepatitis A virus,Shigella spp.,Cryptosporidium"
0,0,0,1,0,0,1,0,0,0,0,1,0,1,7.5,1.9,Shigella spp.
1,1,0,1,1,0,0,1,0,0,0,0,0,1,7.0,0.8,"Hepatitis A virus,Shigella spp."
1,1,0,0,1,1,1,0,0,0,1,0,1,0,7.7,12.7,"Salmonella typhi,Hepatitis A virus,Shigella spp.,Giardia lamblia,Pseudomonas,Cryptosporidium"
1,1,1,1,0,0,1,1,1,0,0,0,1,1,6.1,6.6,"Vibrio cholerae,Salmonella typhi,Hepatitis A virus,E. coli,Giardia lamblia,Cryptosporidium"
1,1,1,0,0,0,0,1,0,1,0,0,0,1,7.6,1.7,Hepatitis A virus
1,0,1,1,1,0,1,1,0,0,0,0,1,1,5.2,13.2,"Vibrio cholerae,Salmonella typhi,Cryptosporidium"
1,1,0,0,1,0,0,0,0,1,1,0,1,0,6.4,11.1,"Vibrio cholerae,Shigella spp.,E. coli,Giardia lamblia,Pseudomonas,Cryptosporidium"
0,1,1,0,0,0,1,0,1,1,0,0,1,1,6.6,11.3,"Vibrio cholerae,Salmonella typhi,Hepatitis A virus"
0,1,0,0,0,1,1,1,0,1,0,1,0,0,7.4,4.6,Hepatitis A virus
1,0,0,0,1,0,1,1,0,0,0,1,1,1,6.0,4.8,"Salmonella typhi,Hepatitis A virus,Shigella spp.,E. coli,Giardia lamblia"
1,1,0,0,0,1,0,0,1,1,1,0,1,0,6.7,1.7,"Hepatitis A virus,Shigella spp."
1,1,0,0,0,1,0,0,0,1,0,0,0,1,6.8,9.1,"Vibrio cholerae,E. coli,Cryptosporidium"
0,1,0,0,0,0,1,0,1,0,0,0,1,1,7.6,3.4,"Salmonella typhi,Hepatitis A virus,Shigella spp."
1,1,0,1,1,1,0,0,0,1,1,0,0,0,6.3,9.8,"Vibrio cholerae,Salmonella typhi,Hepatitis A virus,Shigella spp.,E. coli,Giardia lamblia,Pseudomonas,Cryptosporidium"
1,1,1,1,0,0,0,0,0,0,0,1,1,1,5.3,13.0,"Vibrio cholerae,Salmonella typhi,Shigella spp.,E. coli,Giardia lamblia,Leptospira,Cryptosporidium"
1,1,1,0,1,1,1,0,0,1,1,1,1,1,7.9,14.6,"Salmonella typhi,E. coli,Giardia lamblia,Leptospira,Pseudomonas,Cryptosporidium"
1,1,0,1,0,0,1,1,0,1,0,1,0,1,8.1,2.3,"Salmonella typhi,Hepatitis A virus,Shigella spp."
1,0,1,0,1,1,0,1,0,1,1,1,1,0,6.5,13.5,"Shigella spp.,E. coli,Giardia lamblia,Leptospira,Pseudomonas,Cryptosporidium"
1,1,0,0,1,0,1,1,1,0,1,0,0,0,7.9,8.5,"Salmonella typhi,Hepatitis A virus,E. coli,Pseudomonas"
0,0,0,1,1,1,1,1,1,1,1,0,0,1,5.4,14.8,"Salmonella typhi,Shigella spp.,E. coli,Pseudomonas"
1,1,1,1,0,0,0,1,1,0,1,0,1,0,8.3,0.3,"Hepatitis A virus,Shigella spp.,Pseudomonas"
1,0,1,1,0,1,1,1,1,1,0,0,0,0,8.0,10.4,"Hepatitis A virus,Shigella spp.,E. coli,Cryptosporidium"
1,0,1,0,0,0,0,0,1,1,0,0,0,1,7.8,14.2,"Salmonella typhi,E. coli,Cryptosporidium"
1,0,0,1,1,0,0,1,1,0,0,0,0,1,5.6,8.6,"Vibrio cholerae,Hepatitis A virus,Shigella spp.,E. coli,Giardia lamblia,Cryptosporidium"
1,1,1,1,0,0,1,0,1,1,0,0,1,0,8.9,8.6,"Salmonella typhi,Hepatitis A virus,E. coli,Giardia lamblia,Cryptosporidium"
1,1,1,1,1,0,0,1,1,1,0,1,1,1,7.0,13.2,"Salmonella typhi,Shigella spp.,Leptospira"
0,0,0,1,1,0,0,0,1,1,0,0,1,0,8.7,13.9,"Hepatitis A virus,Shigella spp.,E. coli,Giardia lamblia"
0,1,1,1,0,1,1,0,0,0,0,1,1,1,8.5,0.1,"Shigella spp.,Leptospira"
0,1,1,0,1,0,0,1,1,0,1,0,0,0,5.0,2.9,"Salmonella typhi,Hepatitis A virus,Pseudomonas"
0,0,0,0,0,0,0,0,1,1,0,0,1,0,7.7,7.9,"Hepatitis A virus,Shigella spp."
0,0,0,0,1,0,0,1,1,1,1,1,0,1,5.5,13.9,"Giardia lamblia,Pseudomonas"
0,1,0,0,0,0,0,1,0,0,1,1,1,0,6.0,9.8,"Vibrio cholerae,Hepatitis A virus,Shigella spp.,Pseudomonas"
1,1,1,1,1,1,0,1,0,1,0,1,1,0,8.4,14.6,"Hepatitis A virus,Shigella spp.,E. coli,Giardia lamblia,Cryptosporidium"
0,1,0,1,0,0,1,0,0,0,1,0,0,0,7.9,1.0,"Shigella spp.,Pseudomonas"
0,1,0,0,1,1,1,1,0,0,1,0,1,0,6.2,2.4,"Salmonella typhi,Hepatitis A virus,Shigella spp.,Pseudomonas"
0,1,0,0,1,1,1,1,1,1,0,1,1,0,8.7,1.8,"Hepatitis A virus,Shigella spp."
0,0,0,1,0,0,1,1,1,1,0,0,0,0,8.8,5.0,"Salmonella typhi,Hepatitis A virus,E. coli,Giardia lamblia"
1,0,0,0,0,0,1,1,0,1,1,1,1,0,7.5,6.4,"Salmonella typhi,Shigella spp.,E. coli,Pseudomonas"
1,1,1,0,1,0,1,1,0,1,1,1,0,1,5.4,3.2,"Salmonella typhi,Hepatitis A virus,Giardia lamblia,Pseudomonas"
1,0,0,1,1,1,0,1,1,1,0,0,1,0,8.3,6.4,"Salmonella typhi,Hepatitis A virus,Shigella spp.,E. coli,Giardia lamblia,Cryptosporidium"
0,0,1,0,0,0,1,1,0,0,1,1,1,0,7.0,13.2,"Salmonella typhi,Hepatitis A virus,Shigella spp.,Leptospira"
0,0,1,0,0,0,1,1,1,0,1,0,1,0,5.2,4.2,"Salmonella typhi,Hepatitis A virus,Shigella spp."
0,0,1,1,1,0,1,1,0,0,1,0,1,1,6.0,9.3,"Salmonella typhi,Hepatitis A virus,Shigella spp.,E. coli,Giardia lamblia,Pseudomonas"
0,0,0,1,0,1,1,0,0,1,0,1,1,1,6.6,2.5,Shigella spp.
0,1,1,1,1,0,0,0,0,1,1,0,1,1,8.4,7.3,"Salmonella typhi,Hepatitis A virus,Shigella spp.,E. coli,Giardia lamblia,Pseudomonas"
0,0,1,1,1,0,1,1,0,1,1,0,0,0,8.8,2.5,"Salmonella typhi,Shigella spp.,Pseudomonas"
1,1,0,1,1,0,0,0,1,1,1,1,1,1,7.4,14.0,"Shigella spp.,Pseudomonas,Cryptosporidium"
1,0,1,1,1,0,0,1,1,0,1,0,0,0,5.2,0.5,"Shigella spp.,Pseudomonas"
1,1,1,1,1,0,1,1,0,0,1,1,1,1,8.9,2.5,"Salmonella typhi,Hepatitis A virus,Shigella spp.,Pseudomonas"
1,0,0,1,1,1,1,0,0,0,0,1,1,0,7.7,7.8,"Salmonella typhi,Hepatitis A virus,Shigella spp.,E. coli,Giardia lamblia,Cryptosporidium"
1,1,1,1,1,1,1,1,1,0,1,0,1,0,8.3,10.9,"Salmonella typhi,Hepatitis A virus,Shigella spp.,E. coli,Giardia lamblia,Pseudomonas,Cryptosporidium"
0,0,1,1,1,1,1,1,0,0,1,1,0,0,5.6,13.6,"Salmonella typhi,Hepatitis A virus,Shigella spp.,E. coli,Giardia lamblia,Leptospira,Pseudomonas"
1,0,1,0,0,1,1,1,1,1,1,0,1,0,8.0,5.4,"Salmonella typhi,Hepatitis A virus,Shigella spp.,E. coli,Pseudomonas,Cryptosporidium"
0,0,1,1,1,0,1,0,1,0,1,1,1,0,5.6,2.6,"Salmonella typhi,Hepatitis A virus,Shigella spp.,Leptospira,Pseudomonas"
1,0,1,0,0,0,1,0,0,1,1,1,1,0,6.8,11.3,"Vibrio cholerae,Salmonella typhi,Shigella spp.,E. coli,Pseudomonas,Cryptosporidium"
0,1,0,1,1,0,1,0,0,1,1,0,1,1,7.4,11.4,"Salmonella typhi,Shigella spp.,Giardia lamblia,Pseudomonas"
1,0,0,0,1,0,0,1,0,1,0,0,0,1,6.0,14.2,"Vibrio cholerae,Hepatitis A virus,E. coli,Giardia lamblia,Cryptosporidium"
1,1,0,0,1,1,0,0,0,1,1,1,0,0,6.6,4.7,"E. coli,Giardia lamblia"
0,0,1,1,1,0,1,0,0,0,0,0,0,1,5.9,1.1,"Hepatitis A virus,Shigella spp."
1,1,1,0,0,1,1,0,0,1,0,0,1,1,7.5,9.5,"Shigella spp.,Cryptosporidium"
0,0,0,0,1,1,0,0,1,1,1,1,1,0,6.8,7.5,"Salmonella typhi,Giardia lamblia,Pseudomonas"
1,0,0,1,0,0,0,1,1,1,0,0,0,0,8.5,5.2,"Hepatitis A virus,Shigella spp.,E. coli,Cryptosporidium"
1,0,0,0,1,1,1,1,1,0,0,0,0,1,7.1,3.0,"Salmonella typhi,Hepatitis A virus"
0,0,1,1,1,1,1,1,1,0,1,1,1,0,8.9,3.5,"Salmonella typhi,Hepatitis A virus,Shigella spp.,Giardia lamblia,Leptospira,Pseudomonas"
1,1,0,0,1,0,0,1,0,0,1,1,1,0,6.4,11.5,"Vibrio cholerae,Hepatitis A virus,Shigella spp.,Pseudomonas,Cryptosporidium"
1,1,1,0,0,1,1,1,0,0,0,1,1,0,6.3,1.6,"Hepatitis A virus,Shigella spp.,Leptospira"
1,1,0,0,0,1,1,1,1,1,0,1,0,0,7.3,3.6,"Salmonella typhi,Hepatitis A virus"
1,0,1,0,0,0,0,0,1,1,1,0,1,0,8.0,3.2,"Salmonella typhi,Hepatitis A virus,Shigella spp.,Pseudomonas"
1,0,0,0,1,0,0,1,0,1,0,0,0,1,7.8,6.8,"Hepatitis A virus,E. coli,Cryptosporidium"
0,1,0,1,1,0,0,0,0,1,1,0,0,1,8.3,8.5,"Shigella spp.,E. coli,Giardia lamblia,Pseudomonas"
1,1,0,1,1,0,0,0,1,1,1,0,0,1,8.1,5.1,"Hepatitis A virus,Shigella spp.,E. coli,Pseudomonas"
1,0,0,1,1,1,0,1,0,0,0,1,1,0,6.7,8.3,"Vibrio cholerae,Salmonella typhi,Hepatitis A virus,E. coli,Giardia lamblia,Cryptosporidium"
1,1,0,0,1,1,0,1,1,1,0,1,1,1,8.1,5.2,"Hepatitis A virus,E. coli,Giardia lamblia,Cryptosporidium"
1,1,1,0,0,1,1,1,1,0,0,0,0,0,7.3,0.3,Hepatitis A virus
0,0,0,1,1,1,1,1,1,1,1,0,1,0,7.8,3.3,"Salmonella typhi,Hepatitis A virus,Pseudomonas"
1,1,1,0,1,0,1,1,1,1,1,1,1,1,7.0,0.0,"Hepatitis A virus,Shigella spp.,Leptospira"
0,1,1,0,0,1,1,0,1,1,0,0,0,1,7.0,2.1,Hepatitis A virus
0,0,0,1,0,0,0,0,1,1,0,1,0,0,8.6,3.8,"Hepatitis A virus,Shigella spp.,Giardia lamblia"
0,1,1,1,1,1,0,0,0,0,0,0,1,0,7.7,11.3,"Hepatitis A virus,E. coli,Giardia lamblia"
0,1,1,1,0,0,0,1,0,1,1,1,0,0,7.7,12.9,"Hepatitis A virus,Shigella spp.,E. coli,Giardia lamblia,Leptospira,Pseudomonas"
0,0,1,1,0,1,1,0,0,0,0,1,1,0,7.0,9.0,"Salmonella typhi,E. coli,Giardia lamblia,Leptospira"
0,0,1,0,0,0,0,0,1,1,0,1,0,0,8.4,5.7,"Salmonella typhi,Hepatitis A virus,Leptospira"
1,1,1,1,0,1,1,1,1,1,0,1,0,1,6.4,1.1,"Hepatitis A virus,Leptospira"
0,1,0,1,0,1,1,1,0,1,0,0,0,0,8.4,12.4,"Salmonella typhi,Shigella spp.,E. coli,Giardia lamblia"
1,1,1,1,1,0,0,1,0,1,0,0,1,1,6.0,2.3,"Salmonella typhi,Shigella spp."
1,1,1,0,1,0,1,1,1,1,1,1,0,1,8.2,14.8,"Salmonella typhi,Hepatitis A virus,E. coli,Pseudomonas,Cryptosporidium"
1,0,1,1,0,1,0,0,0,0,1,0,0,1,8.7,14.5,"Salmonella typhi,Shigella spp.,E. coli,Giardia lamblia,Pseudomonas,Cryptosporidium"
0,1,1,0,0,1,0,1,0,0,0,1,1,0,7.4,10.3,"Salmonella typhi,Hepatitis A virus,Shigella spp.,Leptospira"
0,0,1,0,1,1,0,0,0,0,0,0,1,1,7.9,0.5,Shigella spp.
1,1,0,1,1,1,0,0,1,0,1,0,1,0,5.7,11.5,"Vibrio cholerae,Salmonella typhi,Hepatitis A virus,Shigella spp.,E. coli,Giardia lamblia,Pseudomonas"
1,0,1,0,0,0,1,1,1,0,1,0,1,0,5.3,5.5,"Vibrio cholerae,Salmonella typhi,Shigella spp.,Pseudomonas,Cryptosporidium"
1,1,0,0,1,1,1,1,1,0,1,0,0,0,7.1,4.5,"Salmonella typhi,Hepatitis A virus,E. coli,Giardia lamblia,Pseudomonas"
0,1,1,0,1,0,1,0,1,0,1,1,1,0,7.8,13.4,"Salmonella typhi,Hepatitis A virus,Shigella spp.,Giardia lamblia,Pseudomonas"
0,1,0,0,0,0,1,0,0,1,1,0,1,0,5.7,8.1,"Vibrio cholerae,Salmonella typhi,Shigella spp.,Pseudomonas"
1,0,0,0,0,1,1,1,1,0,1,1,1,1,7.9,11.8,"Salmonella typhi,Shigella spp.,E. coli,Pseudomonas,Cryptosporidium"
1,1,0,0,1,1,0,0,0,0,1,0,1,0,6.4,4.9,"Salmonella typhi,Hepatitis A virus,Shigella spp.,E. coli,Giardia lamblia,Pseudomonas"
1,0,0,0,1,1,1,0,0,1,0,1,0,1,7.9,2.6,"Salmonella typhi,Hepatitis A virus"
0,0,0,0,0,1,1,1,1,0,1,0,1,0,8.2,8.1,"Salmonella typhi,Hepatitis A virus,Pseudomonas"
1,1,1,1,1,1,1,1,0,1,0,1,0,0,6.0,7.2,"Vibrio cholerae,Salmonella typhi,Hepatitis A virus,Shigella spp.,E. coli,Giardia lamblia,Cryptosporidium"
1,0,1,0,1,0,1,0,0,1,0,1,1,0,9.0,0.7,"Hepatitis A virus,Shigella spp.,Leptospira"
0,0,1,0,1,1,1,1,0,1,0,1,1,0,8.2,8.2,"Salmonella typhi,Hepatitis A virus,Giardia lamblia,Leptospira"
1,1,1,1,1,1,1,0,0,0,1,1,0,1,8.4,1.6,"Hepatitis A virus,Shigella spp.,Leptospira,Pseudomonas"
0,1,1,0,0,0,1,0,0,1,0,1,1,0,9.0,1.8,"Shigella spp.,Leptospira"
0,1,0,0,1,1,1,0,0,1,0,1,1,0,7.4,6.7,"Hepatitis A virus,Shigella spp.,Giardia lamblia"
0,0,0,1,0,0,1,1,0,1,1,0,1,0,6.1,9.4,"Salmonella typhi,Hepatitis A virus,Shigella spp.,E. coli,Giardia lamblia,Pseudomonas"
1,1,1,0,1,0,0,1,1,0,1,0,0,1,5.1,1.0,Pseudomonas
1,1,1,1,1,0,0,1,0,1,1,1,1,1,6.1,3.9,"Salmonella typhi,Hepatitis A virus,Shigella spp.,Giardia lamblia,Leptospira,Pseudomonas"
1,1,1,0,0,1,1,0,0,0,1,1,0,0,5.5,3.3,"Salmonella typhi,Leptospira,Pseudomonas"
1,1,0,0,0,1,0,0,1,1,1,1,1,1,8.8,2.7,"Hepatitis A virus,Shigella spp."
0,1,0,0,0,0,1,0,0,0,1,0,0,0,8.1,5.0,"Salmonella typhi,Pseudomonas"
1,1,0,0,1,1,0,1,1,0,1,1,0,1,8.9,12.1,"Salmonella typhi,Hepatitis A virus,E. coli,Giardia lamblia,Pseudomonas,Cryptosporidium"
1,0,0,0,0,1,1,0,0,0,1,0,0,1,6.5,11.1,"Vibrio cholerae,E. coli,Pseudomonas,Cryptosporidium"
1,1,0,1,1,0,1,0,0,1,1,1,1,0,7.0,7.0,"Salmonella typhi,Hepatitis A virus,Shigella spp.,Giardia lamblia,Pseudomonas,Cryptosporidium"
0,0,0,0,1,1,0,1,0,0,0,1,1,1,6.2,4.9,"Salmonella typhi,Shigella spp.,Giardia lamblia"
0,0,0,1,1,1,0,1,0,0,1,0,1,0,6.0,5.4,"Hepatitis A virus,Shigella spp.,Giardia lamblia"
1,1,1,0,0,0,0,1,1,0,0,1,0,1,6.0,3.4,"Salmonella typhi,Hepatitis A virus,Leptospira"
0,0,1,0,0,0,1,0,1,0,1,0,0,0,6.9,5.0,"Salmonella typhi,Hepatitis A virus,Pseudomonas"
1,1,1,0,0,1,1,1,1,0,1,1,0,0,8.0,7.0,"Hepatitis A virus,E. coli,Leptospira,Pseudomonas,Cryptosporidium"
0,1,0,0,0,1,0,0,1,1,1,0,1,0,6.4,1.6,"Hepatitis A virus,Shigella spp.,Pseudomonas"
0,0,0,1,0,1,0,1,1,1,0,0,0,0,7.9,11.3,"Salmonella typhi,Hepatitis A virus,Shigella spp.,E. coli,Giardia lamblia"
1,1,0,0,1,1,1,0,0,1,1,1,1,1,8.1,1.5,Pseudomonas
1,1,1,0,1,1,0,0,1,1,1,0,0,1,8.2,2.0,"Hepatitis A virus,Pseudomonas"
1,0,1,0,1,1,1,0,1,1,0,1,1,0,7.3,14.7,"Salmonella typhi,Hepatitis A virus,Shigella spp.,E. coli,Giardia lamblia,Leptospira,Cryptosporidium"
0,0,0,1,0,0,0,1,0,1,1,1,0,1,6.9,13.4,"Hepatitis A virus,Shigella spp.,E. coli,Giardia lamblia"
1,0,0,0,1,1,1,1,1,1,1,0,1,0,5.2,2.1,"Salmonella typhi,Pseudomonas"
1,1,0,0,0,0,0,1,1,0,1,1,1,0,9.0,9.1,"Hepatitis A virus,E. coli,Pseudomonas,Cryptosporidium"
0,1,0,0,1,1,0,1,1,0,0,1,1,1,6.7,13.5,"Vibrio cholerae,Salmonella typhi,Hepatitis A virus,Shigella spp.,Giardia lamblia"
0,0,1,0,1,0,0,1,1,0,0,0,0,1,5.2,5.4,"Salmonella typhi,Hepatitis A virus,Giardia lamblia"
1,0,0,0,1,0,1,1,0,1,1,1,1,0,7.2,2.0,"Hepatitis A virus,Shigella spp.,Pseudomonas"
1,0,0,0,1,1,0,0,0,0,1,1,1,0,5.5,7.0,"Vibrio cholerae,Salmonella typhi,Hepatitis A virus,Shigella spp.,E. coli,Giardia lamblia,Pseudomonas,Cryptosporidium"
1,1,0,1,1,0,1,1,0,1,0,1,0,0,7.9,9.1,"Salmonella typhi,Hepatitis A virus,Shigella spp.,E. coli,Giardia lamblia,Cryptosporidium"
0,0,1,1,1,0,1,0,1,0,0,0,0,0,6.7,10.3,"Salmonella typhi,Hepatitis A virus,Shigella spp.,E. coli,Giardia lamblia"
0,1,1,1,0,0,0,0,0,0,1,1,0,0,8.4,13.4,"Shigella spp.,E. coli,Giardia lamblia,Leptospira,Pseudomonas"
0,0,1,1,0,1,0,0,1,0,1,0,0,1,7.5,0.5,"Hepatitis A virus,Shigella spp.,Pseudomonas"
1,0,1,1,0,1,0,0,1,1,0,1,0,0,7.7,9.3,"Salmonella typhi,Hepatitis A virus,Shigella spp.,E. coli,Giardia lamblia,Cryptosporidium"
0,0,1,0,1,1,1,1,1,1,1,1,0,0,7.1,0.7,"Hepatitis A virus,Leptospira,Pseudomonas"
1,0,0,0,0,0,0,1,1,1,1,0,1,0,5.3,1.9,"Hepatitis A virus,Shigella spp.,Pseudomonas"
1,1,0,1,1,0,1,1,1,1,1,0,1,1,5.0,6.4,"Vibrio cholerae,Hepatitis A virus,E. coli,Giardia lamblia,Cryptosporidium"
1,0,1,1,1,0,0,0,0,0,0,0,0,0,7.0,10.9,"Salmonella typhi,Hepatitis A virus,Shigella spp."
1,1,0,0,1,0,0,1,0,0,1,1,0,0,6.9,7.6,"Vibrio cholerae,Hepatitis A virus,E. coli,Giardia lamblia,Cryptosporidium"
1,0,0,1,0,0,1,0,1,1,1,1,0,1,8.2,1.0,"Hepatitis A virus,Shigella spp.,Pseudomonas"
1,1,1,1,1,0,1,0,0,1,1,0,0,0,8.3,4.5,"Shigella spp.,E. coli,Giardia lamblia,Pseudomonas"
1,0,0,1,0,0,0,1,0,0,1,1,1,0,7.8,14.4,"Hepatitis A virus,Shigella spp.,Pseudomonas,Cryptosporidium"
1,1,0,0,1,0,1,1,0,0,0,0,1,1,9.0,0.9,"Hepatitis A virus,Shigella spp."
0,1,0,1,1,0,0,1,1,0,0,0,0,0,6.4,8.9,"Vibrio cholerae,Shigella spp.,E. coli,Giardia lamblia"
0,0,0,0,1,0,1,1,0,0,0,0,1,0,7.9,5.5,"Shigella spp.,Giardia lamblia"
1,1,1,1,1,1,0,1,0,1,0,1,0,1,7.6,5.2,"Salmonella typhi,Hepatitis A virus,E. coli,Giardia lamblia,Leptospira,Cryptosporidium"
1,1,0,0,1,0,1,1,1,1,0,0,1,0,8.3,10.4,"Salmonella typhi,Hepatitis A virus,Shigella spp.,E. coli,Giardia lamblia"
1,1,0,0,1,0,1,0,0,0,0,0,0,0,6.4,5.6,"Vibrio cholerae,Salmonella typhi,Hepatitis A virus,E. coli,Cryptosporidium"
1,1,0,1,1,1,1,1,0,1,1,1,1,1,7.1,8.2,"Salmonella typhi,Hepatitis A virus,Shigella spp.,E. coli,Pseudomonas,Cryptosporidium"
0,1,1,0,1,0,1,1,0,0,1,0,0,1,5.7,12.3,"Vibrio cholerae,Hepatitis A virus,Giardia lamblia,Pseudomonas"
0,0,1,0,1,0,0,1,0,1,0,0,0,1,8.9,1.9,Hepatitis A virus
1,0,0,0,0,0,1,0,1,1,1,0,0,1,8.3,14.7,"Hepatitis A virus,E. coli,Pseudomonas"
1,1,1,0,1,1,1,1,1,1,1,1,1,1,8.7,4.3,"Hepatitis A virus,Shigella spp.,Giardia lamblia,Leptospira,Pseudomonas"
0,0,0,0,1,1,1,1,0,0,0,1,0,1,5.2,7.2,"Salmonella typhi,Hepatitis A virus,Giardia lamblia"
1,0,1,1,0,1,1,0,1,1,1,1,1,1,5.3,7.5,"Vibrio cholerae,Salmonella typhi,Hepatitis A virus,Shigella spp.,E. coli,Pseudomonas,Cryptosporidium"
0,1,1,0,0,1,0,0,1,0,1,0,0,1,8.6,9.4,"Salmonella typhi,Hepatitis A virus,Pseudomonas"
1,0,1,1,0,0,0,0,1,1,0,1,1,1,6.7,4.7,"Salmonella typhi,Hepatitis A virus,E. coli,Giardia lamblia"
1,1,0,0,0,0,0,1,0,0,0,0,0,0,7.7,1.0,Hepatitis A virus
1,0,1,0,1,0,1,1,1,1,1,1,0,1,9.0,5.3,"Salmonella typhi,E. coli,Giardia lamblia,Leptospira,Pseudomonas,Cryptosporidium"
1,1,1,0,1,0,0,1,1,1,0,0,1,0,8.1,4.1,"Salmonella typhi,E. coli,Giardia lamblia"
1,0,1,0,0,1,1,0,1,0,1,0,0,0,5.9,1.1,Pseudomonas
0,1,0,1,0,0,0,0,1,0,1,0,0,0,6.4,1.0,"Hepatitis A virus,Shigella spp.,Pseudomonas"
1,1,0,0,0,0,1,1,1,1,1,1,0,0,5.7,9.1,"Vibrio cholerae,Salmonella typhi,Hepatitis A virus,Pseudomonas,Cryptosporidium"
1,0,1,1,1,0,1,1,0,0,0,0,1,1,8.1,3.9,"Salmonella typhi,Shigella spp.,Giardia lamblia"
0,1,1,1,0,0,0,0,1,0,1,0,0,0,7.9,4.5,"Salmonella typhi,Hepatitis A virus,Shigella spp.,Giardia lamblia"
1,1,0,1,0,1,0,1,0,1,0,1,0,1,5.6,12.0,"Vibrio cholerae,Salmonella typhi,Hepatitis A virus,Shigella spp.,E. coli,Giardia lamblia"
1,1,0,1,1,0,1,0,1,0,1,1,1,1,7.4,10.6,"Hepatitis A virus,Shigella spp.,E. coli,Giardia lamblia,Pseudomonas"
1,0,0,1,0,1,1,1,1,0,1,1,0,0,5.3,11.2,"Vibrio cholerae,Salmonella typhi,Hepatitis A virus,Shigella spp.,E. coli,Giardia lamblia,Cryptosporidium"
0,0,1,0,1,0,0,1,1,0,0,0,0,1,7.7,3.2,"Salmonella typhi,Hepatitis A virus,Giardia lamblia"
1,1,0,0,1,1,1,1,1,0,1,1,1,1,8.3,12.7,"Salmonella typhi,Hepatitis A virus,Shigella spp.,E. coli,Giardia lamblia,Pseudomonas,Cryptosporidium"
1,1,1,1,1,1,0,1,0,1,0,0,0,1,8.0,2.7,"Salmonella typhi,Shigella spp."
0,0,1,0,0,0,1,0,0,0,1,1,0,0,6.0,4.3,"Salmonella typhi,Pseudomonas"
0,0,0,1,1,1,1,0,1,1,0,1,1,1,7.2,10.6,"Salmonella typhi,Hepatitis A virus,Shigella spp.,Giardia lamblia"
1,1,1,0,0,1,0,1,1,0,1,1,0,1,6.6,9.3,"Salmonella typhi,E. coli,Leptospira,Pseudomonas,Cryptosporidium"
1,0,1,0,0,1,0,1,0,1,1,0,0,0,6.1,11.7,"Vibrio cholerae,Salmonella typhi,Hepatitis A virus,E. coli,Pseudomonas,Cryptosporidium"
1,1,0,1,0,0,1,0,0,0,1,0,0,1,6.5,12.8,"Vibrio cholerae,Salmonella typhi,Shigella spp.,E. coli,Giardia lamblia,Pseudomonas,Cryptosporidium"
1,0,0,0,0,1,1,1,1,1,1,1,1,1,7.4,3.8,"Salmonella typhi,Shigella spp.,Pseudomonas"
0,1,0,0,0,1,0,0,0,0,0,0,0,1,5.3,2.1,Salmonella typhi
0,0,0,1,0,0,1,1,1,0,0,1,0,1,8.4,10.4,"Salmonella typhi,Shigella spp."
1,0,1,1,0,0,1,0,1,0,0,1,0,1,6.1,5.0,"Salmonella typhi,Hepatitis A virus,Shigella spp.,E. coli,Giardia lamblia"
0,0,0,0,0,1,0,0,1,0,1,1,1,0,6.4,14.7,"Hepatitis A virus,Shigella spp.,Pseudomonas"
0,1,0,1,1,0,1,0,0,1,0,1,1,0,7.3,13.9,"Salmonella typhi,Hepatitis A virus,Shigella spp.,E. coli,Giardia lamblia"
0,0,0,1,1,1,0,0,0,1,1,1,1,0,5.8,1.8,Pseudomonas
0,0,0,0,0,1,0,1,1,0,1,1,1,1,8.7,11.9,"Salmonella typhi,Hepatitis A virus,Pseudomonas"
0,0,1,1,0,1,1,0,1,0,0,0,1,0,8.7,7.5,"Salmonella typhi,Hepatitis A virus,Shigella spp.,E. coli"
0,1,1,0,1,0,0,0,1,0,1,0,1,0,8.7,2.0,"Shigella spp.,Pseudomonas"
0,0,0,1,1,0,1,1,0,1,0,1,0,1,5.8,0.7,"Hepatitis A virus,Shigella spp."
1,0,0,0,0,1,1,0,0,1,1,0,0,0,7.0,6.3,"Salmonella typhi,E. coli,Pseudomonas"
0,1,1,0,0,0,1,0,0,1,1,0,0,1,5.2,7.9,"Vibrio cholerae,Pseudomonas"
0,0,0,1,0,0,1,0,1,1,1,1,1,1,9.0,14.4,"Salmonella typhi,Hepatitis A virus,Shigella spp.,Giardia lamblia,Pseudomonas"
1,1,1,1,1,0,0,1,1,1,1,0,1,1,7.3,4.4,"Salmonella typhi,Hepatitis A virus,Shigella spp.,Giardia lamblia,Pseudomonas"
0,0,0,1,1,1,1,0,1,1,1,0,0,0,5.9,9.0,"Hepatitis A virus,Shigella spp.,Giardia lamblia,Pseudomonas"
0,0,0,0,1,1,0,0,1,1,0,0,0,0,5.4,14.1,Giardia lamblia
1,1,0,0,0,1,0,0,1,0,1,1,0,1,7.9,14.6,"Salmonella typhi,Hepatitis A virus,E. coli,Pseudomonas,Cryptosporidium"
1,1,0,1,1,1,0,0,1,1,1,0,0,0,8.8,5.5,"Salmonella typhi,Hepatitis A virus,Shigella spp.,E. coli,Giardia lamblia,Cryptosporidium"
0,1,1,0,1,0,1,0,1,1,0,1,1,0,7.4,13.5,"Salmonella typhi,Hepatitis A virus,Shigella spp.,Giardia lamblia,Leptospira"
1,0,1,1,1,1,1,0,0,1,0,1,1,1,5.6,8.3,"Vibrio cholerae,E. coli,Cryptosporidium"
0,0,0,0,1,1,0,0,0,1,1,1,1,0,8.1,13.9,"Salmonella typhi,Shigella spp.,Giardia lamblia,Pseudomonas"
1,1,0,0,0,0,1,0,1,0,1,1,1,0,5.4,5.7,"Vibrio cholerae,Salmonella typhi,Hepatitis A virus,Shigella spp.,E. coli,Pseudomonas,Cryptosporidium"
1,1,1,1,0,1,0,1,1,0,1,1,1,0,8.4,12.3,"Salmonella typhi,Hepatitis A virus,Shigella spp.,E. coli,Giardia lamblia,Leptospira,Pseudomonas,Cryptosporidium"
0,0,0,1,0,0,0,0,0,0,1,0,1,1,6.1,10.6,"Shigella spp.,Pseudomonas"
0,1,1,0,1,0,1,0,1,1,1,1,0,0,5.3,14.9,"Vibrio cholerae,Salmonella typhi,Giardia lamblia,Leptospira,Pseudomonas"
0,0,0,1,1,1,0,0,1,1,1,0,0,0,7.0,1.4,"Hepatitis A virus,Shigella spp.,Pseudomonas"
0,0,1,0,0,1,1,0,1,1,0,0,1,1,6.2,8.8,"Hepatitis A virus,Shigella spp."
0,0,1,1,0,0,0,0,0,0,0,0,0,0,8.7,11.7,"Shigella spp.,E. coli,Giardia lamblia"
0,0,0,0,0,0,0,1,1,0,1,1,1,1,6.8,9.6,"Hepatitis A virus,Shigella spp.,Pseudomonas"
1,0,0,0,1,1,1,0,0,0,0,0,0,0,5.7,4.3,"Salmonella typhi,E. coli,Giardia lamblia"
0,0,0,0,1,1,1,0,1,0,0,0,1,1,7.6,9.7,"Salmonella typhi,Hepatitis A virus,Shigella spp.,Giardia lamblia"
1,1,1,1,1,0,1,0,1,0,0,0,0,1,8.2,9.5,"Salmonella typhi,Hepatitis A virus,Shigella spp.,Giardia lamblia,Cryptosporidium"
0,1,0,1,1,0,1,1,0,0,0,0,0,1,7.8,14.5,"Hepatitis A virus,Shigella spp.,E. coli,Giardia lamblia"
0,0,1,1,1,0,0,0,0,1,1,1,1,0,5.0,9.2,"Salmonella typhi,Hepatitis A virus,Shigella spp.,E. coli,Giardia lamblia,Leptospira,Pseudomonas"
1,0,0,1,1,1,0,0,1,0,1,1,1,0,5.8,9.9,"Vibrio cholerae,Salmonella typhi,Hepatitis A virus,Shigella spp.,E. coli,Giardia lamblia,Pseudomonas,Cryptosporidium"
0,1,1,1,0,0,0,1,0,1,0,1,0,1,5.0,9.6,"Vibrio cholerae,Salmonella typhi,Hepatitis A virus,Shigella spp.,E. coli,Giardia lamblia"
1,1,1,0,1,1,1,0,1,1,0,0,0,1,6.0,4.3,"Hepatitis A virus,E. coli,Giardia lamblia"
0,1,1,1,1,0,1,0,1,0,0,0,1,0,8.5,6.5,"Hepatitis A virus,E. coli,Giardia lamblia"
0,1,1,1,0,1,0,0,0,1,0,1,0,0,7.9,1.9,"Shigella spp.,Leptospira"
0,0,1,0,1,1,0,1,1,1,1,1,1,1,5.9,8.7,"Salmonella typhi,Hepatitis A virus,Giardia lamblia,Leptospira,Pseudomonas"
1,1,0,0,1,0,1,0,1,1,0,1,1,0,8.4,14.2,"Salmonella typhi,Hepatitis A virus,E. coli,Cryptosporidium"
1,1,0,0,1,1,0,1,1,0,0,0,0,0,6.8,8.1,"Vibrio cholerae,Salmonella typhi,Hepatitis A virus,E. coli,Giardia lamblia,Cryptosporidium"
0,1,1,1,1,0,0,0,1,1,0,1,0,0,8.7,11.9,"Salmonella typhi,Shigella spp.,E. coli,Giardia lamblia"
0,1,1,0,0,0,1,1,1,1,0,0,0,1,7.8,1.4,Hepatitis A virus
1,1,1,0,0,0,1,0,1,0,1,0,1,0,5.6,2.4,"Salmonella typhi,Hepatitis A virus,Shigella spp.,Pseudomonas"
0,0,1,1,0,0,0,0,0,1,0,0,0,0,6.5,6.0,"Salmonella typhi,Shigella spp.,E. coli,Giardia lamblia"
1,0,1,0,0,0,0,1,1,1,1,0,0,1,5.7,2.6,"Salmonella typhi,Hepatitis A virus,Pseudomonas"
0,0,0,0,1,0,1,1,1,0,0,0,1,1,6.8,11.6,"Salmonella typhi,Hepatitis A virus,Shigella spp.,Giardia lamblia"
1,0,0,1,1,1,0,1,1,1,1,1,1,0,6.0,12.7,"Vibrio cholerae,Salmonella typhi,Shigella spp.,E. coli,Pseudomonas,Cryptosporidium"
1,1,1,0,0,1,1,0,0,1,0,1,0,0,7.2,12.5,"Salmonella typhi,E. coli,Cryptosporidium"
0,1,0,1,0,0,1,1,0,0,1,0,1,1,7.0,2.7,"Hepatitis A virus,Shigella spp.,Pseudomonas"
1,1,1,1,0,1,1,0,1,0,0,1,0,0,6.0,6.6,"Vibrio cholerae,Salmonella typhi,Hepatitis A virus,Giardia lamblia,Leptospira,Cryptosporidium"
1,0,0,0,0,1,1,0,0,0,0,1,0,1,7.6,13.7,"Salmonella typhi,E. coli,Cryptosporidium"
0,0,0,0,0,1,1,1,0,0,0,0,0,0,8.6,13.9,Hepatitis A virus
0,1,0,0,0,0,0,0,0,0,1,0,1,0,7.6,1.0,"Shigella spp.,Pseudomonas"
1,0,0,1,0,1,1,1,0,1,1,0,1,1,5.6,14.4,"Vibrio cholerae,Hepatitis A virus,Shigella spp.,E. coli,Giardia lamblia,Pseudomonas,Cryptosporidium"
0,0,0,0,1,1,1,1,1,0,1,0,0,1,8.0,5.4,"Hepatitis A virus,Giardia lamblia,Pseudomonas"
0,0,1,0,1,1,0,0,1,0,1,1,0,1,6.4,2.8,"Salmonella typhi,Hepatitis A virus,Leptospira"
1,0,0,1,0,1,1,0,1,0,0,1,0,1,7.8,8.4,"Salmonella typhi,Shigella spp.,E. coli,Cryptosporidium"
1,1,0,0,1,1,0,1,1,0,0,1,1,0,6.6,5.9,"Vibrio cholerae,Salmonella typhi,Hepatitis A virus,Shigella spp.,E. coli,Giardia lamblia,Cryptosporidium"
1,1,1,1,1,0,0,1,0,0,1,0,1,0,7.4,1.6,"Shigella spp.,Pseudomonas"
0,0,1,0,0,0,1,0,0,0,1,1,0,1,5.8,1.0,Pseudomonas
0,0,0,0,1,0,0,0,1,0,1,1,1,1,7.6,8.7,"Hepatitis A virus,Shigella spp.,Giardia lamblia"
0,1,0,0,1,0,1,1,0,0,1,1,0,0,8.8,14.5,"Salmonella typhi,Hepatitis A virus,Giardia lamblia,Pseudomonas"
0,0,0,1,1,1,1,1,0,0,1,1,1,0,7.1,8.2,"Hepatitis A virus,E. coli,Giardia lamblia"
0,0,0,0,1,1,0,1,0,1,0,0,0,1,5.9,9.0,"Hepatitis A virus,Giardia lamblia"
1,0,1,1,0,1,1,1,1,1,0,1,0,0,5.5,12.3,"Vibrio cholerae,Salmonella typhi,Hepatitis A virus,Shigella spp.,E. coli,Giardia lamblia,Leptospira,Cryptosporidium"
0,1,0,0,1,1,1,0,0,0,1,1,0,0,6.8,7.1,"Vibrio cholerae,Salmonella typhi,Hepatitis A virus,Giardia lamblia,Pseudomonas"
0,1,0,1,0,0,1,0,1,0,1,1,1,1,8.7,8.6,"Salmonella typhi,Hepatitis A virus,E. coli,Giardia lamblia,Pseudomonas"
1,1,0,1,1,1,1,1,1,0,1,1,1,0,9.0,3.5,"Salmonella typhi,Hepatitis A virus,Giardia lamblia,Pseudomonas"
0,1,0,0,1,0,1,1,0,0,1,0,0,0,8.0,7.5,"Salmonella typhi,Pseudomonas"
0,0,0,1,0,0,1,0,1,0,1,1,1,0,8.4,1.3,"Hepatitis A virus,Shigella spp.,Pseudomonas"
0,0,0,0,0,1,1,1,0,0,1,1,1,1,5.7,12.4,"Hepatitis A virus,Pseudomonas"
1,0,0,1,1,0,1,0,0,0,1,1,1,0,6.3,7.9,"Vibrio cholerae,Hepatitis A virus,E. coli,Giardia lamblia,Cryptosporidium"
1,1,0,0,0,1,1,0,0,0,0,0,0,0,6.5,2.4,Salmonella typhi
0,0,1,0,1,0,1,1,1,0,0,0,0,0,8.8,14.1,"Salmonella typhi,Hepatitis A virus,Giardia lamblia"
0,0,0,0,1,1,0,1,1,0,1,1,1,1,6.4,12.9,"Salmonella typhi,Hepatitis A virus,Shigella spp.,Giardia lamblia,Pseudomonas"
0,1,0,0,1,0,0,1,0,1,0,0,0,0,8.2,5.6,"Hepatitis A virus,Giardia lamblia"
0,0,0,1,1,0,0,0,1,1,0,0,0,0,6.3,12.2,"Hepatitis A virus,Shigella spp.,E. coli,Giardia lamblia"
0,0,1,1,1,1,1,1,1,0,0,1,0,1,5.5,12.7,"Salmonella typhi,Hepatitis A virus,Shigella spp.,Giardia lamblia,Leptospira"
1,1,1,0,0,1,1,1,0,1,1,1,0,1,8.1,1.3,"Hepatitis A virus,Leptospira,Pseudomonas"
0,1,1,0,1,1,1,1,0,0,0,1,1,1,6.2,5.4,"Vibrio cholerae,Salmonella typhi,Hepatitis A virus,Shigella spp.,Giardia lamblia,Leptospira"
1,0,1,0,1,1,0,0,1,0,1,1,1,1,7.5,0.8,"Hepatitis A virus,Shigella spp.,Pseudomonas"
1,0,0,1,0,0,0,0,0,0,0,0,1,0,6.6,6.0,"Vibrio cholerae,Shigella spp.,E. coli,Giardia lamblia"
0,1,1,1,1,0,0,1,0,0,0,1,0,0,5.8,1.5,"Hepatitis A virus,Shigella spp."
0,1,1,0,0,1,0,0,0,0,0,1,1,1,8.8,9.3,"Salmonella typhi,Shigella spp.,Leptospira"
0,1,0,0,0,1,0,1,0,1,1,1,0,0,6.1,1.1,"Hepatitis A virus,Pseudomonas"
0,0,1,1,0,1,0,0,1,1,1,0,1,1,8.4,2.0,"Hepatitis A virus,Shigella spp.,Pseudomonas"
0,1,0,0,0,1,1,1,0,1,0,0,1,1,8.3,9.9,"Salmonella typhi,Shigella spp."
0,1,1,1,1,1,0,1,1,1,0,1,1,0,5.0,9.8,"Vibrio cholerae,Salmonella typhi,Shigella spp.,E. coli,Giardia lamblia"
1,0,0,1,0,1,1,1,0,0,1,0,0,0,8.8,1.6,Pseudomonas
1,1,0,0,1,0,0,0,0,1,0,1,0,1,5.3,0.5,Hepatitis A virus
0,1,1,0,0,0,1,1,1,0,0,0,0,0,6.0,14.7,"Vibrio cholerae,Hepatitis A virus"
0,0,1,1,1,0,1,0,0,1,1,0,0,0,6.3,0.6,"Hepatitis A virus,Shigella spp.,Pseudomonas"
1,0,0,1,1,1,0,1,1,0,1,1,0,0,8.3,10.4,"Salmonella typhi,E. coli,Giardia lamblia,Pseudomonas,Cryptosporidium"
0,0,0,1,0,0,1,1,1,0,0,1,0,1,8.4,0.3,"Hepatitis A virus,Shigella spp."
1,1,1,1,1,1,1,1,1,1,1,0,1,1,5.1,1.1,"Hepatitis A virus,Shigella spp.,Pseudomonas"
1,1,1,0,1,1,0,0,0,1,0,0,0,0,7.6,0.6,None
0,1,0,0,1,0,0,0,1,0,1,1,0,1,6.5,3.2,"Hepatitis A virus,Giardia lamblia,Pseudomonas"
1,0,0,0,1,1,1,1,1,0,0,0,0,1,6.4,10.1,"Vibrio cholerae,Salmonella typhi,Hepatitis A virus,E. coli,Giardia lamblia"
0,1,1,1,0,0,1,1,0,0,1,0,0,1,8.5,12.7,"Salmonella typhi,Hepatitis A virus,Shigella spp.,E. coli,Pseudomonas"
1,1,1,0,0,1,1,1,0,1,0,1,0,0,6.7,7.9,"Vibrio cholerae,Salmonella typhi,Hepatitis A virus,E. coli,Cryptosporidium"
1,1,1,1,0,1,1,0,0,1,1,1,1,0,7.7,7.3,"Salmonella typhi,Shigella spp.,E. coli,Leptospira,Pseudomonas,Cryptosporidium"
1,0,0,0,0,0,1,1,1,1,1,0,0,1,5.2,0.6,"Hepatitis A virus,Pseudomonas"
1,0,1,1,1,1,0,1,0,1,0,1,1,1,7.4,11.1,"Salmonella typhi,Hepatitis A virus,Shigella spp.,E. coli,Giardia lamblia,Leptospira"
0,1,1,0,1,0,1,1,1,1,0,1,1,1,5.0,1.8,"Hepatitis A virus,Shigella spp.,Leptospira"
1,0,1,1,0,1,0,1,0,1,0,1,1,1,6.3,3.3,"Salmonella typhi,Hepatitis A virus,Shigella spp.,Giardia lamblia,Leptospira"
1,1,1,1,0,0,0,0,1,0,1,0,1,1,5.1,11.7,"Vibrio cholerae,Salmonella typhi,Shigella spp.,E. coli,Giardia lamblia,Pseudomonas"
1,1,0,0,1,1,0,0,1,0,0,1,0,0,7.2,2.5,"Salmonella typhi,Hepatitis A virus"
1,0,0,1,1,0,0,0,0,0,0,0,0,0,8.5,13.8,"Hepatitis A virus,Shigella spp.,E. coli,Giardia lamblia,Cryptosporidium"
0,0,1,0,0,0,0,1,1,0,1,0,0,0,5.1,9.7,None
1,1,1,0,1,0,0,0,1,1,0,0,0,0,7.6,3.1,"Salmonella typhi,Hepatitis A virus,Giardia lamblia"
1,0,0,0,0,1,1,0,1,0,1,1,0,0,5.1,11.7,"Vibrio cholerae,Hepatitis A virus,E. coli,Pseudomonas"
1,0,1,1,0,1,1,1,1,0,1,0,1,0,8.6,7.5,"Salmonella typhi,Hepatitis A virus,Shigella spp.,Giardia lamblia,Pseudomonas"
0,0,0,1,0,1,0,1,0,1,0,0,1,0,8.6,11.0,"Salmonella typhi,Hepatitis A virus,Shigella spp.,E. coli,Giardia lamblia"
0,1,1,1,0,1,1,0,0,1,1,0,1,1,6.7,6.4,"Vibrio cholerae,Salmonella typhi,Shigella spp.,E. coli,Giardia lamblia,Pseudomonas"
1,1,1,0,1,1,1,0,0,1,1,1,0,0,8.6,9.6,"Salmonella typhi,E. coli,Giardia lamblia,Leptospira,Pseudomonas,Cryptosporidium"
1,1,0,1,1,0,1,1,1,1,1,0,0,0,5.5,11.6,"Vibrio cholerae,Salmonella typhi,Hepatitis A virus,Shigella spp.,E. coli,Giardia lamblia,Pseudomonas,Cryptosporidium"
0,1,0,0,0,0,0,0,1,1,1,0,0,0,6.7,12.1,"Hepatitis A virus,Pseudomonas"
1,0,1,1,1,1,1,0,0,0,0,0,1,0,6.8,6.3,"Vibrio cholerae,Salmonella typhi,Hepatitis A virus,Giardia lamblia,Cryptosporidium"
1,0,1,0,0,0,1,1,1,1,0,1,1,1,6.1,4.4,"Salmonella typhi,Shigella spp.,E. coli,Leptospira"
1,1,1,1,1,1,0,0,1,1,0,1,1,1,6.9,12.9,"Vibrio cholerae,Salmonella typhi,Hepatitis A virus,Shigella spp.,E. coli,Giardia lamblia,Leptospira"
0,1,0,0,1,0,1,0,1,1,0,1,0,0,9.0,11.8,"Salmonella typhi,Hepatitis A virus,Giardia lamblia"
0,0,0,0,0,0,0,1,1,1,1,1,1,1,8.6,13.5,"Shigella spp.,Pseudomonas"
0,0,1,0,0,1,0,1,1,1,0,0,1,1,5.5,5.9,"Salmonella typhi,Hepatitis A virus,Shigella spp."
1,1,0,1,0,0,1,0,1,1,1,1,1,1,7.4,7.2,"Salmonella typhi,Hepatitis A virus,Shigella spp.,E. coli,Pseudomonas,Cryptosporidium"
0,1,0,1,0,0,1,0,1,1,1,1,0,1,7.3,4.6,"Hepatitis A virus,Pseudomonas"
0,1,1,1,1,0,1,1,0,0,0,1,0,0,6.9,8.4,"Vibrio cholerae,Hepatitis A virus,Shigella spp.,E. coli,Giardia lamblia,Leptospira"
0,1,1,0,0,0,0,0,1,0,1,1,0,1,5.4,11.9,"Salmonella typhi,Hepatitis A virus,Leptospira,Pseudomonas"
0,1,0,0,1,1,1,0,0,0,1,1,1,1,7.2,7.3,"Salmonella typhi,Hepatitis A virus,Pseudomonas"
1,1,1,1,1,1,0,0,0,1,0,1,1,0,7.5,13.5,"Salmonella typhi,Hepatitis A virus,Shigella spp.,E. coli,Giardia lamblia,Leptospira,Cryptosporidium"
1,1,1,1,0,0,0,0,1,1,0,0,0,1,7.6,0.5,"Hepatitis A virus,Shigella spp."
1,1,1,1,1,0,0,1,0,0,1,1,1,0,7.4,9.7,"Salmonella typhi,Hepatitis A virus,Shigella spp.,Giardia lamblia,Leptospira,Pseudomonas,Cryptosporidium"
1,0,0,0,0,1,0,1,1,0,1,0,1,1,7.9,7.2,"Salmonella typhi,Hepatitis A virus,Shigella spp.,E. coli,Pseudomonas,Cryptosporidium"
0,0,1,1,0,1,0,1,0,1,1,1,1,0,7.6,4.4,"Salmonella typhi,Hepatitis A virus,E. coli,Giardia lamblia,Leptospira,Pseudomonas"
1,1,1,1,0,1,1,0,1,0,0,0,1,1,6.0,12.9,"Vibrio cholerae,Salmonella typhi,Shigella spp.,E. coli,Cryptosporidium"
1,0,0,0,0,0,0,0,1,1,0,1,1,0,8.1,2.1,"Hepatitis A virus,Shigella spp."
1,1,1,1,0,1,0,0,0,0,0,1,1,0,6.8,9.9,"Vibrio cholerae,Salmonella typhi,Shigella spp.,E. coli,Giardia lamblia,Leptospira,Cryptosporidium"
1,0,1,1,1,0,0,0,1,0,1,0,0,1,6.9,7.7,"Vibrio cholerae,Salmonella typhi,Hepatitis A virus,E. coli,Giardia lamblia,Pseudomonas,Cryptosporidium"
1,0,0,0,1,1,0,0,0,0,0,1,1,1,7.4,6.9,"Salmonella typhi,Hepatitis A virus,Shigella spp.,Giardia lamblia,Cryptosporidium"
1,1,0,1,1,0,0,0,1,0,1,0,0,1,8.4,3.5,"Hepatitis A virus,Shigella spp.,Giardia lamblia,Pseudomonas"
0,1,1,0,0,1,0,0,0,0,0,1,0,0,7.6,7.1,Leptospira
0,1,1,1,1,1,0,0,1,1,1,0,0,0,5.4,12.4,"Vibrio cholerae,Salmonella typhi,Hepatitis A virus,Shigella spp.,E. coli,Giardia lamblia,Pseudomonas"
1,1,1,0,0,1,1,1,0,0,0,0,1,1,5.6,12.7,"Vibrio cholerae,Salmonella typhi,Shigella spp.,Cryptosporidium"
0,0,1,0,1,1,0,1,1,0,1,1,0,1,7.4,14.0,"Hepatitis A virus,Giardia lamblia,Leptospira,Pseudomonas"
1,1,1,0,0,0,1,0,1,0,1,0,1,1,6.2,4.4,"E. coli,Pseudomonas"
1,1,0,1,1,0,0,0,1,1,1,0,0,1,6.0,12.4,"Vibrio cholerae,Hepatitis A virus,Shigella spp.,E. coli,Giardia lamblia,Pseudomonas,Cryptosporidium"
0,1,0,0,0,0,0,1,0,0,0,1,0,0,6.8,12.5,"Vibrio cholerae,Hepatitis A virus"
1,1,1,0,0,0,0,0,1,1,0,1,0,0,6.9,7.1,"Vibrio cholerae,Salmonella typhi,Hepatitis A virus,E. coli,Cryptosporidium"
0,1,0,1,0,1,1,1,1,0,1,0,1,0,6.4,2.0,"Shigella spp.,Pseudomonas"
0,1,1,1,0,0,0,1,0,1,0,1,0,0,6.5,6.7,"Vibrio cholerae,Salmonella typhi,Hepatitis A virus,E. coli,Giardia lamblia,Leptospira"
1,0,0,0,0,1,1,1,1,0,0,0,1,1,5.1,3.4,"Salmonella typhi,Hepatitis A virus,Shigella spp."
1,1,0,0,1,0,1,0,0,0,1,0,0,1,7.0,7.4,"Salmonella typhi,E. coli,Giardia lamblia,Pseudomonas,Cryptosporidium"
0,1,1,1,1,0,0,0,1,0,0,1,1,0,5.0,7.6,"Vibrio cholerae,Salmonella typhi,Hepatitis A virus,E. coli,Giardia lamblia"
1,1,0,1,0,1,0,1,0,1,0,1,1,1,5.2,6.9,"Vibrio cholerae,Salmonella typhi,Hepatitis A virus,Shigella spp.,E. coli,Giardia lamblia,Cryptosporidium"
0,1,1,1,1,1,0,0,0,1,1,0,0,0,7.7,0.8,"Hepatitis A virus,Shigella spp.,Pseudomonas"
0,0,0,1,1,0,0,1,0,0,1,1,0,0,7.5,4.2,"Hepatitis A virus,Shigella spp.,Giardia lamblia,Pseudomonas"
1,1,0,1,0,0,0,1,0,0,1,1,0,1,5.4,7.0,"Hepatitis A virus,Shigella spp.,E. coli,Giardia lamblia,Pseudomonas,Cryptosporidium"
1,0,0,0,0,0,1,1,1,0,1,0,1,1,6.1,2.5,"Salmonella typhi,Hepatitis A virus,Shigella spp.,Pseudomonas"
0,0,0,0,1,0,0,1,0,1,0,1,0,1,7.0,14.4,"Hepatitis A virus,Giardia lamblia"
0,1,1,0,1,0,0,0,0,0,1,1,1,1,6.4,11.7,"Salmonella typhi,Hepatitis A virus,Shigella spp.,Leptospira,Pseudomonas"
1,0,0,0,0,0,1,1,1,0,1,0,0,1,5.6,4.1,"Salmonella typhi,Hepatitis A virus,E. coli,Pseudomonas"
0,0,0,0,1,0,0,0,0,1,1,1,0,1,8.2,1.1,"Hepatitis A virus,Pseudomonas"
1,1,0,1,1,1,1,0,0,0,0,0,1,1,5.9,14.9,"Vibrio cholerae,Salmonella typhi,Shigella spp.,E. coli,Giardia lamblia,Cryptosporidium"
1,0,0,0,0,1,0,0,1,1,0,0,1,1,5.2,5.6,"Vibrio cholerae,Hepatitis A virus,Shigella spp.,E. coli,Cryptosporidium"
0,1,0,1,0,0,1,0,0,0,1,0,1,1,7.9,14.5,"Salmonella typhi,Shigella spp.,E. coli,Giardia lamblia,Pseudomonas"
1,0,0,1,0,0,0,1,1,0,1,1,0,0,8.5,9.1,"Hepatitis A virus,Shigella spp.,E. coli,Giardia lamblia,Pseudomonas"
1,0,0,0,1,1,1,0,1,1,1,1,0,1,7.7,8.5,"Salmonella typhi,Hepatitis A virus,E. coli,Giardia lamblia,Pseudomonas,Cryptosporidium"
0,1,0,1,1,0,1,1,0,1,0,1,1,1,5.9,12.6,"Vibrio cholerae,Salmonella typhi,Hepatitis A virus,Shigella spp.,E. coli,Giardia lamblia"
0,1,0,0,1,0,1,0,1,0,1,0,0,0,6.5,2.9,"Salmonella typhi,Hepatitis A virus"
1,1,0,1,0,0,1,1,0,0,1,1,0,1,6.1,12.5,"Vibrio cholerae,Hepatitis A virus,Shigella spp.,E. coli,Giardia lamblia,Pseudomonas,Cryptosporidium"
0,1,0,1,1,1,0,0,1,1,1,0,1,0,8.7,7.8,"Salmonella typhi,Shigella spp.,E. coli,Giardia lamblia,Pseudomonas"
0,0,0,0,1,0,0,1,1,0,1,1,1,1,5.2,12.9,"Hepatitis A virus,Shigella spp.,Giardia lamblia,Pseudomonas"
0,0,1,0,0,1,0,1,0,0,1,0,1,0,5.3,13.7,"Salmonella typhi,Shigella spp.,Pseudomonas"
1,0,1,0,1,0,0,1,0,1,1,1,1,0,8.7,6.1,"Salmonella typhi,E. coli,Giardia lamblia,Pseudomonas,Cryptosporidium"
1,0,0,1,0,1,1,0,0,0,1,1,1,0,7.6,5.6,"Salmonella typhi,Shigella spp.,E. coli,Giardia lamblia,Pseudomonas,Cryptosporidium"
0,1,1,1,1,0,0,0,0,0,1,0,0,0,8.9,8.9,"Salmonella typhi,E. coli,Giardia lamblia,Pseudomonas"
1,0,0,1,1,1,1,1,1,1,0,1,0,1,9.0,4.1,"Hepatitis A virus,Shigella spp.,Giardia lamblia"
0,1,1,0,1,0,1,0,0,0,1,0,1,0,5.9,1.5,"Hepatitis A virus,Shigella spp.,Pseudomonas"
0,1,1,0,0,0,1,1,1,0,0,0,1,0,8.4,8.8,"Salmonella typhi,Hepatitis A virus,Shigella spp."
0,0,1,1,0,0,0,0,1,0,1,1,0,0,5.9,13.3,"Salmonella typhi,Shigella spp.,E. coli,Leptospira,Pseudomonas"
0,1,1,1,0,1,0,0,0,1,0,1,1,0,5.7,7.6,"Vibrio cholerae,Shigella spp.,E. coli,Giardia lamblia"
1,0,0,1,0,1,1,1,0,0,0,1,1,0,8.1,6.4,"Salmonella typhi,Hepatitis A virus,Shigella spp.,E. coli,Giardia lamblia,Cryptosporidium"
1,0,0,1,1,1,0,0,0,1,1,1,0,1,7.5,5.0,"Salmonella typhi,Hepatitis A virus,Shigella spp.,E. coli,Pseudomonas"
1,1,0,0,0,0,0,1,1,1,0,1,0,1,6.1,2.2,Hepatitis A virus
1,0,1,1,1,0,1,1,0,1,0,1,1,0,5.6,14.6,"Vibrio cholerae,Salmonella typhi,Hepatitis A virus,Shigella spp.,E. coli,Giardia lamblia,Leptospira"
0,1,0,1,1,0,0,1,1,1,1,0,0,0,7.2,7.7,"Hepatitis A virus,Shigella spp.,E. coli,Giardia lamblia,Pseudomonas"
0,0,1,1,0,0,0,0,0,1,0,1,1,1,7.6,4.6,"Salmonella typhi,E. coli,Giardia lamblia,Leptospira"
0,0,0,1,0,0,0,1,1,1,1,0,1,0,7.9,5.9,"Hepatitis A virus,Shigella spp.,E. coli,Giardia lamblia,Pseudomonas"
0,0,1,1,1,0,1,0,1,0,0,0,1,1,7.1,6.6,"Salmonella typhi,Hepatitis A virus,Shigella spp.,E. coli,Giardia lamblia"
0,1,1,1,0,0,1,0,0,0,0,0,0,0,7.4,7.4,"Salmonella typhi,Shigella spp.,E. coli,Giardia lamblia"
1,0,1,0,1,0,0,0,1,1,1,0,1,0,8.6,1.8,"Hepatitis A virus,Shigella spp.,Pseudomonas"
1,0,0,0,1,0,0,1,0,0,0,0,0,0,6.0,6.9,"Vibrio cholerae,Hepatitis A virus,E. coli,Giardia lamblia,Cryptosporidium"
1,1,1,1,0,1,0,1,0,1,0,1,0,0,5.7,2.1,"Hepatitis A virus,Leptospira"
0,0,1,0,0,1,1,0,1,1,0,0,0,0,6.8,7.2,"Salmonella typhi,Hepatitis A virus"
0,0,0,1,0,0,0,0,1,0,0,1,0,1,5.4,14.4,"Hepatitis A virus,Shigella spp.,E. coli,Giardia lamblia"
0,1,0,0,0,0,0,0,1,0,0,1,1,1,5.9,6.6,"Vibrio cholerae,Hepatitis A virus,Shigella spp."
0,0,1,0,1,1,0,1,0,1,0,0,0,0,5.2,14.2,"Salmonella typhi,Hepatitis A virus,Giardia lamblia"
1,0,0,0,0,0,1,0,0,0,1,0,1,0,5.8,1.2,"Shigella spp.,Pseudomonas"
1,0,1,0,1,1,0,0,0,1,1,0,1,1,5.3,12.3,"Vibrio cholerae,Salmonella typhi,Hepatitis A virus,Shigella spp.,E. coli,Giardia lamblia,Pseudomonas"
0,0,0,1,1,1,1,1,1,0,0,0,1,0,7.4,8.4,"Salmonella typhi,Hepatitis A virus,Shigella spp."
1,1,0,1,0,0,0,0,1,1,1,1,1,0,5.7,9.1,"Vibrio cholerae,Hepatitis A virus,Shigella spp.,E. coli,Giardia lamblia,Pseudomonas,Cryptosporidium"
1,1,0,0,0,1,0,0,1,0,1,1,0,0,5.9,6.7,"Vibrio cholerae,Hepatitis A virus,E. coli,Pseudomonas"
0,0,0,0,0,0,1,1,0,0,1,1,0,0,6.0,12.9,"Hepatitis A virus,Pseudomonas"
0,0,1,1,0,1,0,1,1,1,0,0,1,0,9.0,0.2,"Hepatitis A virus,Shigella spp."
1,0,0,0,0,0,1,0,1,1,0,1,0,1,7.2,12.4,"Salmonella typhi,Hepatitis A virus,E. coli,Cryptosporidium"
0,0,1,1,1,1,1,1,1,1,1,1,0,0,5.1,6.1,"Salmonella typhi,Hepatitis A virus,Shigella spp.,E. coli,Giardia lamblia,Leptospira,Pseudomonas"
0,1,1,1,0,1,0,1,1,0,0,0,1,1,6.1,11.3,"Vibrio cholerae,Salmonella typhi,Hepatitis A virus,Shigella spp.,E. coli,Giardia lamblia"
1,0,0,1,0,1,1,1,1,1,0,0,0,1,8.8,13.3,"Salmonella typhi,Hepatitis A virus,E. coli,Giardia lamblia,Cryptosporidium"
0,1,1,1,0,1,0,0,1,0,1,0,0,0,5.8,10.8,"Vibrio cholerae,Hepatitis A virus,Shigella spp.,E. coli,Giardia lamblia,Pseudomonas"
1,1,0,1,0,0,0,1,0,1,1,1,1,1,7.2,10.8,"Hepatitis A virus,Shigella spp.,Giardia lamblia,Pseudomonas"
1,1,0,1,0,0,0,1,1,0,0,0,0,1,7.8,9.0,"Shigella spp.,E. coli,Giardia lamblia,Cryptosporidium"
1,1,1,0,1,0,0,0,1,0,1,0,0,1,6.3,12.0,"Vibrio cholerae,Salmonella typhi,Hepatitis A virus,E. coli,Giardia lamblia,Pseudomonas,Cryptosporidium"
0,1,0,1,1,1,1,0,0,0,0,0,1,1,7.3,11.8,"Salmonella typhi,Hepatitis A virus,Shigella spp.,E. coli"
1,0,0,1,0,1,0,1,1,1,1,1,0,0,8.0,2.1,"Salmonella typhi,Hepatitis A virus,Shigella spp.,Pseudomonas"
1,0,0,1,1,0,0,1,1,0,0,0,0,1,5.8,4.2,"E. coli,Giardia lamblia"
1,0,1,0,0,0,1,0,1,0,1,0,1,0,6.9,4.6,"Salmonella typhi,Hepatitis A virus,Shigella spp.,E. coli,Pseudomonas"
0,0,1,1,0,1,0,0,1,0,0,1,1,0,7.7,14.1,"Salmonella typhi,Hepatitis A virus,E. coli,Giardia lamblia"
0,0,0,1,1,0,1,1,1,0,0,0,1,1,6.5,7.6,"Hepatitis A virus,Shigella spp.,E. coli,Giardia lamblia"
0,1,0,1,0,0,0,1,1,1,1,1,1,1,8.8,3.8,"Hepatitis A virus,Shigella spp.,Giardia lamblia,Pseudomonas"
1,0,0,1,0,1,0,1,0,1,1,1,1,0,5.0,8.7,"Vibrio cholerae,Salmonella typhi,Shigella spp.,E. coli,Giardia lamblia,Pseudomonas,Cryptosporidium"
1,0,1,0,1,1,0,1,1,0,0,0,1,1,8.9,14.3,"Salmonella typhi,Hepatitis A virus,E. coli,Giardia lamblia,Cryptosporidium"
1,1,0,1,0,1,0,1,0,0,1,0,1,0,5.1,4.7,"Salmonella typhi,Hepatitis A virus,Giardia lamblia,Pseudomonas"
1,1,0,1,0,1,1,1,0,1,0,0,1,1,7.5,12.2,"Salmonella typhi,Hepatitis A virus,E. coli,Giardia lamblia,Cryptosporidium"
1,0,1,1,0,0,0,1,1,0,1,0,1,1,8.2,0.3,"Hepatitis A virus,Shigella spp.,Pseudomonas"
0,0,1,0,0,0,1,1,1,0,1,1,0,1,6.4,2.5,"Salmonella typhi,Hepatitis A virus,Leptospira,Pseudomonas"
0,1,1,0,1,1,0,1,0,1,0,0,0,0,8.6,13.0,"Hepatitis A virus,Giardia lamblia"
1,0,1,0,0,1,1,1,0,1,0,0,1,0,5.2,14.0,"Vibrio cholerae,Hepatitis A virus,Shigella spp.,E. coli,Cryptosporidium"
0,0,0,1,1,1,1,0,1,0,1,0,0,1,5.3,5.0,"Salmonella typhi,Hepatitis A virus,Shigella spp.,E. coli,Pseudomonas"
0,1,0,1,1,0,1,1,1,1,0,0,1,1,5.5,12.1,"Vibrio cholerae,Hepatitis A virus,Shigella spp.,E. coli,Giardia lamblia"
1,1,1,1,0,1,0,1,1,1,0,0,0,0,6.9,13.1,"Vibrio cholerae,Salmonella typhi,Hepatitis A virus,E. coli,Giardia lamblia,Cryptosporidium"
1,0,1,0,0,0,1,0,0,0,1,0,1,0,6.1,10.1,"Vibrio cholerae,Pseudomonas,Cryptosporidium"
0,0,1,0,1,1,0,1,0,0,1,1,0,1,8.3,12.5,"Salmonella typhi,Hepatitis A virus,Giardia lamblia,Leptospira,Pseudomonas"
1,1,0,1,0,1,0,0,1,1,1,1,1,1,7.7,0.4,"Hepatitis A virus,Pseudomonas"
0,0,1,1,0,1,1,0,1,1,0,1,0,0,5.5,7.0,"Hepatitis A virus,Shigella spp.,E. coli,Giardia lamblia,Leptospira"
1,0,1,0,0,1,1,1,1,0,0,0,0,0,8.8,13.7,"Hepatitis A virus,E. coli,Cryptosporidium"
1,1,1,0,0,1,0,0,1,1,0,1,0,1,5.5,6.2,"Salmonella typhi,Hepatitis A virus,E. coli,Leptospira,Cryptosporidium"
1,0,1,1,1,1,1,1,0,0,0,0,1,0,5.6,11.6,"Vibrio cholerae,Salmonella typhi,Hepatitis A virus,Shigella spp.,E. coli,Giardia lamblia,Cryptosporidium"
1,0,1,1,1,1,1,0,0,1,1,1,1,0,5.1,11.0,"Vibrio cholerae,Salmonella typhi,Hepatitis A virus,Shigella spp.,Giardia lamblia,Leptospira,Pseudomonas,Cryptosporidium"
0,0,1,1,1,1,0,1,0,0,1,0,1,0,9.0,13.6,"Salmonella typhi,Shigella spp.,Giardia lamblia,Pseudomonas"
1,1,1,1,0,1,0,1,0,1,0,0,1,1,5.7,11.7,"Vibrio cholerae,Salmonella typhi,Hepatitis A virus,Shigella spp.,E. coli,Giardia lamblia,Cryptosporidium"
0,0,1,1,0,1,0,1,1,1,0,1,0,0,8.3,6.9,"Hepatitis A virus,Shigella spp.,E. coli,Giardia lamblia,Leptospira"
1,0,1,0,0,0,1,0,1,0,0,0,1,0,6.8,0.6,"Hepatitis A virus,Shigella spp."
0,1,0,0,1,1,1,1,0,1,0,1,1,0,5.6,1.6,Shigella spp.
1,1,0,1,1,0,0,1,1,1,1,1,0,0,5.9,3.6,"Hepatitis A virus,Shigella spp.,Pseudomonas"
0,0,1,0,1,1,1,1,1,1,1,0,1,0,6.3,0.1,"Hepatitis A virus,Pseudomonas"
0,0,0,1,0,0,0,1,0,0,1,1,0,0,6.9,4.1,"Shigella spp.,E. coli,Giardia lamblia,Pseudomonas"
1,1,1,0,1,0,1,0,0,0,1,1,1,0,7.8,12.3,"Salmonella typhi,Hepatitis A virus,Shigella spp.,E. coli,Giardia lamblia,Leptospira,Pseudomonas"
1,1,0,1,0,1,1,1,0,1,0,0,0,0,6.1,8.8,"Vibrio cholerae,Salmonella typhi,Hepatitis A virus,Shigella spp.,E. coli,Giardia lamblia,Cryptosporidium"
1,1,1,0,0,1,0,1,0,1,1,0,1,1,8.2,14.4,"Salmonella typhi,Hepatitis A virus,Shigella spp.,E. coli,Pseudomonas"
0,0,1,1,1,0,1,1,1,0,0,0,1,0,7.0,6.2,"Salmonella typhi,Hepatitis A virus,Shigella spp.,E. coli,Giardia lamblia"
0,0,1,0,0,0,0,1,1,1,0,0,1,0,8.6,13.0,"Salmonella typhi,Hepatitis A virus,Shigella spp."
0,0,0,1,0,1,1,0,1,0,1,0,0,1,8.9,9.1,"Salmonella typhi,Hepatitis A virus,Shigella spp.,E. coli,Giardia lamblia,Pseudomonas"
0,1,0,0,1,1,1,0,0,1,0,0,1,1,6.2,13.5,"Vibrio cholerae,Salmonella typhi,Hepatitis A virus,Shigella spp.,Giardia lamblia"
1,0,1,0,1,0,0,1,0,1,0,1,1,1,7.1,6.0,"Salmonella typhi,Hepatitis A virus,Shigella spp.,E. coli,Giardia lamblia,Cryptosporidium"
1,0,0,1,0,0,1,0,1,1,1,1,1,0,8.9,11.8,"Salmonella typhi,Hepatitis A virus,Shigella spp.,Giardia lamblia,Pseudomonas"
1,0,1,1,0,1,0,1,0,1,1,1,1,0,5.5,13.9,"Vibrio cholerae,Salmonella typhi,Giardia lamblia,Pseudomonas,Cryptosporidium"
0,0,0,1,1,1,0,1,0,0,0,0,0,1,5.7,2.8,"Salmonella typhi,Hepatitis A virus,Shigella spp."
1,1,1,1,0,1,0,1,1,0,1,1,0,0,9.0,14.0,"Salmonella typhi,Hepatitis A virus,Shigella spp.,E. coli,Giardia lamblia,Leptospira,Pseudomonas"
0,0,1,0,0,0,1,0,0,1,1,0,1,1,6.1,14.5,"Salmonella typhi,Shigella spp.,Pseudomonas"
1,0,0,1,0,0,0,1,0,0,1,1,0,0,7.8,2.5,"Hepatitis A virus,Shigella spp."
1,0,1,1,0,1,0,1,0,1,0,0,0,0,5.0,10.4,"Vibrio cholerae,Hepatitis A virus,Shigella spp.,E. coli,Giardia lamblia,Cryptosporidium"
1,0,1,0,0,1,0,0,1,0,1,1,0,1,7.2,12.1,"Salmonella typhi,Hepatitis A virus,Leptospira,Pseudomonas,Cryptosporidium"
1,1,1,1,0,0,1,0,0,1,1,1,1,1,8.7,14.1,"Salmonella typhi,E. coli,Giardia lamblia,Leptospira,Pseudomonas"
0,0,1,1,1,1,1,1,1,0,1,1,0,1,6.4,7.4,"Salmonella typhi,Hepatitis A virus,Shigella spp.,E. coli,Giardia lamblia,Leptospira,Pseudomonas"
1,1,0,1,1,0,0,1,0,1,0,1,0,0,7.8,6.0,"Shigella spp.,E. coli,Giardia lamblia,Cryptosporidium"
0,0,0,1,0,0,1,0,0,0,0,1,0,0,8.4,12.2,"Salmonella typhi,Shigella spp.,E. coli"
1,0,1,0,1,0,0,1,1,1,0,1,1,1,8.6,1.6,"Hepatitis A virus,Leptospira"
0,0,1,0,1,0,1,1,0,1,1,1,0,0,8.7,13.8,"Salmonella typhi,Hepatitis A virus,Giardia lamblia,Pseudomonas"
1,0,1,1,0,1,0,1,0,0,0,1,1,1,5.6,7.1,"Vibrio cholerae,Hepatitis A virus,Shigella spp.,E. coli,Giardia lamblia,Leptospira"
0,1,0,0,0,0,1,1,0,1,0,0,0,0,7.0,11.0,"Salmonella typhi,Hepatitis A virus"
0,0,1,0,1,0,0,1,0,1,0,0,0,0,8.2,8.1,Giardia lamblia
0,1,0,1,0,0,0,1,0,1,1,0,1,0,5.4,1.1,"Hepatitis A virus,Pseudomonas"
0,0,0,1,1,0,1,1,0,0,1,0,1,1,6.2,8.2,"Salmonella typhi,E. coli,Giardia lamblia,Pseudomonas"
1,1,1,1,1,1,1,0,1,1,1,0,0,0,5.9,0.3,"Hepatitis A virus,Shigella spp.,Pseudomonas"
0,1,0,1,1,0,0,1,0,1,1,1,0,1,7.7,0.2,"Hepatitis A virus,Shigella spp.,Pseudomonas"
0,0,1,0,0,1,1,1,0,0,0,0,0,1,8.7,3.1,Salmonella typhi
1,0,0,0,0,1,0,0,0,0,0,1,0,0,7.9,5.3,Cryptosporidium
0,0,1,1,0,1,0,0,0,0,1,0,0,1,8.1,13.4,"Salmonella typhi,Shigella spp.,E. coli,Giardia lamblia"
0,0,0,0,0,1,0,0,0,0,0,0,0,1,7.2,12.8,Salmonella typhi
0,0,1,0,1,1,0,1,1,1,0,1,0,1,7.4,1.5,Leptospira
1,1,1,1,0,0,1,1,1,0,0,1,1,0,8.2,14.9,"Salmonella typhi,E. coli,Giardia lamblia,Cryptosporidium"
0,0,0,1,1,0,1,0,1,0,0,1,1,0,5.6,0.1,Shigella spp.
0,1,0,0,0,0,1,1,1,1,0,1,1,1,6.3,5.2,"Vibrio cholerae,Salmonella typhi,Hepatitis A virus"
0,0,1,0,1,0,1,0,0,0,0,1,1,1,5.4,9.5,"Salmonella typhi,Hepatitis A virus,Shigella spp.,Giardia lamblia,Leptospira"
0,0,0,1,0,0,1,1,1,0,1,1,1,0,5.4,10.7,"Hepatitis A virus,Shigella spp.,E. coli,Giardia lamblia,Pseudomonas"
1,1,1,0,1,1,0,1,1,1,0,0,1,1,7.5,10.3,"Salmonella typhi,Hepatitis A virus,Shigella spp.,E. coli,Giardia lamblia"
0,1,0,0,1,0,1,0,1,1,1,1,0,0,7.4,11.9,"Hepatitis A virus,Giardia lamblia,Pseudomonas"
0,0,1,1,1,0,0,1,0,0,0,1,0,1,8.4,12.8,"Salmonella typhi,Hepatitis A virus,Shigella spp.,Giardia lamblia,Leptospira"
1,1,1,0,0,0,0,1,0,1,1,1,0,0,6.8,14.7,"Vibrio cholerae,Salmonella typhi,Hepatitis A virus,E. coli,Leptospira,Pseudomonas,Cryptosporidium"
1,1,1,1,0,1,1,0,1,1,1,0,0,1,5.8,14.2,"Vibrio cholerae,Salmonella typhi,Hepatitis A virus,E. coli,Giardia lamblia,Pseudomonas,Cryptosporidium"
0,0,0,1,1,1,0,1,1,0,1,1,0,1,7.0,9.8,"Salmonella typhi,Hepatitis A virus,Shigella spp.,E. coli,Giardia lamblia,Pseudomonas"
0,1,0,0,1,1,0,0,0,1,0,0,1,1,5.5,5.0,"Salmonella typhi,Hepatitis A virus,Shigella spp.,Giardia lamblia"
1,0,0,1,1,0,1,0,1,0,1,0,0,1,7.3,12.4,"Salmonella typhi,Hepatitis A virus,E. coli,Giardia lamblia,Pseudomonas"
0,1,0,1,0,1,1,1,1,0,0,1,1,0,5.8,0.7,Shigella spp.
1,0,0,0,0,1,1,0,0,1,1,1,0,0,5.8,3.3,Pseudomonas
0,0,0,1,1,0,1,1,1,0,1,1,1,1,8.6,8.4,"Salmonella typhi,Hepatitis A virus,Shigella spp.,E. coli,Giardia lamblia,Pseudomonas"
1,0,0,1,0,1,1,1,0,1,1,1,1,1,6.0,10.4,"Vibrio cholerae,Salmonella typhi,Hepatitis A virus,Shigella spp.,E. coli,Pseudomonas,Cryptosporidium"
1,0,1,1,1,1,0,0,0,0,0,0,0,0,5.3,7.7,"Vibrio cholerae,Salmonella typhi,Hepatitis A virus,Shigella spp.,E. coli,Giardia lamblia,Cryptosporidium"
1,0,0,1,1,1,1,1,1,1,0,0,0,1,6.4,9.1,"Vibrio cholerae,Salmonella typhi,Shigella spp.,E. coli,Giardia lamblia,Cryptosporidium"
1,0,0,0,1,1,0,1,0,0,1,1,1,0,6.1,13.2,"Vibrio cholerae,Salmonella typhi,Hepatitis A virus,Shigella spp.,E. coli,Giardia lamblia,Cryptosporidium"
1,0,0,1,1,1,0,1,1,1,1,1,1,1,9.0,5.3,"Shigella spp.,E. coli,Giardia lamblia,Pseudomonas,Cryptosporidium"
1,0,1,1,1,0,0,0,0,0,1,0,0,1,7.5,0.1,"Hepatitis A virus,Shigella spp.,Pseudomonas"
1,1,0,1,0,1,0,0,1,0,0,0,0,0,6.7,2.7,"Salmonella typhi,Hepatitis A virus,Shigella spp."
1,0,1,1,1,0,1,1,1,1,1,1,1,0,5.8,2.4,"Salmonella typhi,Shigella spp.,Leptospira,Pseudomonas"
0,1,0,1,1,1,0,1,0,1,0,0,0,0,6.0,3.6,"Salmonella typhi,Hepatitis A virus,Shigella spp.,Giardia lamblia"
0,0,1,0,0,0,1,1,0,1,0,0,0,1,5.0,12.0,"Salmonella typhi,Hepatitis A virus"
0,1,1,1,1,1,1,1,0,1,0,0,1,0,5.3,11.5,"Vibrio cholerae,Salmonella typhi,Hepatitis A virus,Shigella spp.,E. coli,Giardia lamblia"
0,1,1,1,0,1,0,0,1,1,0,0,0,1,7.0,8.8,"Hepatitis A virus,E. coli,Giardia lamblia"
1,0,0,1,0,0,1,0,1,0,1,1,1,0,7.9,11.4,"Salmonella typhi,Hepatitis A virus,Shigella spp.,E. coli,Giardia lamblia,Pseudomonas,Cryptosporidium"
1,0,0,0,1,0,1,0,0,0,0,0,1,1,6.4,5.7,"Vibrio cholerae,Salmonella typhi,Hepatitis A virus,Shigella spp.,E. coli,Giardia lamblia,Cryptosporidium"
1,0,0,0,0,1,1,1,1,0,1,0,1,1,8.2,4.4,"Salmonella typhi,Hepatitis A virus,Pseudomonas"
1,1,0,1,0,1,1,0,0,0,0,0,0,0,8.0,10.2,"Salmonella typhi,Shigella spp.,E. coli,Giardia lamblia,Cryptosporidium"
1,1,1,0,0,0,1,1,0,0,1,1,0,0,8.4,4.5,"Salmonella typhi,Hepatitis A virus,E. coli,Leptospira,Pseudomonas"
0,0,0,0,1,0,1,1,1,0,0,0,1,1,6.2,7.0,"Salmonella typhi,Hepatitis A virus,Shigella spp."
1,0,0,1,1,1,1,1,1,0,1,0,0,1,6.6,4.3,"Salmonella typhi,Hepatitis A virus,Shigella spp.,E. coli,Pseudomonas"
1,0,0,1,0,0,1,0,0,0,0,0,1,0,7.1,11.1,"Shigella spp.,E. coli,Giardia lamblia,Cryptosporidium"
0,0,1,1,0,1,1,0,1,0,0,1,1,0,7.4,3.0,"Salmonella typhi,Hepatitis A virus,Shigella spp.,Leptospira"
1,0,0,1,1,1,1,1,0,1,0,1,1,1,5.7,12.1,"Vibrio cholerae,Salmonella typhi,Hepatitis A virus,Shigella spp.,E. coli,Giardia lamblia,Cryptosporidium"
1,0,1,0,0,1,0,1,1,1,0,1,0,0,5.5,7.3,"Vibrio cholerae,Salmonella typhi,Hepatitis A virus,E. coli,Leptospira,Cryptosporidium"
0,1,1,0,1,1,0,0,1,0,0,1,1,0,8.7,5.6,"Salmonella typhi,Hepatitis A virus,Shigella spp.,Giardia lamblia,Leptospira"
0,0,1,1,0,1,0,0,0,0,1,1,0,1,7.0,2.8,"Salmonella typhi,Shigella spp.,Leptospira,Pseudomonas"
1,0,0,1,1,0,0,1,0,0,1,0,1,0,5.8,6.6,"Vibrio cholerae,Shigella spp.,E. coli,Giardia lamblia,Pseudomonas"
1,0,1,1,1,1,0,0,1,1,0,1,0,0,6.5,4.1,"Salmonella typhi,Hepatitis A virus,Shigella spp.,E. coli,Giardia lamblia"
1,1,1,0,0,1,0,1,1,1,1,1,1,0,6.2,9.6,"Vibrio cholerae,Hepatitis A virus,Shigella spp.,E. coli,Leptospira,Pseudomonas,Cryptosporidium"
1,0,0,0,1,0,0,0,1,0,0,1,0,0,8.1,14.7,"E. coli,Cryptosporidium"
0,1,0,1,0,1,0,0,0,1,0,0,0,0,8.1,8.2,"Salmonella typhi,Shigella spp.,Giardia lamblia"
0,1,1,1,1,0,0,1,0,0,0,0,1,0,7.2,10.1,"Salmonella typhi,Hepatitis A virus,Shigella spp.,E. coli,Giardia lamblia"
1,0,0,0,0,1,1,0,1,1,1,1,1,1,5.8,4.8,"Hepatitis A virus,Shigella spp.,E. coli,Pseudomonas"
0,0,0,1,0,0,1,1,0,0,1,0,0,0,6.6,2.8,"Salmonella typhi,Shigella spp.,Pseudomonas"
0,0,0,1,0,0,1,1,1,1,1,1,0,1,6.3,14.1,"Hepatitis A virus,Shigella spp.,E. coli,Giardia lamblia,Pseudomonas"
0,0,0,1,0,0,1,0,1,0,0,1,0,1,5.1,5.3,"Salmonella typhi,Hepatitis A virus,Shigella spp.,E. coli,Giardia lamblia"
1,1,1,0,0,0,1,1,1,1,1,0,0,1,8.3,10.7,"Salmonella typhi,Hepatitis A virus,E. coli,Pseudomonas,Cryptosporidium"
1,0,1,0,0,1,0,0,0,0,0,1,0,1,8.7,9.1,"Salmonella typhi,E. coli,Leptospira,Cryptosporidium"
1,1,1,0,0,1,0,1,1,0,0,1,1,1,5.6,1.2,"Hepatitis A virus,Shigella spp.,Leptospira"
1,1,0,1,1,1,1,0,1,1,1,0,0,1,5.0,12.3,"Vibrio cholerae,Salmonella typhi,Shigella spp.,E. coli,Giardia lamblia,Pseudomonas,Cryptosporidium"
1,1,1,0,1,0,0,1,1,0,0,1,0,1,8.9,6.0,"Hepatitis A virus,Giardia lamblia,Leptospira,Cryptosporidium"
0,0,0,0,0,0,1,1,0,1,0,1,0,0,5.9,8.6,"Salmonella typhi,Hepatitis A virus"
0,1,0,1,0,1,1,0,0,1,0,0,1,1,5.9,4.1,Giardia lamblia
0,1,1,1,1,1,1,1,1,0,1,1,0,1,8.2,0.0,"Hepatitis A virus,Shigella spp.,Leptospira"
0,0,0,1,0,1,0,1,0,1,0,1,0,0,8.3,14.4,"Salmonella typhi,Shigella spp.,E. coli,Giardia lamblia"
0,1,0,0,1,1,0,1,1,1,1,1,1,0,5.4,15.0,"Vibrio cholerae,Hepatitis A virus,Shigella spp.,Giardia lamblia,Pseudomonas"
1,1,0,0,0,1,0,1,1,1,1,0,0,0,7.3,3.1,"Salmonella typhi,Hepatitis A virus,Pseudomonas"
0,0,1,0,1,1,1,1,1,0,0,1,1,0,7.6,3.1,"Salmonella typhi,Hepatitis A virus,Leptospira"
1,1,0,1,0,1,0,1,1,0,1,1,1,0,8.5,9.5,"Salmonella typhi,Hepatitis A virus,Shigella spp.,E. coli,Pseudomonas,Cryptosporidium"
1,1,0,1,1,0,1,1,1,1,0,1,0,0,7.2,13.1,"Salmonella typhi,Hepatitis A virus,Shigella spp.,Giardia lamblia"
0,1,0,0,1,1,0,1,0,1,1,1,1,0,6.4,10.4,"Vibrio cholerae,Salmonella typhi,Hepatitis A virus,Shigella spp.,Giardia lamblia,Pseudomonas"
0,1,1,0,0,0,1,1,1,0,1,0,0,0,8.9,8.8,"Salmonella typhi,Hepatitis A virus,Pseudomonas"
0,1,1,0,1,1,1,1,0,0,0,0,1,1,6.0,4.1,"Salmonella typhi,Hepatitis A virus,Giardia lamblia"
0,0,1,1,0,0,1,0,0,1,1,0,0,1,8.7,14.5,"Salmonella typhi,Shigella spp.,E. coli,Giardia lamblia,Pseudomonas"
0,0,0,0,1,0,0,1,0,0,0,1,0,0,6.4,2.0,Hepatitis A virus
1,0,1,0,1,0,0,1,0,0,1,0,1,0,5.5,1.7,"Shigella spp.,Pseudomonas"
0,1,1,0,1,1,0,1,0,1,0,0,1,1,8.3,5.4,"Salmonella typhi,Hepatitis A virus,Shigella spp.,Giardia lamblia"
1,1,1,0,0,1,1,1,1,0,0,1,1,0,8.6,4.0,"Salmonella typhi,Hepatitis A virus,Shigella spp.,Leptospira"
0,1,1,1,0,0,0,1,0,1,0,1,1,0,9.0,6.0,"Hepatitis A virus,Shigella spp.,E. coli,Leptospira"
0,1,0,1,0,1,0,1,0,0,1,0,1,1,5.6,2.9,"Salmonella typhi,Hepatitis A virus,Shigella spp.,Pseudomonas"
0,0,1,1,1,0,1,0,0,0,0,0,1,0,7.4,7.8,"Salmonella typhi,Hepatitis A virus,Shigella spp.,Giardia lamblia"
0,1,1,0,0,1,1,0,0,1,1,1,1,1,6.3,1.8,"Shigella spp.,Leptospira,Pseudomonas"
0,1,0,1,1,1,0,0,1,0,1,0,1,1,5.5,3.0,"Salmonella typhi,Hepatitis A virus,Shigella spp.,Pseudomonas"
0,1,0,1,0,1,1,0,1,0,0,0,1,1,7.0,11.8,"Salmonella typhi,Hepatitis A virus,Shigella spp.,E. coli"
0,1,0,1,0,0,1,1,1,1,1,1,0,1,7.0,0.3,"Hepatitis A virus,Shigella spp.,Pseudomonas"
0,1,1,1,1,1,1,1,0,1,1,1,1,0,7.5,12.3,"Salmonella typhi,Hepatitis A virus,Shigella spp.,E. coli,Pseudomonas"
1,0,0,1,1,0,1,1,0,1,0,1,0,1,7.0,4.9,"Hepatitis A virus,Shigella spp.,E. coli,Giardia lamblia"
0,1,1,0,1,0,1,1,1,0,1,0,0,1,9.0,3.3,Pseudomonas
1,0,1,0,1,0,1,0,0,0,1,0,0,0,7.3,6.1,"Salmonella typhi,Hepatitis A virus,E. coli,Pseudomonas,Cryptosporidium"
0,1,1,1,1,0,1,1,1,0,1,1,0,0,5.7,12.5,"Vibrio cholerae,Salmonella typhi,Hepatitis A virus,Shigella spp.,E. coli,Giardia lamblia,Leptospira,Pseudomonas"
1,0,1,0,0,1,0,1,1,0,0,1,0,0,7.6,9.7,"Salmonella typhi,Hepatitis A virus,E. coli,Leptospira,Cryptosporidium"
1,1,1,0,1,0,1,0,1,0,1,1,1,1,6.3,4.4,"Salmonella typhi,Hepatitis A virus,Shigella spp.,E. coli,Giardia lamblia,Leptospira,Pseudomonas"
0,0,0,0,1,1,0,1,0,0,0,0,0,0,8.4,3.3,"Hepatitis A virus,Giardia lamblia"
1,0,0,1,0,0,1,1,0,1,0,0,1,1,8.6,8.8,"Hepatitis A virus,Shigella spp.,Giardia lamblia,Cryptosporidium"
1,0,1,0,0,1,0,0,1,1,0,1,1,1,5.3,10.4,"Vibrio cholerae,Salmonella typhi,Hepatitis A virus,Shigella spp.,E. coli,Leptospira,Cryptosporidium"
0,1,0,1,0,1,1,0,1,1,1,0,0,0,7.7,1.0,"Hepatitis A virus,Shigella spp.,Pseudomonas"
0,0,1,1,0,1,0,1,0,1,1,0,1,0,8.0,14.7,"Salmonella typhi,Hepatitis A virus,Shigella spp.,E. coli,Pseudomonas"
1,1,1,1,0,1,0,1,1,0,1,1,0,1,5.1,5.1,"Vibrio cholerae,Salmonella typhi,Hepatitis A virus,Shigella spp.,E. coli,Giardia lamblia,Pseudomonas,Cryptosporidium"
0,1,1,1,1,1,1,0,1,1,0,0,1,1,7.0,4.4,"Salmonella typhi,Hepatitis A virus,Shigella spp.,E. coli,Giardia lamblia"
1,0,0,1,1,1,0,1,1,1,1,0,0,1,6.8,10.6,"Vibrio cholerae,Hepatitis A virus,Shigella spp.,E. coli,Giardia lamblia,Pseudomonas,Cryptosporidium"
1,1,1,1,0,0,1,1,1,0,1,0,1,1,7.4,14.4,"Salmonella typhi,Hepatitis A virus,E. coli,Giardia lamblia,Pseudomonas"
1,1,0,1,1,1,1,0,0,0,1,0,0,0,8.6,0.8,"Hepatitis A virus,Shigella spp.,Pseudomonas"
0,0,1,1,1,1,0,1,0,1,1,0,0,0,8.9,11.4,"Salmonella typhi,Hepatitis A virus,Shigella spp.,E. coli,Giardia lamblia,Pseudomonas"
1,1,0,1,1,0,1,0,0,0,0,0,1,1,7.3,14.9,"Salmonella typhi,E. coli,Giardia lamblia,Cryptosporidium"
1,1,1,1,0,0,0,0,0,0,1,0,1,1,8.3,12.8,"Salmonella typhi,E. coli,Giardia lamblia,Pseudomonas,Cryptosporidium"
1,0,1,0,0,0,0,1,1,1,0,0,1,0,6.9,12.8,"Vibrio cholerae,Salmonella typhi,Hepatitis A virus,Shigella spp.,Cryptosporidium"
0,1,0,0,0,1,0,0,0,0,0,1,0,1,7.4,0.9,None
0,1,0,1,1,1,1,0,0,1,1,0,0,1,7.5,8.5,"Salmonella typhi,Hepatitis A virus,Shigella spp.,Giardia lamblia,Pseudomonas"
1,1,0,0,0,0,0,1,0,0,0,0,1,0,8.2,3.2,Shigella spp.
1,0,0,1,1,1,1,1,0,1,1,0,0,0,5.8,7.3,"Vibrio cholerae,Hepatitis A virus,Shigella spp.,E. coli,Giardia lamblia,Pseudomonas,Cryptosporidium"
1,1,1,1,1,0,0,0,1,1,0,1,0,1,8.2,0.8,"Hepatitis A virus,Shigella spp.,Leptospira"
1,1,1,0,0,0,1,0,0,0,0,1,0,1,8.7,2.4,"Salmonella typhi,Leptospira"
0,0,1,1,0,1,1,0,0,1,0,0,1,0,8.4,12.3,"Salmonella typhi,Shigella spp.,E. coli"
1,0,0,1,0,0,0,1,0,1,0,0,0,0,5.1,11.6,"Vibrio cholerae,Hepatitis A virus,Shigella spp.,E. coli,Cryptosporidium"
0,1,0,1,1,0,0,1,0,1,1,0,0,1,7.6,2.1,"Hepatitis A virus,Pseudomonas"
1,1,0,1,0,1,1,0,0,1,1,1,1,0,7.0,12.2,"Salmonella typhi,Shigella spp.,E. coli,Pseudomonas,Cryptosporidium"
1,1,1,0,1,1,0,0,0,0,1,1,0,1,7.7,14.1,"Salmonella typhi,Hepatitis A virus,E. coli,Giardia lamblia,Leptospira,Pseudomonas,Cryptosporidium"
0,0,1,0,1,1,0,1,0,0,0,0,0,0,5.5,12.1,"Salmonella typhi,Hepatitis A virus"
0,1,1,1,0,0,0,0,1,0,0,1,1,0,7.0,0.6,Leptospira
0,1,1,0,1,1,0,0,0,0,1,1,1,1,8.9,4.2,"Salmonella typhi,Hepatitis A virus,Shigella spp.,Giardia lamblia,Leptospira,Pseudomonas"
1,1,0,0,0,1,1,0,0,1,0,1,1,0,7.6,1.6,Shigella spp.
1,1,0,1,0,0,1,1,1,0,0,0,1,1,8.0,7.1,"Salmonella typhi,Hepatitis A virus,E. coli,Giardia lamblia,Cryptosporidium"
0,0,0,0,0,0,0,0,1,0,1,0,1,0,5.9,10.5,"Hepatitis A virus,Shigella spp.,Pseudomonas"
1,1,1,1,0,1,1,0,1,0,1,1,0,0,6.4,8.9,"Salmonella typhi,Hepatitis A virus,Shigella spp.,E. coli,Giardia lamblia,Leptospira,Pseudomonas,Cryptosporidium"
0,1,0,0,1,0,1,0,1,0,0,0,1,1,5.3,12.7,"Vibrio cholerae,Salmonella typhi,Hepatitis A virus,Shigella spp.,Giardia lamblia"
0,1,0,0,1,0,1,0,1,1,0,1,0,0,7.9,6.6,"Hepatitis A virus,Giardia lamblia"
1,1,1,0,1,1,1,0,0,1,1,0,0,1,8.6,10.1,"Hepatitis A virus,E. coli,Giardia lamblia,Pseudomonas,Cryptosporidium"
0,1,1,1,1,0,1,1,0,1,1,1,1,0,8.3,5.3,"Salmonella typhi,Hepatitis A virus,Shigella spp.,E. coli,Giardia lamblia,Leptospira,Pseudomonas"
1,1,1,1,1,1,0,0,1,1,0,0,0,1,8.7,8.0,"Salmonella typhi,Hepatitis A virus,Shigella spp.,E. coli,Giardia lamblia"
1,1,0,1,0,0,1,1,1,0,1,1,0,1,7.4,5.4,"Salmonella typhi,Hepatitis A virus,Shigella spp.,E. coli,Giardia lamblia,Pseudomonas,Cryptosporidium"
0,1,1,1,1,0,1,0,1,1,0,1,1,0,8.1,9.1,"Shigella spp.,E. coli,Leptospira"
0,1,1,1,0,0,1,1,1,1,1,1,1,0,6.3,11.7,"Vibrio cholerae,Salmonella typhi,Hepatitis A virus,E. coli,Giardia lamblia,Pseudomonas"
1,0,1,1,1,1,1,0,1,0,0,1,0,0,6.4,4.6,"Salmonella typhi,Hepatitis A virus,E. coli,Leptospira"
0,0,0,0,1,0,1,0,0,1,1,1,0,0,7.4,5.8,"Salmonella typhi,Hepatitis A virus"
1,0,0,1,0,1,1,0,1,0,0,1,0,0,8.5,5.7,"Salmonella typhi,Hepatitis A virus,Shigella spp.,E. coli,Giardia lamblia"
0,1,1,0,0,0,1,0,0,0,0,1,0,0,8.1,4.5,"Salmonella typhi,Leptospira"
0,0,0,0,0,1,0,0,1,0,1,1,0,0,8.5,13.2,"Salmonella typhi,Hepatitis A virus,Pseudomonas"
1,0,0,0,1,1,0,0,1,1,0,0,0,1,6.9,5.1,"Vibrio cholerae,Salmonella typhi,Hepatitis A virus,E. coli,Cryptosporidium"
0,0,0,1,1,0,0,1,0,1,0,1,0,0,6.2,8.9,"Hepatitis A virus,Shigella spp.,E. coli"
0,0,0,0,0,1,1,0,1,1,0,1,1,0,7.2,5.7,"Salmonella typhi,Hepatitis A virus"
0,0,0,0,1,1,0,0,0,0,1,0,0,0,8.3,5.1,"Salmonella typhi,Giardia lamblia,Pseudomonas"
1,1,0,1,1,0,1,1,0,1,1,0,0,0,5.4,6.8,"Vibrio cholerae,Salmonella typhi,Hepatitis A virus,E. coli,Giardia lamblia,Pseudomonas"
1,1,1,1,1,1,1,1,0,1,0,1,0,0,6.8,6.1,"Vibrio cholerae,Shigella spp.,E. coli,Giardia lamblia,Leptospira,Cryptosporidium"
0,1,0,1,0,1,1,0,0,1,0,0,0,0,6.1,12.1,"Vibrio cholerae,Salmonella typhi,E. coli,Giardia lamblia"
1,0,0,1,1,1,1,0,0,1,0,1,0,1,6.2,6.0,"Vibrio cholerae,Shigella spp.,E. coli,Giardia lamblia,Cryptosporidium"
1,1,0,0,1,1,0,0,1,0,0,0,0,0,8.2,14.4,"Salmonella typhi,Giardia lamblia"
0,1,1,1,1,0,1,0,0,0,0,0,0,0,6.7,5.6,"Vibrio cholerae,Salmonella typhi,Hepatitis A virus,Shigella spp.,E. coli,Giardia lamblia"
0,0,0,1,0,0,0,0,1,0,0,1,0,0,5.5,2.0,"Hepatitis A virus,Shigella spp."
1,1,1,0,1,1,0,0,0,0,1,0,1,1,8.5,5.1,"Salmonella typhi,Hepatitis A virus,Shigella spp.,E. coli,Giardia lamblia,Pseudomonas,Cryptosporidium"
1,0,1,1,1,1,1,1,1,1,0,0,1,0,7.7,6.8,"Salmonella typhi,Hepatitis A virus,Shigella spp.,E. coli,Giardia lamblia,Cryptosporidium"
0,1,0,1,0,0,1,1,1,0,0,1,0,1,9.0,14.1,"Salmonella typhi,Shigella spp.,E. coli"
1,0,0,0,0,1,0,0,1,0,0,1,1,1,7.0,11.3,"Salmonella typhi,Hepatitis A virus,Shigella spp.,E. coli,Cryptosporidium"
1,0,1,1,0,1,1,1,0,1,0,0,1,1,5.2,0.2,Hepatitis A virus
0,0,1,1,1,1,1,1,1,1,1,0,0,1,6.6,9.6,"Hepatitis A virus,Shigella spp.,E. coli,Giardia lamblia"
1,1,1,1,0,1,1,0,1,1,0,0,0,1,8.8,11.5,"Salmonella typhi,Hepatitis A virus,Shigella spp.,E. coli,Giardia lamblia,Cryptosporidium"
0,0,1,1,0,1,0,0,0,1,1,1,1,1,6.3,7.1,"Salmonella typhi,Shigella spp.,E. coli,Giardia lamblia,Pseudomonas"
0,1,0,0,1,0,1,0,1,0,0,1,0,0,8.1,6.4,"Salmonella typhi,Hepatitis A virus,Giardia lamblia"
1,1,0,1,1,0,1,1,1,0,1,1,0,1,8.7,5.7,"Salmonella typhi,Hepatitis A virus,Shigella spp.,E. coli,Pseudomonas,Cryptosporidium"
1,0,0,1,0,0,0,0,0,1,1,1,0,0,5.9,9.1,"Shigella spp.,E. coli,Giardia lamblia,Pseudomonas,Cryptosporidium"
0,0,1,1,1,1,1,0,1,1,1,0,1,1,6.4,5.9,"Salmonella typhi,Shigella spp.,E. coli,Giardia lamblia,Pseudomonas"
1,1,0,0,0,1,1,1,0,1,1,1,1,0,5.4,11.4,"Vibrio cholerae,Hepatitis A virus,Shigella spp.,E. coli,Pseudomonas,Cryptosporidium"
1,0,1,0,0,1,0,1,1,0,1,0,0,1,8.6,12.1,"Salmonella typhi,Hepatitis A virus,E. coli,Pseudomonas,Cryptosporidium"
0,0,0,1,0,1,0,0,1,0,0,1,1,0,8.9,11.9,"Salmonella typhi,Hepatitis A virus,Shigella spp.,E. coli,Giardia lamblia"
0,0,0,1,1,0,0,1,1,0,0,1,1,1,5.2,9.7,"Hepatitis A virus,Shigella spp.,E. coli,Giardia lamblia"
0,1,1,0,1,0,1,0,0,1,0,1,0,1,8.0,7.4,"Hepatitis A virus,Giardia lamblia,Leptospira"
0,1,0,1,0,1,1,0,1,0,0,1,1,1,6.7,2.2,"Salmonella typhi,Hepatitis A virus,Shigella spp."
1,0,0,1,1,1,0,0,0,1,1,0,0,0,8.9,14.1,"Salmonella typhi,Shigella spp.,E. coli,Giardia lamblia,Pseudomonas,Cryptosporidium"
0,0,1,0,0,1,0,1,1,0,1,1,1,0,7.4,13.5,"Salmonella typhi,Hepatitis A virus,Shigella spp.,Pseudomonas"
1,1,1,1,1,1,0,0,1,0,0,1,1,1,6.6,14.7,"Vibrio cholerae,Salmonella typhi,Hepatitis A virus,Shigella spp.,E. coli,Leptospira,Cryptosporidium"
1,0,0,1,1,0,0,1,1,0,0,0,1,0,7.5,2.0,"Hepatitis A virus,Shigella spp."
1,1,0,0,0,1,0,0,0,1,1,0,0,0,7.6,8.5,"Salmonella typhi,E. coli,Pseudomonas,Cryptosporidium"
0,0,0,0,1,1,0,1,0,0,0,0,0,0,6.4,9.1,"Salmonella typhi,Hepatitis A virus,Giardia lamblia"
0,1,1,1,1,1,0,0,1,1,0,1,0,1,6.1,2.6,"Salmonella typhi,Hepatitis A virus,Shigella spp."
0,0,1,1,1,0,0,0,0,1,1,1,0,1,7.9,10.9,"Salmonella typhi,Hepatitis A virus,Shigella spp.,E. coli,Giardia lamblia,Leptospira,Pseudomonas"
1,1,1,0,0,0,0,0,1,1,1,0,1,0,6.6,0.9,"Hepatitis A virus,Shigella spp.,Pseudomonas"
1,1,1,0,1,0,1,0,0,0,1,1,0,0,6.3,2.4,"Salmonella typhi,Hepatitis A virus,Leptospira,Pseudomonas"
1,0,0,1,1,0,0,0,1,0,0,0,1,0,7.8,7.5,"Hepatitis A virus,Shigella spp.,E. coli,Giardia lamblia"
1,1,1,1,0,1,0,0,1,1,1,0,1,1,8.4,6.7,"Salmonella typhi,Hepatitis A virus,Shigella spp.,E. coli,Giardia lamblia,Pseudomonas"
1,1,1,0,0,1,0,0,1,0,1,1,1,1,8.3,5.4,"Salmonella typhi,Hepatitis A virus,Shigella spp.,E. coli,Leptospira,Pseudomonas"
1,1,1,0,1,0,1,0,1,1,1,1,0,0,7.4,4.1,"Salmonella typhi,E. coli,Giardia lamblia,Leptospira,Pseudomonas"
1,0,0,1,0,0,1,0,0,1,0,0,1,1,7.1,2.1,"Salmonella typhi,Shigella spp."
0,1,1,0,0,0,1,1,1,1,0,0,1,0,6.7,12.1,"Vibrio cholerae,Salmonella typhi,Hepatitis A virus,Shigella spp."
1,1,1,1,1,0,0,1,1,1,0,0,1,0,6.6,14.6,"Vibrio cholerae,Salmonella typhi,Hepatitis A virus,Shigella spp.,E. coli,Cryptosporidium"
1,0,0,0,1,1,0,1,1,1,0,0,1,0,7.6,3.0,Salmonella typhi
1,1,0,1,0,1,1,1,1,1,0,1,1,0,5.8,3.8,"Salmonella typhi,Shigella spp.,Giardia lamblia"
0,0,0,1,1,1,1,0,1,0,0,1,0,0,6.7,12.1,"Salmonella typhi,Hepatitis A virus,Shigella spp.,E. coli,Giardia lamblia"
1,0,1,0,0,0,1,0,1,1,1,1,1,1,6.7,3.3,"Hepatitis A virus,Shigella spp.,Leptospira,Pseudomonas"
1,0,1,0,0,1,1,1,0,1,0,1,0,1,7.4,14.3,"Salmonella typhi,Hepatitis A virus,E. coli,Cryptosporidium"
1,1,0,0,1,1,1,1,1,1,0,0,1,0,5.6,11.7,"Vibrio cholerae,Salmonella typhi,Shigella spp.,E. coli,Cryptosporidium"
1,0,0,1,0,1,1,1,1,1,1,0,1,1,7.5,3.7,"Salmonella typhi,Hepatitis A virus,Shigella spp.,Giardia lamblia,Pseudomonas"
1,1,1,1,1,0,1,0,0,0,0,1,0,0,7.1,7.5,"Salmonella typhi,Hepatitis A virus,Shigella spp.,E. coli,Giardia lamblia,Leptospira"
0,1,1,0,0,1,1,0,1,1,1,0,1,1,8.6,1.6,Hepatitis A virus
0,0,1,0,1,1,1,0,1,1,0,1,0,0,7.8,2.4,"Salmonella typhi,Hepatitis A virus,Leptospira"
0,0,0,1,1,0,1,0,1,0,0,0,1,1,8.5,11.2,"Salmonella typhi,Hepatitis A virus,Shigella spp.,E. coli,Giardia lamblia"
0,1,1,1,1,1,0,1,0,0,0,0,1,1,7.1,10.8,"Salmonella typhi,Hepatitis A virus,E. coli,Giardia lamblia"
0,1,1,0,1,1,0,0,1,1,0,0,0,0,5.2,12.8,"Vibrio cholerae,Salmonella typhi,Hepatitis A virus"
0,1,0,0,0,1,0,0,1,1,0,1,1,1,8.8,5.1,"Salmonella typhi,Hepatitis A virus,Shigella spp."
1,1,1,0,0,1,1,0,0,0,1,1,1,1,6.5,6.1,"Vibrio cholerae,Shigella spp.,E. coli,Pseudomonas"
1,1,1,0,1,0,1,1,0,1,1,0,1,0,5.5,1.5,"Hepatitis A virus,Shigella spp.,Pseudomonas"
1,1,0,1,1,1,1,0,1,0,1,0,0,0,6.7,8.3,"Vibrio cholerae,Salmonella typhi,Hepatitis A virus,Shigella spp.,E. coli,Pseudomonas,Cryptosporidium"
1,0,1,1,1,1,1,1,0,0,1,0,1,0,5.9,9.2,"Vibrio cholerae,Hepatitis A virus,Shigella spp.,E. coli,Giardia lamblia,Pseudomonas,Cryptosporidium"
0,1,1,0,0,0,0,0,0,1,0,0,1,0,5.4,14.5,"Vibrio cholerae,Salmonella typhi"
1,1,0,0,0,1,0,0,0,0,1,1,0,1,7.0,1.5,Pseudomonas
0,1,0,1,1,0,0,0,1,1,1,1,1,0,8.1,12.7,"Hepatitis A virus,Shigella spp.,E. coli,Giardia lamblia,Pseudomonas"
1,1,0,1,1,1,1,0,1,0,0,0,0,1,5.5,10.5,"Vibrio cholerae,Salmonella typhi,Hepatitis A virus,Giardia lamblia"
1,1,0,1,1,1,0,1,1,1,0,1,1,1,7.6,0.6,"Hepatitis A virus,Shigella spp."
1,1,1,1,1,1,1,1,0,0,1,1,1,1,8.8,8.7,"Salmonella typhi,Hepatitis A virus,Shigella spp.,E. coli,Giardia lamblia,Leptospira,Pseudomonas,Cryptosporidium"
1,1,1,0,1,0,1,1,1,1,0,1,1,0,8.0,14.5,"Salmonella typhi,Shigella spp.,E. coli,Giardia lamblia,Leptospira"
0,1,1,0,1,0,1,0,1,1,0,0,0,0,6.9,11.3,"Vibrio cholerae,Salmonella typhi,Hepatitis A virus,Giardia lamblia"
1,1,0,1,0,0,0,0,0,1,1,0,1,1,7.1,1.3,"Shigella spp.,Pseudomonas"
0,0,1,0,1,1,1,1,0,1,0,0,1,1,6.3,11.0,"Hepatitis A virus,Shigella spp."
0,1,1,0,0,1,1,0,1,0,0,1,0,0,5.8,5.7,"Vibrio cholerae,Salmonella typhi,Hepatitis A virus,Leptospira"
1,0,1,0,1,1,1,0,1,1,1,0,0,0,5.3,11.0,"Vibrio cholerae,Salmonella typhi,E. coli,Giardia lamblia,Pseudomonas,Cryptosporidium"
1,1,0,0,1,0,1,0,0,1,1,1,0,0,8.4,8.6,"Salmonella typhi,Hepatitis A virus,Giardia lamblia,Pseudomonas,Cryptosporidium"
0,1,1,0,1,1,1,0,1,1,0,1,1,1,5.0,6.5,"Vibrio cholerae,Salmonella typhi,Hepatitis A virus,Shigella spp.,Giardia lamblia,Leptospira"
0,0,0,0,1,1,0,1,1,0,1,1,0,1,6.7,11.6,"Hepatitis A virus,Giardia lamblia,Pseudomonas"
1,1,0,0,0,0,1,0,0,1,1,0,0,1,7.4,4.4,"Salmonella typhi,E. coli,Pseudomonas"
1,0,0,0,1,0,1,0,0,1,1,0,0,1,7.6,12.5,"Hepatitis A virus,E. coli,Giardia lamblia,Pseudomonas,Cryptosporidium"
1,0,0,0,0,0,1,1,0,0,1,1,0,0,8.4,6.2,"Salmonella typhi,Hepatitis A virus,E. coli,Pseudomonas"
1,0,1,1,1,1,0,0,0,1,1,0,1,0,7.9,7.5,"Salmonella typhi,Hepatitis A virus,Shigella spp.,E. coli,Pseudomonas,Cryptosporidium"
1,1,0,1,1,0,1,1,1,0,0,1,0,1,5.9,9.8,"Vibrio cholerae,Salmonella typhi,Hepatitis A virus,Shigella spp.,E. coli,Giardia lamblia,Cryptosporidium"
0,1,1,1,0,1,0,0,1,1,0,1,0,1,7.5,8.7,"Salmonella typhi,Hepatitis A virus,Shigella spp.,E. coli,Giardia lamblia,Leptospira"
0,1,0,1,0,0,1,1,0,1,0,0,0,1,7.7,1.1,Hepatitis A virus
0,0,1,1,0,0,0,0,1,1,1,0,0,1,9.0,2.2,"Hepatitis A virus,Pseudomonas"
0,1,1,0,1,0,1,0,1,1,1,0,1,0,6.5,2.2,"Salmonella typhi,Shigella spp.,Pseudomonas"
0,1,1,0,0,1,0,1,1,0,0,1,0,1,6.0,9.8,"Vibrio cholerae,Salmonella typhi,Hepatitis A virus"
1,0,0,0,1,0,1,0,0,0,1,0,0,1,8.0,8.8,"Hepatitis A virus,E. coli,Giardia lamblia,Pseudomonas"
0,1,0,0,1,0,1,0,1,0,1,0,0,0,7.9,1.6,"Hepatitis A virus,Pseudomonas"
1,0,1,1,1,1,1,0,0,1,1,0,1,0,7.3,14.7,"Salmonella typhi,Hepatitis A virus,Shigella spp.,E. coli,Giardia lamblia,Pseudomonas"
1,0,0,0,1,0,0,1,0,1,1,1,1,0,8.5,11.6,"Hepatitis A virus,Shigella spp.,E. coli,Giardia lamblia,Pseudomonas"
0,1,0,1,0,0,0,0,1,1,0,0,1,1,7.1,12.7,"Hepatitis A virus,Shigella spp.,E. coli,Giardia lamblia"
0,0,0,0,1,1,1,1,1,1,1,1,1,0,6.9,6.3,"Hepatitis A virus,Shigella spp.,Giardia lamblia"
0,1,1,0,0,1,0,1,1,1,1,0,0,0,7.6,7.5,"Salmonella typhi,Hepatitis A virus,Pseudomonas"
1,1,1,0,1,0,0,1,0,1,0,0,1,1,7.9,4.5,"Salmonella typhi,Hepatitis A virus,E. coli,Giardia lamblia"
1,1,0,1,0,1,0,1,0,1,1,1,1,0,5.1,6.9,"Vibrio cholerae,Salmonella typhi,Hepatitis A virus,Shigella spp.,Giardia lamblia,Pseudomonas,Cryptosporidium"
1,0,0,0,0,1,0,1,0,1,0,1,1,1,6.4,7.5,"Vibrio cholerae,Salmonella typhi,Hepatitis A virus,E. coli,Cryptosporidium"
0,1,0,1,0,1,1,0,0,0,1,0,1,1,8.1,10.8,"Salmonella typhi,Shigella spp.,Giardia lamblia,Pseudomonas"
0,1,0,1,0,1,0,1,0,1,1,0,1,1,7.8,0.2,Pseudomonas
1,0,0,1,0,1,0,1,1,1,1,0,0,1,6.9,6.9,"Vibrio cholerae,Salmonella typhi,Hepatitis A virus,Shigella spp.,E. coli,Pseudomonas,Cryptosporidium"
0,1,0,0,0,1,0,1,1,0,0,1,1,1,7.0,9.1,"Salmonella typhi,Hepatitis A virus,Shigella spp."
1,1,1,0,0,0,0,1,0,0,1,1,0,1,7.9,2.5,"Salmonella typhi,Hepatitis A virus,Leptospira,Pseudomonas"
1,1,0,0,1,0,0,0,0,1,0,0,1,0,7.3,7.3,"Hepatitis A virus,Shigella spp.,E. coli,Cryptosporidium"
1,1,1,1,0,1,1,0,0,0,1,1,0,0,8.1,3.0,"Shigella spp.,Leptospira,Pseudomonas"
1,0,1,0,1,1,0,0,1,1,0,0,1,1,7.8,1.9,Shigella spp.
0,1,0,1,0,1,0,1,1,0,1,0,0,0,7.9,5.9,"Salmonella typhi,Hepatitis A virus,E. coli,Pseudomonas"
1,0,0,1,1,1,0,1,0,0,1,1,0,1,6.8,0.8,Pseudomonas
1,1,1,1,1,1,0,0,0,0,0,1,1,1,5.4,12.2,"Vibrio cholerae,Salmonella typhi,Hepatitis A virus,Shigella spp.,E. coli,Giardia lamblia,Leptospira,Cryptosporidium"
0,0,0,0,1,0,0,0,1,0,1,1,1,0,7.9,8.1,"Hepatitis A virus,Shigella spp.,Giardia lamblia,Pseudomonas"
1,1,0,1,0,1,1,1,0,1,0,1,1,0,7.7,11.9,"Salmonella typhi,Hepatitis A virus,Shigella spp.,E. coli,Giardia lamblia,Cryptosporidium"
0,1,0,1,0,1,1,0,1,0,0,1,1,1,6.7,11.4,"Vibrio cholerae,Salmonella typhi,Hepatitis A virus,Shigella spp.,E. coli"
1,1,0,1,0,1,1,0,1,1,1,0,1,0,5.5,2.3,"Salmonella typhi,Hepatitis A virus,Shigella spp.,Pseudomonas"
0,1,0,1,1,0,0,1,0,0,1,1,0,0,8.4,9.4,"Hepatitis A virus,Shigella spp.,E. coli,Giardia lamblia,Pseudomonas"
1,0,0,0,0,0,1,0,1,0,1,0,1,0,8.7,3.4,"Salmonella typhi,Shigella spp.,Pseudomonas"
1,1,0,1,0,1,1,1,0,1,0,1,0,1,5.2,5.9,"Salmonella typhi,Hepatitis A virus,Shigella spp.,Giardia lamblia"
1,1,1,1,1,0,0,0,1,1,1,0,0,1,5.0,11.3,"Vibrio cholerae,Salmonella typhi,Hepatitis A virus,Shigella spp.,E. coli,Giardia lamblia,Pseudomonas,Cryptosporidium"
1,1,1,1,0,0,0,0,1,1,1,1,1,0,8.5,3.5,"Salmonella typhi,Hepatitis A virus,Leptospira,Pseudomonas"
1,0,0,1,1,1,1,1,0,1,1,1,1,1,6.6,11.6,"Vibrio cholerae,Salmonella typhi,Hepatitis A virus,Shigella spp.,E. coli,Giardia lamblia,Cryptosporidium"
0,0,1,1,1,1,0,0,0,1,1,1,0,1,8.4,6.8,"Hepatitis A virus,Shigella spp.,Giardia lamblia,Pseudomonas"
0,0,0,1,1,1,1,0,0,0,0,0,1,1,7.5,9.0,"Salmonella typhi,Hepatitis A virus,Shigella spp.,E. coli,Giardia lamblia"
0,0,1,1,1,0,0,0,1,1,0,0,1,1,7.4,12.5,"Salmonella typhi,Hepatitis A virus,Giardia lamblia"
1,1,1,1,0,1,0,0,1,1,1,0,1,0,6.1,4.2,"Shigella spp.,E. coli,Giardia lamblia,Pseudomonas"
1,1,0,1,0,0,1,1,0,0,1,0,0,0,8.0,9.5,"Salmonella typhi,Hepatitis A virus,Shigella spp.,E. coli,Giardia lamblia,Pseudomonas,Cryptosporidium"
1,0,1,1,1,0,1,0,1,1,1,0,1,1,7.7,3.4,"Hepatitis A virus,Shigella spp.,Giardia lamblia,Pseudomonas"
1,1,0,1,0,0,1,1,0,1,1,0,1,0,8.7,4.0,"Salmonella typhi,Hepatitis A virus,Shigella spp.,Giardia lamblia,Pseudomonas"
1,1,0,1,0,0,0,1,1,1,1,0,0,0,6.3,12.8,"Vibrio cholerae,Hepatitis A virus,Shigella spp.,E. coli,Giardia lamblia,Pseudomonas,Cryptosporidium"
0,1,0,1,0,0,1,0,1,0,0,0,0,0,8.1,11.5,"Hepatitis A virus,Shigella spp.,E. coli,Giardia lamblia"
0,0,0,0,1,0,0,1,1,0,0,1,1,0,6.3,11.0,"Hepatitis A virus,Shigella spp.,Giardia lamblia"
1,1,1,1,1,0,1,1,0,0,1,0,1,1,7.2,10.0,"Salmonella typhi,Hepatitis A virus,E. coli,Pseudomonas,Cryptosporidium"
0,0,0,0,0,1,0,1,0,0,0,0,1,1,6.4,1.7,Shigella spp.
1,1,0,0,0,0,1,0,1,0,1,1,1,1,7.9,3.5,"Salmonella typhi,Hepatitis A virus,Shigella spp."
0,0,1,0,0,0,1,0,1,1,0,1,1,0,7.8,10.2,"Hepatitis A virus,Shigella spp."
0,1,1,1,0,1,1,0,0,0,1,1,1,1,5.4,1.7,"Shigella spp.,Leptospira,Pseudomonas"
0,0,1,1,0,0,1,0,0,0,1,0,0,0,7.5,6.0,"Salmonella typhi,E. coli,Giardia lamblia,Pseudomonas"
0,1,1,1,0,0,1,0,0,0,0,0,1,0,7.5,12.2,"Salmonella typhi,E. coli,Giardia lamblia"
0,0,1,0,1,0,1,0,0,1,1,1,1,0,8.0,5.9,"Salmonella typhi,Hepatitis A virus,Shigella spp.,Giardia lamblia,Leptospira"
0,0,1,0,0,1,1,0,0,0,1,0,1,0,8.9,13.3,Shigella spp.
0,0,1,1,1,1,0,1,1,1,1,0,1,0,6.9,9.0,"Salmonella typhi,Hepatitis A virus,Shigella spp.,E. coli,Giardia lamblia,Pseudomonas"
0,0,1,0,1,0,1,1,1,1,0,1,1,0,5.2,4.4,"Salmonella typhi,Hepatitis A virus,Shigella spp.,Leptospira"
0,0,1,0,1,1,1,1,0,1,1,0,0,1,8.4,2.7,"Salmonella typhi,Hepatitis A virus,Pseudomonas"
1,1,1,1,0,1,1,1,1,1,0,0,0,1,8.4,8.0,"Salmonella typhi,Hepatitis A virus,Shigella spp.,E. coli,Giardia lamblia,Cryptosporidium"
1,1,0,0,0,0,0,1,0,0,1,1,1,0,8.7,1.5,"Hepatitis A virus,Shigella spp.,Pseudomonas"
1,0,1,1,0,1,1,1,1,0,0,0,1,1,7.0,0.4,Hepatitis A virus
1,1,0,1,0,0,1,1,0,0,1,0,0,1,8.5,2.1,"Salmonella typhi,Hepatitis A virus,Pseudomonas"
1,1,1,0,0,0,1,0,0,1,0,0,0,0,8.4,1.2,None
1,1,1,1,1,0,1,1,1,1,1,0,1,1,8.9,11.6,"Salmonella typhi,Hepatitis A virus,Shigella spp.,E. coli,Giardia lamblia,Pseudomonas,Cryptosporidium"
0,0,1,1,0,1,0,0,1,0,1,1,0,0,7.6,5.4,"Salmonella typhi,Hepatitis A virus,Shigella spp.,Giardia lamblia,Leptospira,Pseudomonas"
0,0,1,0,0,0,1,0,0,1,0,1,0,0,7.4,7.3,"Salmonella typhi,Leptospira"
0,1,0,1,0,1,0,1,0,0,1,1,1,1,5.6,14.6,"Vibrio cholerae,Salmonella typhi,Shigella spp.,E. coli,Giardia lamblia,Pseudomonas"
1,1,1,1,0,0,1,1,0,1,0,1,0,1,7.2,0.2,"Hepatitis A virus,Leptospira"
1,0,1,1,0,1,1,0,0,0,0,0,0,0,8.2,2.9,"Salmonella typhi,Shigella spp."
1,1,0,1,1,0,1,0,1,1,1,0,1,0,8.4,3.4,"Salmonella typhi,Hepatitis A virus,Shigella spp.,Pseudomonas"
0,1,0,0,0,1,1,1,1,1,1,0,1,1,6.8,7.2,"Vibrio cholerae,Hepatitis A virus,Shigella spp.,Pseudomonas"
1,1,0,1,1,1,0,0,0,1,1,1,1,0,5.6,2.9,Hepatitis A virus
1,0,1,1,1,1,0,0,1,1,0,0,0,0,5.3,12.6,"Vibrio cholerae,Hepatitis A virus,Giardia lamblia,Cryptosporidium"
0,0,1,1,1,1,1,1,1,0,1,1,0,1,6.2,10.7,"Salmonella typhi,Hepatitis A virus,E. coli,Leptospira,Pseudomonas"
1,1,0,1,0,1,1,0,1,0,0,0,1,1,7.8,1.7,Shigella spp.
0,0,0,1,0,1,0,0,0,0,1,0,1,1,7.6,9.4,"E. coli,Giardia lamblia,Pseudomonas"
1,1,1,0,0,0,0,1,1,0,0,1,1,0,7.4,2.1,"Salmonella typhi,Hepatitis A virus,Shigella spp.,Leptospira"
1,0,1,1,1,1,0,1,0,1,0,0,0,1,8.4,11.4,"Hepatitis A virus,Shigella spp.,E. coli,Giardia lamblia,Cryptosporidium"
1,1,1,1,0,0,0,1,0,1,1,1,1,1,6.1,13.7,"Vibrio cholerae,Salmonella typhi,Hepatitis A virus,E. coli,Giardia lamblia,Leptospira,Pseudomonas,Cryptosporidium"
1,0,1,0,1,0,0,0,1,0,1,0,1,1,5.3,0.2,Shigella spp.
1,0,0,1,1,0,1,0,0,0,0,0,1,1,5.9,1.7,Hepatitis A virus
1,1,0,0,1,1,1,1,1,0,1,1,1,1,6.3,2.5,"Salmonella typhi,Hepatitis A virus,Shigella spp.,Pseudomonas"
1,1,1,0,1,0,0,1,0,0,0,0,1,0,8.6,1.4,"Hepatitis A virus,Shigella spp."
0,0,0,1,0,1,0,1,1,0,1,1,1,1,5.1,12.8,"Salmonella typhi,E. coli,Giardia lamblia,Pseudomonas"
0,1,0,1,0,1,1,1,1,0,1,0,1,0,7.1,6.5,"Hepatitis A virus,Shigella spp.,E. coli,Giardia lamblia,Pseudomonas"
1,0,1,0,0,1,1,0,0,0,0,1,1,0,8.1,2.8,"Salmonella typhi,Shigella spp.,Leptospira"
1,1,1,0,0,1,0,0,1,1,1,0,0,0,8.4,10.6,"Hepatitis A virus,E. coli,Pseudomonas,Cryptosporidium"
0,0,0,0,1,1,0,1,0,0,0,0,0,1,7.5,6.1,"Salmonella typhi,Giardia lamblia"
1,0,1,0,0,0,0,0,1,1,1,0,0,1,6.0,2.8,"Salmonella typhi,Pseudomonas"
0,1,1,0,0,1,1,1,0,1,0,0,1,1,7.8,9.9,"Salmonella typhi,Hepatitis A virus"
0,1,0,1,0,1,1,1,1,0,0,0,0,1,5.8,14.1,"Vibrio cholerae,Salmonella typhi,Hepatitis A virus,Shigella spp.,E. coli,Giardia lamblia"
1,0,1,1,1,1,1,1,1,1,1,0,0,1,8.7,14.3,"Salmonella typhi,Hepatitis A virus,Shigella spp.,E. coli,Pseudomonas,Cryptosporidium"
0,0,0,0,1,0,1,0,1,1,1,0,0,0,8.3,5.5,"Hepatitis A virus,Pseudomonas"
0,0,1,0,1,1,1,1,0,0,1,0,0,1,6.6,6.1,"Hepatitis A virus,Giardia lamblia,Pseudomonas"
0,0,0,0,1,0,0,0,0,0,1,1,0,1,5.1,7.8,"Giardia lamblia,Pseudomonas"
0,1,0,0,1,1,1,1,1,1,1,1,1,0,7.8,2.7,"Salmonella typhi,Hepatitis A virus,Shigella spp.,Pseudomonas"
0,0,0,0,0,0,0,0,1,1,0,1,1,0,8.3,14.0,Hepatitis A virus
1,1,1,1,0,1,1,1,0,1,1,1,0,1,5.3,5.6,"Salmonella typhi,Hepatitis A virus,Giardia lamblia,Leptospira,Pseudomonas,Cryptosporidium"
1,1,0,1,0,0,0,1,0,1,1,0,1,0,5.2,7.9,"Vibrio cholerae,Hepatitis A virus,E. coli,Pseudomonas,Cryptosporidium"
1,0,0,0,1,1,1,0,1,1,0,0,1,0,5.5,11.2,"Vibrio cholerae,Salmonella typhi,Shigella spp.,E. coli,Giardia lamblia"
0,0,0,0,1,0,0,0,1,1,0,1,0,0,6.3,9.3,Giardia lamblia
1,1,0,0,1,1,1,1,0,1,0,0,1,0,5.6,2.3,"Salmonella typhi,Hepatitis A virus,Shigella spp."
0,0,1,1,0,1,1,1,1,1,1,0,1,1,7.5,3.7,"Hepatitis A virus,Giardia lamblia,Pseudomonas"
0,0,1,0,0,0,1,0,1,1,0,1,1,1,7.5,8.8,"Salmonella typhi,Hepatitis A virus,Leptospira"
0,0,1,0,0,1,0,1,1,1,0,1,0,0,5.2,12.9,"Salmonella typhi,Hepatitis A virus"
0,0,1,1,1,0,0,0,1,1,0,1,1,1,7.1,6.0,"Salmonella typhi,Shigella spp.,E. coli,Giardia lamblia,Leptospira"
0,0,0,1,0,0,0,0,0,1,0,1,0,1,7.8,13.5,"Shigella spp.,E. coli,Giardia lamblia"
0,1,0,0,0,1,1,0,0,0,0,1,0,1,6.4,9.7,Salmonella typhi
1,0,0,0,0,0,0,0,0,1,0,0,0,1,7.7,8.0,"E. coli,Cryptosporidium"
1,0,1,1,0,0,0,1,1,1,1,1,0,0,7.3,1.8,"Hepatitis A virus,Shigella spp.,Leptospira,Pseudomonas"
1,1,1,1,0,0,1,1,0,0,1,1,1,1,7.1,9.9,"Salmonella typhi,Hepatitis A virus,Shigella spp.,E. coli,Giardia lamblia,Leptospira,Pseudomonas,Cryptosporidium"
1,1,0,1,1,1,0,0,0,0,0,1,0,1,7.0,8.5,"Salmonella typhi,Shigella spp.,E. coli,Giardia lamblia,Cryptosporidium"
1,0,0,0,0,0,0,0,1,0,0,0,0,1,6.4,4.5,"Hepatitis A virus,E. coli"
0,1,1,0,1,1,0,1,0,0,0,0,1,1,6.0,0.5,Hepatitis A virus
0,0,0,1,0,1,1,0,0,0,0,1,0,1,8.1,4.6,"Salmonella typhi,Shigella spp.,Giardia lamblia"
0,0,1,0,0,1,1,1,0,1,1,1,1,0,7.8,10.9,Salmonella typhi
0,0,1,0,1,1,1,1,0,0,1,1,0,0,7.6,11.1,"Salmonella typhi,Giardia lamblia,Leptospira,Pseudomonas"
1,0,1,0,0,0,1,1,0,0,1,1,1,0,8.1,14.8,"Hepatitis A virus,Shigella spp.,E. coli,Leptospira,Cryptosporidium"
1,1,0,0,1,0,1,0,0,1,0,0,1,1,6.4,2.3,"Salmonella typhi,Shigella spp."
1,1,1,1,1,1,0,0,1,0,1,1,0,1,7.4,3.4,"Salmonella typhi,Hepatitis A virus,Shigella spp.,Giardia lamblia,Leptospira,Pseudomonas"
1,0,1,0,0,1,1,0,1,0,1,0,0,0,6.0,11.3,"Vibrio cholerae,Hepatitis A virus,E. coli,Pseudomonas,Cryptosporidium"
1,1,1,0,1,1,0,0,1,0,1,1,1,0,8.0,11.5,"Salmonella typhi,Hepatitis A virus,Shigella spp.,E. coli,Giardia lamblia,Pseudomonas,Cryptosporidium"
0,0,0,1,1,0,0,0,1,0,1,0,1,1,8.1,3.0,"Hepatitis A virus,Shigella spp."
1,1,0,1,0,0,1,0,1,0,1,0,0,0,5.7,9.8,"Vibrio cholerae,Salmonella typhi,Shigella spp.,E. coli,Pseudomonas,Cryptosporidium"
0,1,0,1,0,1,0,1,1,1,1,0,0,0,6.2,4.3,"Salmonella typhi,Hepatitis A virus,Shigella spp.,Giardia lamblia,Pseudomonas"
0,0,1,1,0,0,1,0,0,1,0,1,0,0,7.6,0.1,"Shigella spp.,Leptospira"
0,1,1,0,0,0,1,0,0,0,0,0,1,1,5.9,9.9,"Vibrio cholerae,Salmonella typhi"
1,0,0,0,0,0,0,1,1,1,1,1,0,1,8.6,6.5,"Hepatitis A virus,E. coli,Pseudomonas,Cryptosporidium"
0,0,1,0,1,0,1,0,0,0,1,1,0,1,7.2,9.7,"Salmonella typhi,Hepatitis A virus,Giardia lamblia,Leptospira,Pseudomonas"
1,0,0,0,1,0,0,0,0,1,0,0,0,1,8.0,13.6,"E. coli,Giardia lamblia,Cryptosporidium"
1,0,1,1,0,0,1,1,0,0,0,0,1,0,6.4,5.0,Salmonella typhi
1,0,0,0,0,1,1,1,0,0,0,1,1,1,8.0,15.0,"Salmonella typhi,Hepatitis A virus,Shigella spp.,E. coli,Cryptosporidium"
0,0,0,0,1,1,0,1,0,0,0,0,0,0,6.5,3.8,Salmonella typhi
0,0,1,0,0,1,0,0,0,0,1,0,1,1,7.8,9.5,"Salmonella typhi,Shigella spp.,Pseudomonas"
1,1,0,0,1,0,0,0,1,1,1,0,0,1,8.6,13.1,"Hepatitis A virus,E. coli,Giardia lamblia,Cryptosporidium"
1,0,0,1,1,1,0,0,1,0,0,1,1,0,8.5,7.8,"Salmonella typhi,Hepatitis A virus,E. coli,Giardia lamblia,Cryptosporidium"
0,0,1,0,0,1,0,1,1,0,0,0,0,1,6.5,9.8,"Salmonella typhi,Hepatitis A virus"
1,0,0,0,0,1,1,0,0,0,1,0,1,1,6.0,14.0,"Vibrio cholerae,Salmonella typhi,Shigella spp.,E. coli,Pseudomonas,Cryptosporidium"
1,0,0,1,0,0,0,0,1,0,1,1,0,0,6.7,4.3,"Hepatitis A virus,Shigella spp.,E. coli,Giardia lamblia,Pseudomonas"
1,1,1,1,0,0,0,1,0,1,1,1,0,1,7.2,9.8,"Salmonella typhi,Shigella spp.,E. coli,Giardia lamblia,Leptospira,Pseudomonas,Cryptosporidium"
1,1,0,0,0,1,1,0,0,0,1,1,1,0,6.0,11.3,"Salmonella typhi,Shigella spp.,E. coli,Pseudomonas,Cryptosporidium"
1,0,1,0,1,1,0,1,1,1,0,0,1,0,5.9,4.4,"Salmonella typhi,Hepatitis A virus,Shigella spp.,E. coli,Giardia lamblia"
1,0,0,1,0,0,1,0,0,0,1,1,1,0,7.9,14.7,"E. coli,Giardia lamblia,Pseudomonas,Cryptosporidium"
1,1,1,0,1,1,1,0,1,1,0,0,0,1,5.3,7.5,"Vibrio cholerae,Salmonella typhi,Hepatitis A virus,E. coli,Giardia lamblia,Cryptosporidium"
0,1,0,0,0,1,0,1,0,0,1,0,0,1,8.6,10.9,"Salmonella typhi,Hepatitis A virus,Pseudomonas"
1,1,1,1,0,1,0,0,0,1,0,1,0,0,5.6,3.1,"Salmonella typhi,Shigella spp.,Giardia lamblia,Leptospira"
1,1,0,1,0,0,0,0,0,1,0,1,1,0,7.2,7.4,"E. coli,Cryptosporidium"
0,1,1,1,1,1,0,1,1,1,0,1,0,0,8.5,9.7,"Salmonella typhi,Hepatitis A virus,E. coli,Giardia lamblia,Leptospira"
1,1,0,0,0,1,0,1,1,1,0,1,1,1,9.0,5.7,"Salmonella typhi,Shigella spp.,E. coli,Cryptosporidium"
0,0,0,0,0,0,0,1,1,0,1,1,1,0,6.7,3.1,"Hepatitis A virus,Shigella spp.,Pseudomonas"
1,1,0,0,1,1,0,0,0,0,0,1,0,0,6.7,6.7,"Vibrio cholerae,Hepatitis A virus,E. coli,Giardia lamblia"
0,1,0,1,0,1,1,0,1,0,0,1,0,0,6.5,2.6,"Salmonella typhi,Shigella spp."
0,1,1,1,0,1,0,0,0,0,1,1,0,1,5.0,1.4,"Shigella spp.,Leptospira,Pseudomonas"
0,0,1,1,1,1,0,0,1,0,1,0,1,0,6.4,11.3,"Hepatitis A virus,Shigella spp.,E. coli,Giardia lamblia,Pseudomonas"
1,1,0,0,0,0,1,1,0,1,0,1,1,0,8.6,8.8,"Salmonella typhi,Hepatitis A virus,Shigella spp.,E. coli,Cryptosporidium"
0,0,0,0,0,1,0,1,0,0,1,0,0,1,7.6,4.0,"Salmonella typhi,Hepatitis A virus,Pseudomonas"
1,1,1,0,0,0,0,0,1,1,1,1,0,1,8.5,1.1,"Hepatitis A virus,Leptospira,Pseudomonas"
0,1,1,0,0,1,1,1,0,1,0,1,1,1,8.5,0.9,"Hepatitis A virus,Shigella spp."
0,1,0,1,1,0,0,1,0,1,1,1,1,1,7.2,6.7,"Hepatitis A virus,Shigella spp.,E. coli,Pseudomonas"
1,0,1,0,0,1,1,1,0,0,0,0,0,1,6.7,14.6,"Vibrio cholerae,Hepatitis A virus,Cryptosporidium"
1,0,0,0,0,0,1,0,1,0,0,0,1,1,5.4,12.2,"Vibrio cholerae,Salmonella typhi,Hepatitis A virus,E. coli,Cryptosporidium"
0,1,1,0,1,1,0,1,0,0,0,0,0,1,6.1,5.4,"Vibrio cholerae,Hepatitis A virus,Giardia lamblia"
0,0,1,0,1,1,0,1,0,0,1,1,0,1,7.7,7.0,"Hepatitis A virus,Giardia lamblia,Leptospira,Pseudomonas"
0,1,1,0,1,0,0,1,1,0,0,0,0,0,6.3,14.9,"Vibrio cholerae,Salmonella typhi,Hepatitis A virus,Giardia lamblia"
1,0,0,1,0,1,0,0,0,1,1,0,0,1,6.9,13.2,"Vibrio cholerae,Salmonella typhi,Shigella spp.,E. coli,Giardia lamblia,Pseudomonas,Cryptosporidium"
0,1,0,0,1,0,0,1,1,0,0,1,1,0,7.5,7.4,"Hepatitis A virus,Shigella spp."
0,0,1,1,0,0,1,1,0,1,0,0,1,0,8.1,12.8,"Salmonella typhi,Hepatitis A virus,Shigella spp.,E. coli,Giardia lamblia"
0,0,0,0,0,0,0,0,1,1,0,0,1,0,7.7,9.3,Shigella spp.
1,1,0,1,1,0,1,1,1,1,1,0,1,0,8.6,14.2,"Hepatitis A virus,Shigella spp.,E. coli,Giardia lamblia,Pseudomonas"
0,1,1,0,0,1,1,1,1,1,0,0,1,1,8.2,2.4,"Salmonella typhi,Hepatitis A virus,Shigella spp."
0,1,1,0,1,0,1,0,0,1,1,1,0,0,6.5,3.9,"Salmonella typhi,Hepatitis A virus,Giardia lamblia,Leptospira,Pseudomonas"
1,0,0,1,0,0,0,0,1,0,1,0,0,0,5.3,10.1,"Vibrio cholerae,Hepatitis A virus,Shigella spp.,E. coli,Pseudomonas"
0,0,1,1,0,1,0,0,0,0,1,0,0,1,8.8,4.5,"Salmonella typhi,Shigella spp.,Giardia lamblia,Pseudomonas"
0,0,0,1,1,1,0,1,0,0,1,0,0,1,5.9,0.5,"Hepatitis A virus,Shigella spp.,Pseudomonas"
0,0,1,0,1,0,1,0,1,1,0,0,0,0,7.3,2.0,Hepatitis A virus
1,0,1,0,0,1,0,0,0,0,0,1,0,0,8.9,8.4,"Salmonella typhi,Leptospira,Cryptosporidium"
0,1,0,0,0,0,0,0,0,1,0,0,0,1,5.3,9.3,Vibrio cholerae
1,0,0,1,1,0,0,1,1,0,1,1,0,1,5.6,2.6,"Hepatitis A virus,Shigella spp.,Pseudomonas"
0,0,0,1,0,1,1,1,0,1,0,0,0,1,5.4,5.0,"Salmonella typhi,Shigella spp.,E. coli,Giardia lamblia"
0,1,1,0,1,1,0,1,0,1,1,0,1,0,8.5,9.5,"Shigella spp.,Giardia lamblia,Pseudomonas"
1,1,1,1,0,0,1,0,1,1,1,1,1,0,5.3,5.3,"Vibrio cholerae,Salmonella typhi,Shigella spp.,E. coli,Giardia lamblia,Leptospira,Pseudomonas,Cryptosporidium"
1,0,1,0,0,1,1,1,1,0,1,1,1,0,6.7,14.2,"Vibrio cholerae,Salmonella typhi,Hepatitis A virus,Shigella spp.,E. coli,Leptospira,Pseudomonas,Cryptosporidium"
0,0,0,0,1,0,1,0,1,0,1,1,1,0,8.1,5.3,"Salmonella typhi,Shigella spp.,Pseudomonas"
0,1,0,1,1,0,0,0,0,0,0,0,1,0,8.7,5.6,"Shigella spp.,Giardia lamblia"
0,1,0,1,0,0,1,1,0,0,0,0,1,1,7.3,6.9,"Salmonella typhi,Hepatitis A virus,Shigella spp.,E. coli,Giardia lamblia"
1,0,0,0,1,0,1,1,0,1,0,0,1,0,6.5,3.2,"Salmonella typhi,Hepatitis A virus,Shigella spp."
1,1,1,1,1,0,0,1,1,0,1,0,1,1,5.8,11.1,"Vibrio cholerae,Salmonella typhi,Shigella spp.,E. coli,Pseudomonas,Cryptosporidium"
0,0,1,1,1,1,0,1,0,0,1,1,1,1,8.1,11.3,"Salmonella typhi,Hepatitis A virus,Shigella spp.,E. coli,Giardia lamblia,Pseudomonas"
1,0,0,1,1,1,0,0,1,0,0,0,1,1,7.9,9.1,"Salmonella typhi,Shigella spp.,E. coli,Giardia lamblia"
0,1,0,0,1,1,1,0,1,0,0,1,0,1,7.0,11.3,"Salmonella typhi,Giardia lamblia"
1,1,0,0,0,0,0,0,1,1,0,0,1,0,8.0,5.1,"Hepatitis A virus,Shigella spp.,Cryptosporidium"
1,0,0,1,0,0,0,1,1,1,1,1,1,0,7.4,9.2,"Shigella spp.,E. coli,Giardia lamblia,Pseudomonas,Cryptosporidium"
1,0,1,0,0,0,1,0,1,1,0,0,1,0,5.1,2.8,"Salmonella typhi,Hepatitis A virus,Shigella spp."
1,1,1,0,1,1,0,1,0,0,0,0,0,1,7.8,5.3,"Salmonella typhi,Hepatitis A virus,E. coli,Giardia lamblia,Cryptosporidium"
1,1,0,0,1,1,1,1,0,0,0,0,1,0,6.0,0.1,"Hepatitis A virus,Shigella spp."
0,0,1,0,0,1,1,0,0,0,1,0,1,0,7.3,10.0,"Salmonella typhi,Shigella spp.,Pseudomonas"
0,1,0,1,0,1,1,1,0,1,1,0,1,1,6.3,5.8,"Hepatitis A virus,Shigella spp.,E. coli,Giardia lamblia,Pseudomonas"
1,0,1,1,0,0,1,1,1,1,0,1,1,0,7.2,9.4,"Hepatitis A virus,Shigella spp.,E. coli,Giardia lamblia,Leptospira,Cryptosporidium"
0,1,1,0,1,0,0,0,0,0,1,1,1,1,5.9,14.3,"Vibrio cholerae,Salmonella typhi,Hepatitis A virus,Pseudomonas"
1,1,1,1,0,0,1,0,0,0,0,0,0,0,7.7,7.8,"Salmonella typhi,Shigella spp.,E. coli,Giardia lamblia,Cryptosporidium"
1,0,0,0,1,0,1,0,1,0,1,1,0,1,8.2,0.6,Hepatitis A virus
0,1,1,1,0,0,0,0,0,1,1,0,1,1,7.2,12.8,"Salmonella typhi,Shigella spp.,E. coli,Giardia lamblia,Pseudomonas"
1,0,1,0,1,1,0,1,1,0,0,1,1,0,8.0,6.4,"Salmonella typhi,Hepatitis A virus,Shigella spp.,Giardia lamblia,Leptospira,Cryptosporidium"
1,1,0,0,0,0,0,1,0,1,0,0,1,0,6.0,11.4,"Vibrio cholerae,Hepatitis A virus,Shigella spp.,E. coli,Cryptosporidium"
1,0,0,1,1,0,1,1,0,0,1,1,0,0,8.7,13.4,"Salmonella typhi,Hepatitis A virus,Shigella spp.,E. coli,Giardia lamblia,Pseudomonas,Cryptosporidium"
1,0,1,1,0,1,1,1,0,0,1,1,0,1,6.5,13.6,"Vibrio cholerae,Salmonella typhi,Hepatitis A virus,Shigella spp.,E. coli,Giardia lamblia,Pseudomonas,Cryptosporidium"
1,1,1,1,0,0,0,1,0,0,1,1,1,1,5.8,3.3,"Hepatitis A virus,Shigella spp.,Giardia lamblia,Pseudomonas"
0,1,1,1,1,0,1,0,0,1,1,0,1,1,7.0,1.8,"Hepatitis A virus,Shigella spp.,Pseudomonas"
1,0,1,1,1,0,1,1,0,0,1,0,1,0,6.3,1.9,"Hepatitis A virus,Shigella spp.,Pseudomonas"
1,1,1,0,1,1,0,0,1,0,1,1,0,1,8.1,11.8,"Salmonella typhi,Hepatitis A virus,Giardia lamblia,Leptospira,Pseudomonas,Cryptosporidium"
0,0,0,1,0,0,1,1,0,1,0,0,0,1,5.9,12.3,"Shigella spp.,E. coli,Giardia lamblia"
0,0,0,0,0,1,0,1,0,0,0,0,1,1,8.5,13.8,Hepatitis A virus
0,0,1,0,0,1,0,0,0,1,1,0,0,0,8.5,13.6,Pseudomonas
0,0,0,1,1,0,0,0,0,1,0,1,0,1,7.6,4.0,"Hepatitis A virus,Shigella spp.,Giardia lamblia"
1,1,1,0,1,0,1,0,1,1,1,1,0,1,6.5,6.7,"Vibrio cholerae,Salmonella typhi,Hepatitis A virus,E. coli,Leptospira,Pseudomonas"
0,1,1,0,0,0,1,1,0,1,1,1,0,0,9.0,14.4,"Salmonella typhi,Hepatitis A virus,Leptospira,Pseudomonas"
1,1,1,1,1,0,0,0,1,0,0,0,1,0,7.6,11.4,"Salmonella typhi,Hepatitis A virus,Shigella spp.,E. coli,Giardia lamblia,Cryptosporidium"
1,0,0,1,0,0,0,1,1,0,0,0,1,1,8.3,7.2,"Hepatitis A virus,E. coli,Cryptosporidium"
0,1,0,0,1,1,0,0,1,1,1,1,1,1,9.0,9.4,"Salmonella typhi,Shigella spp.,Giardia lamblia,Pseudomonas"
1,0,1,1,0,0,0,0,1,1,1,1,1,0,7.5,0.8,"Hepatitis A virus,Shigella spp.,Leptospira,Pseudomonas"
0,1,1,0,0,0,1,0,1,0,0,1,1,1,5.5,0.6,"Hepatitis A virus,Shigella spp.,Leptospira"
1,0,1,1,0,0,0,1,0,0,1,0,0,0,8.9,7.7,"Hepatitis A virus,Shigella spp.,E. coli"
0,0,0,0,1,0,1,1,0,0,0,1,1,0,8.8,13.4,"Salmonella typhi,Hepatitis A virus,Giardia lamblia"
1,1,1,1,1,0,0,1,1,0,0,1,1,1,8.0,14.5,"Salmonella typhi,Hepatitis A virus,Shigella spp.,E. coli,Giardia lamblia,Leptospira,Cryptosporidium"
0,1,0,1,1,0,1,0,0,0,1,0,1,1,8.1,3.6,"Salmonella typhi,Hepatitis A virus,Shigella spp.,Giardia lamblia"
0,0,0,0,1,0,1,1,1,1,1,0,0,0,6.1,9.4,"Hepatitis A virus,Pseudomonas"
1,0,1,0,1,0,1,0,0,1,1,0,1,0,5.0,7.8,"Vibrio cholerae,Salmonella typhi,Hepatitis A virus,Shigella spp.,Giardia lamblia,Cryptosporidium"
1,1,1,1,1,0,1,1,0,0,0,1,1,0,8.7,4.1,"Salmonella typhi,Hepatitis A virus,Shigella spp.,Giardia lamblia,Leptospira"
1,1,0,1,1,1,0,1,1,0,1,1,1,1,6.0,1.0,"Hepatitis A virus,Pseudomonas"
0,0,0,0,0,0,1,0,1,0,0,0,0,1,7.7,11.0,"Salmonella typhi,Hepatitis A virus"
1,1,0,1,1,0,1,1,1,0,1,0,0,1,7.3,10.8,"Hepatitis A virus,E. coli,Pseudomonas,Cryptosporidium"
0,1,0,1,0,0,1,0,1,0,0,1,0,1,5.6,12.1,"Vibrio cholerae,Salmonella typhi,Hepatitis A virus,Shigella spp.,E. coli,Giardia lamblia"
0,0,1,1,0,1,0,0,1,1,0,1,1,1,7.4,7.8,"Salmonella typhi,Hepatitis A virus,Shigella spp.,E. coli,Giardia lamblia,Leptospira"
1,1,1,1,1,1,1,1,0,0,0,1,0,0,8.4,10.9,"Salmonella typhi,Hepatitis A virus,Shigella spp.,E. coli,Giardia lamblia,Leptospira,Cryptosporidium"
0,1,1,0,1,0,0,1,1,0,0,1,0,0,5.8,10.3,"Vibrio cholerae,Salmonella typhi,Hepatitis A virus,Giardia lamblia,Leptospira"
1,1,0,0,1,0,0,0,1,0,1,1,0,1,5.8,7.0,"Hepatitis A virus,E. coli,Giardia lamblia,Pseudomonas,Cryptosporidium"
1,0,0,0,1,1,1,1,0,1,0,1,1,0,7.6,12.5,"Hepatitis A virus,Shigella spp.,E. coli,Giardia lamblia,Cryptosporidium"
1,1,0,1,1,0,1,0,0,0,1,1,1,0,6.4,3.0,"Salmonella typhi,Hepatitis A virus,Shigella spp.,Pseudomonas"
1,1,0,0,0,1,1,1,0,0,0,1,0,1,6.4,13.8,"Vibrio cholerae,Salmonella typhi,Hepatitis A virus,E. coli,Cryptosporidium"
1,0,1,0,1,1,1,1,1,0,1,0,1,1,7.0,1.4,Pseudomonas
0,1,1,0,1,0,1,1,0,1,0,1,0,1,6.4,9.2,"Vibrio cholerae,Hepatitis A virus,Giardia lamblia,Leptospira"
1,0,1,0,0,0,0,0,1,1,0,0,1,1,8.3,10.7,"Salmonella typhi,Hepatitis A virus,Shigella spp.,E. coli,Cryptosporidium"
0,1,0,0,1,0,1,1,1,1,1,0,1,0,7.3,1.9,"Hepatitis A virus,Shigella spp.,Pseudomonas"
0,1,1,0,0,1,0,0,1,0,0,0,0,0,8.7,9.0,"Salmonella typhi,Hepatitis A virus"
0,1,1,0,0,1,0,0,1,0,1,0,1,1,6.0,12.3,"Vibrio cholerae,Salmonella typhi,Hepatitis A virus,Shigella spp.,Pseudomonas"
0,1,0,1,1,0,1,1,0,0,0,0,1,1,6.4,10.6,"Vibrio cholerae,Salmonella typhi,Hepatitis A virus,Shigella spp.,E. coli,Giardia lamblia"
0,0,1,1,0,1,1,0,0,0,0,0,1,1,7.5,0.7,None
1,1,0,0,0,1,1,1,0,1,1,1,1,1,5.6,6.9,"Vibrio cholerae,Salmonella typhi,Hepatitis A virus,Shigella spp.,E. coli,Pseudomonas,Cryptosporidium"
1,0,1,0,1,0,1,1,1,1,1,1,0,0,5.3,1.4,Hepatitis A virus
1,1,0,1,1,1,1,0,0,1,1,1,0,0,7.5,3.4,"Salmonella typhi,Hepatitis A virus,Shigella spp.,Pseudomonas"
0,1,0,0,0,0,0,0,0,1,1,1,1,1,6.3,13.2,"Vibrio cholerae,Shigella spp.,Pseudomonas"
1,0,0,1,0,1,1,0,1,1,0,0,0,1,6.6,3.1,"Salmonella typhi,Hepatitis A virus,Shigella spp.,Giardia lamblia"
1,0,0,1,1,0,1,1,1,1,0,0,0,1,7.7,6.3,"Salmonella typhi,Hepatitis A virus,Shigella spp.,Giardia lamblia,Cryptosporidium"
1,0,0,1,0,0,0,1,1,1,1,1,0,0,5.7,9.8,"Vibrio cholerae,Hepatitis A virus,Shigella spp.,E. coli,Giardia lamblia,Pseudomonas,Cryptosporidium"
0,1,1,0,0,1,0,1,0,1,0,1,1,1,6.9,1.1,"Hepatitis A virus,Shigella spp."
1,1,0,1,1,0,1,1,0,0,1,0,0,1,7.3,14.2,"Salmonella typhi,Shigella spp.,E. coli,Giardia lamblia,Pseudomonas,Cryptosporidium"
0,0,0,1,0,1,1,1,1,1,0,0,1,0,5.5,0.3,"Hepatitis A virus,Shigella spp."
0,1,0,0,0,1,0,0,0,0,0,0,0,0,6.0,5.1,"Vibrio cholerae,Salmonella typhi"
0,1,1,0,0,1,1,1,1,0,1,1,0,1,5.2,12.2,"Vibrio cholerae,Salmonella typhi,Pseudomonas"
1,1,1,0,1,0,1,1,1,0,1,0,0,1,7.2,14.1,"Salmonella typhi,Hepatitis A virus,E. coli,Pseudomonas"
0,1,1,1,0,1,0,1,0,1,1,1,1,1,8.0,11.3,"Salmonella typhi,Shigella spp.,E. coli,Giardia lamblia,Leptospira"
1,0,1,1,0,0,1,1,0,0,1,1,1,0,5.6,5.4,"Salmonella typhi,Hepatitis A virus,E. coli,Giardia lamblia,Leptospira,Pseudomonas,Cryptosporidium"
0,0,1,0,1,0,1,0,0,0,1,0,0,1,8.9,7.2,"Salmonella typhi,Hepatitis A virus,Pseudomonas"
0,0,1,1,1,1,1,1,0,1,0,1,0,1,6.3,3.5,"Salmonella typhi,Shigella spp.,Giardia lamblia,Leptospira"
1,1,0,1,0,0,1,0,1,0,1,1,1,0,6.6,14.4,"Vibrio cholerae,Salmonella typhi,Hepatitis A virus,Shigella spp.,Pseudomonas"
0,0,0,0,1,1,1,0,0,1,0,0,1,0,5.1,4.5,"Hepatitis A virus,Shigella spp."
1,0,0,0,0,0,1,0,1,0,1,1,1,0,6.7,7.7,"Vibrio cholerae,Hepatitis A virus,Shigella spp.,E. coli,Pseudomonas,Cryptosporidium"
0,0,1,0,1,1,0,1,1,0,1,1,1,0,6.2,6.5,"Hepatitis A virus,Shigella spp.,Giardia lamblia,Leptospira,Pseudomonas"
1,0,0,0,1,0,1,0,0,1,0,1,1,0,6.5,14.8,"Vibrio cholerae,Salmonella typhi,Hepatitis A virus,Shigella spp.,E. coli,Cryptosporidium"
1,0,1,1,1,0,1,1,0,1,0,1,0,0,7.0,10.3,"Salmonella typhi,Hepatitis A virus,Shigella spp.,E. coli,Leptospira,Cryptosporidium"
1,1,0,1,0,0,1,1,1,0,1,0,0,0,5.1,0.8,"Hepatitis A virus,Shigella spp.,Pseudomonas"
1,0,1,0,1,0,1,1,0,1,1,0,0,1,5.0,6.9,"Vibrio cholerae,Hepatitis A virus,E. coli,Giardia lamblia,Pseudomonas,Cryptosporidium"
1,1,1,1,0,0,1,0,0,0,0,1,1,1,7.2,13.0,"Salmonella typhi,E. coli,Giardia lamblia,Leptospira,Cryptosporidium"
0,1,0,0,1,1,1,1,1,0,1,1,1,0,6.4,2.4,"Salmonella typhi,Hepatitis A virus,Shigella spp.,Pseudomonas"
1,1,1,1,0,0,1,1,1,0,1,0,0,1,5.5,10.5,"Vibrio cholerae,Salmonella typhi,Shigella spp.,E. coli,Giardia lamblia,Pseudomonas,Cryptosporidium"
0,0,1,1,1,1,0,0,0,0,1,0,1,1,6.0,10.4,"Salmonella typhi,Hepatitis A virus,Giardia lamblia,Pseudomonas"
1,1,0,0,1,1,1,1,1,0,0,1,0,1,8.5,7.0,"Salmonella typhi,Hepatitis A virus,E. coli,Giardia lamblia,Cryptosporidium"
0,0,0,1,1,1,0,0,0,0,1,0,1,0,6.6,13.0,"Salmonella typhi,Hepatitis A virus,Shigella spp.,E. coli,Giardia lamblia,Pseudomonas"
0,1,0,1,1,0,1,0,1,1,0,1,0,0,5.2,3.3,"Salmonella typhi,Hepatitis A virus,Shigella spp.,Giardia lamblia"
1,1,1,0,0,0,0,0,1,1,0,0,1,1,5.8,14.2,"Vibrio cholerae,Salmonella typhi,Hepatitis A virus,Shigella spp.,E. coli,Cryptosporidium"
1,1,1,0,0,1,1,0,0,1,0,0,0,0,6.0,10.1,"Salmonella typhi,E. coli,Cryptosporidium"
1,1,0,0,0,0,0,1,0,1,1,1,1,1,7.4,8.3,"Hepatitis A virus,Shigella spp.,E. coli,Pseudomonas,Cryptosporidium"
0,1,1,0,1,0,0,0,1,0,0,1,1,1,8.5,9.0,"Salmonella typhi,Hepatitis A virus,Leptospira"
1,1,1,0,0,1,0,1,0,1,0,0,1,1,7.1,3.6,"Salmonella typhi,Shigella spp."
0,0,0,1,1,0,1,1,1,1,1,0,0,0,7.3,0.1,"Hepatitis A virus,Shigella spp.,Pseudomonas"
0,1,0,0,1,1,0,0,0,0,0,1,0,0,7.4,7.7,"Salmonella typhi,Hepatitis A virus,Giardia lamblia"
1,1,0,0,0,0,0,0,0,1,1,0,1,0,6.9,8.3,"Vibrio cholerae,Shigella spp.,E. coli,Pseudomonas"
0,1,1,1,1,0,1,0,0,0,1,1,1,1,6.5,6.8,"Vibrio cholerae,Hepatitis A virus,E. coli,Giardia lamblia,Pseudomonas"
0,0,1,0,0,1,0,1,1,1,0,1,0,1,5.4,13.4,Leptospira
1,0,1,1,1,0,1,1,1,0,1,1,0,0,8.0,2.0,"Hepatitis A virus,Shigella spp.,Pseudomonas"
1,0,0,1,1,1,0,0,1,0,1,1,1,1,7.2,13.4,"Salmonella typhi,Shigella spp.,E. coli,Giardia lamblia,Cryptosporidium"
0,1,0,1,1,0,1,1,0,1,0,0,1,1,8.0,7.9,"Salmonella typhi,Hepatitis A virus,Shigella spp.,E. coli,Giardia lamblia"
0,0,1,1,1,1,0,1,1,0,1,0,1,1,5.2,3.3,"Hepatitis A virus,Giardia lamblia,Pseudomonas"
0,0,0,0,0,1,1,1,0,0,0,0,0,1,6.0,3.7,Salmonella typhi
1,1,0,0,1,1,0,1,1,1,1,0,0,0,8.1,4.5,"Salmonella typhi,E. coli,Giardia lamblia,Pseudomonas"
1,0,1,1,1,1,0,1,0,0,0,0,1,0,8.7,6.6,"Salmonella typhi,Hepatitis A virus,Shigella spp.,E. coli,Giardia lamblia,Cryptosporidium"
0,0,0,1,0,1,0,0,1,1,1,1,0,1,8.3,9.0,"Salmonella typhi,Hepatitis A virus,Shigella spp.,E. coli,Giardia lamblia,Pseudomonas"
0,1,1,1,1,1,1,0,1,1,0,0,0,0,7.9,3.7,"Salmonella typhi,Hepatitis A virus,Shigella spp.,Giardia lamblia"
1,0,0,1,1,0,1,1,0,0,0,0,0,1,7.0,6.2,"Salmonella typhi,Hepatitis A virus,E. coli,Giardia lamblia"
1,1,1,1,0,0,1,0,1,1,0,0,0,1,6.5,11.4,"Vibrio cholerae,Hepatitis A virus,Shigella spp.,E. coli,Giardia lamblia,Cryptosporidium"
0,1,0,1,0,1,1,0,1,0,0,0,1,0,6.3,11.1,"Vibrio cholerae,Salmonella typhi,Hepatitis A virus,Shigella spp.,E. coli,Giardia lamblia"
0,0,1,1,1,1,1,1,0,0,0,1,1,1,6.5,5.9,"Hepatitis A virus,E. coli,Giardia lamblia,Leptospira"
0,0,0,0,1,0,1,1,0,0,1,0,0,1,7.4,3.3,"Salmonella typhi,Hepatitis A virus,Giardia lamblia,Pseudomonas"
1,1,1,0,1,1,0,0,1,0,0,0,0,1,5.5,11.7,"Vibrio cholerae,E. coli,Giardia lamblia,Cryptosporidium"
0,1,0,0,0,1,1,0,0,0,0,1,0,0,5.4,2.0,None
0,0,1,0,1,0,0,1,0,1,1,0,0,1,7.6,5.5,"Salmonella typhi,Hepatitis A virus,Giardia lamblia,Pseudomonas"
1,1,0,0,0,0,1,1,0,1,0,0,1,0,7.7,5.5,"Salmonella typhi,Hepatitis A virus,Shigella spp.,E. coli,Cryptosporidium"
0,0,0,0,1,0,1,1,0,1,1,0,1,0,7.5,7.0,"Salmonella typhi,Hepatitis A virus,Shigella spp.,Giardia lamblia,Pseudomonas"
1,1,0,0,0,0,1,1,0,0,1,0,0,1,6.2,8.9,"Vibrio cholerae,Salmonella typhi,E. coli,Pseudomonas,Cryptosporidium"
1,1,0,1,0,0,1,1,1,1,1,0,1,1,7.2,10.9,"Salmonella typhi,Hepatitis A virus,Shigella spp.,Giardia lamblia,Cryptosporidium"
1,1,1,1,0,1,0,1,0,1,0,1,0,1,7.9,5.4,"Salmonella typhi,Hepatitis A virus,Shigella spp.,E. coli,Giardia lamblia,Leptospira,Cryptosporidium"
1,1,0,1,1,1,0,1,1,1,0,1,1,0,8.3,12.2,"Salmonella typhi,Hepatitis A virus,Shigella spp.,E. coli,Giardia lamblia,Cryptosporidium"
1,0,0,1,0,0,1,1,0,1,1,0,1,0,7.0,2.1,"Salmonella typhi,Hepatitis A virus,Pseudomonas"
1,1,1,1,1,1,1,1,0,1,1,1,1,1,5.2,5.0,"Salmonella typhi,Shigella spp.,E. coli,Giardia lamblia,Leptospira,Pseudomonas"
0,0,0,1,1,0,1,1,1,0,1,0,0,0,5.8,8.8,"Salmonella typhi,Hepatitis A virus,Shigella spp.,E. coli,Giardia lamblia,Pseudomonas"
0,0,1,0,1,0,0,0,0,0,0,0,1,1,7.8,9.1,"Salmonella typhi,Hepatitis A virus,Shigella spp.,Giardia lamblia"
0,1,1,0,1,1,1,0,0,0,0,0,0,1,5.1,14.2,"Vibrio cholerae,Salmonella typhi,Hepatitis A virus,Giardia lamblia"
1,0,0,0,0,0,0,1,0,1,0,0,1,1,8.6,14.3,"Hepatitis A virus,Shigella spp.,E. coli,Cryptosporidium"
1,0,0,1,0,1,0,0,1,0,1,0,1,1,8.3,10.3,"Salmonella typhi,Shigella spp.,E. coli,Giardia lamblia,Pseudomonas,Cryptosporidium"
1,1,0,0,0,1,1,0,1,1,0,0,0,1,6.2,13.7,"Vibrio cholerae,Hepatitis A virus,E. coli,Cryptosporidium"
1,1,0,0,0,1,0,0,1,1,0,0,0,0,5.1,6.8,"Vibrio cholerae,Hepatitis A virus,Cryptosporidium"
1,1,0,1,1,1,0,1,0,0,0,0,1,0,8.7,13.1,"Salmonella typhi,Hepatitis A virus,E. coli,Giardia lamblia,Cryptosporidium"
1,0,0,1,0,1,1,0,1,0,0,1,0,1,6.2,10.3,"Vibrio cholerae,Salmonella typhi,Hepatitis A virus,Shigella spp.,E. coli,Giardia lamblia,Cryptosporidium"
0,1,0,1,0,1,0,1,1,0,0,0,0,1,6.7,2.7,Salmonella typhi
1,0,1,0,0,1,1,0,1,0,1,1,1,1,7.4,14.9,"Salmonella typhi,Hepatitis A virus,E. coli,Leptospira,Pseudomonas,Cryptosporidium"
1,0,0,0,1,1,1,1,1,0,1,1,0,1,6.5,11.9,"Vibrio cholerae,Salmonella typhi,Hepatitis A virus,E. coli,Giardia lamblia,Pseudomonas,Cryptosporidium"
0,1,1,1,0,1,1,0,0,1,1,1,0,0,7.4,3.2,"Salmonella typhi,Shigella spp.,Giardia lamblia,Leptospira,Pseudomonas"
1,1,1,1,0,0,0,0,1,0,0,1,0,1,8.3,10.5,"Salmonella typhi,Hepatitis A virus,Shigella spp.,E. coli,Giardia lamblia,Leptospira,Cryptosporidium"
0,1,0,1,0,1,0,1,1,1,0,1,1,0,7.9,5.4,"Salmonella typhi,Shigella spp.,E. coli"
0,1,1,0,1,1,1,0,0,1,0,1,0,1,7.6,1.6,Leptospira
0,0,1,1,0,0,1,1,0,1,0,0,0,1,6.1,13.3,"Salmonella typhi,Hepatitis A virus,Shigella spp.,E. coli,Giardia lamblia"
1,1,0,1,0,1,0,0,0,0,0,0,1,0,5.2,12.2,"Vibrio cholerae,Shigella spp.,E. coli,Giardia lamblia,Cryptosporidium"
1,0,1,0,0,0,0,0,1,1,0,1,0,1,7.6,1.1,"Hepatitis A virus,Leptospira"
1,1,1,0,1,0,1,1,0,1,0,0,1,1,8.3,9.5,"Salmonella typhi,Hepatitis A virus,Shigella spp.,E. coli,Giardia lamblia"
1,0,1,1,0,1,0,0,0,0,1,0,0,1,6.0,11.0,"Vibrio cholerae,Salmonella typhi,Shigella spp.,E. coli,Pseudomonas,Cryptosporidium"
0,1,1,0,0,0,1,1,0,0,0,1,1,1,7.0,1.3,"Hepatitis A virus,Shigella spp.,Leptospira"
1,0,1,0,1,1,1,1,1,0,1,0,0,0,7.7,0.9,Pseudomonas
1,1,0,1,0,0,0,1,1,0,1,1,1,1,5.1,1.6,"Hepatitis A virus,Shigella spp.,Pseudomonas"
1,0,1,0,1,0,1,0,0,0,0,0,1,1,6.5,3.0,"Salmonella typhi,Shigella spp."
1,0,0,0,1,1,0,0,0,0,0,0,1,1,5.3,10.7,"Vibrio cholerae,Salmonella typhi,Shigella spp.,E. coli,Giardia lamblia,Cryptosporidium"
1,1,1,0,0,0,0,1,1,0,0,1,0,0,6.4,13.2,"Vibrio cholerae,Hepatitis A virus,E. coli,Leptospira"
1,0,1,0,1,0,1,0,1,0,1,0,0,1,8.6,8.0,"Salmonella typhi,Pseudomonas,Cryptosporidium"
0,0,0,0,0,0,1,0,0,0,0,1,1,0,6.0,7.7,"Salmonella typhi,Shigella spp."
0,0,1,0,1,1,1,1,1,1,0,1,1,0,5.3,4.1,"Salmonella typhi,Hepatitis A virus,Shigella spp."
0,0,1,1,0,1,1,0,1,0,1,1,1,1,5.2,13.0,"Hepatitis A virus,Shigella spp.,Leptospira,Pseudomonas"
1,1,0,0,0,0,1,1,1,1,1,0,0,1,7.1,13.7,"Salmonella typhi,Hepatitis A virus,E. coli,Pseudomonas,Cryptosporidium"
0,0,1,1,0,0,1,1,1,0,0,0,0,1,5.8,9.1,"Salmonella typhi,Hepatitis A virus,Shigella spp.,E. coli,Giardia lamblia"
1,1,0,1,0,0,0,1,1,0,1,1,0,0,7.9,11.0,"Shigella spp.,E. coli,Giardia lamblia,Pseudomonas,Cryptosporidium"
0,1,0,1,1,1,0,1,0,0,1,1,0,0,6.6,12.1,"Vibrio cholerae,Shigella spp.,E. coli,Giardia lamblia,Pseudomonas"
1,0,1,0,0,0,1,0,1,1,0,1,0,0,5.5,2.6,"Salmonella typhi,Leptospira"
1,0,1,1,1,1,1,1,0,1,1,1,1,0,8.2,0.6,"Hepatitis A virus,Pseudomonas"
1,0,1,0,1,0,0,1,0,0,1,0,0,1,8.7,1.2,"Hepatitis A virus,Pseudomonas"
0,1,0,1,0,0,1,0,1,0,1,1,0,1,6.6,2.7,"Hepatitis A virus,Shigella spp.,Pseudomonas"
1,1,1,1,1,0,1,1,0,1,1,0,0,1,6.0,7.5,"Vibrio cholerae,Salmonella typhi,Hepatitis A virus,Shigella spp.,E. coli,Giardia lamblia,Pseudomonas,Cryptosporidium"
1,0,0,0,0,1,0,0,1,1,0,1,1,1,6.4,11.6,"Vibrio cholerae,Salmonella typhi,Shigella spp.,Cryptosporidium"
1,0,0,0,0,1,1,1,0,0,0,1,1,0,7.5,2.3,"Salmonella typhi,Hepatitis A virus,Shigella spp."
0,0,1,1,1,0,1,1,1,1,1,0,1,0,8.8,4.4,"Salmonella typhi,Hepatitis A virus,E. coli,Giardia lamblia,Pseudomonas"
0,1,1,1,0,0,1,0,0,1,0,0,1,0,5.2,3.0,"Salmonella typhi,Shigella spp."
1,1,1,1,0,1,1,1,0,1,0,0,0,0,5.4,1.2,"Hepatitis A virus,Shigella spp."
0,1,0,1,1,0,0,1,1,0,0,1,0,0,7.2,5.8,"Shigella spp.,E. coli,Giardia lamblia"
0,0,1,1,0,1,1,0,1,1,1,1,1,0,6.9,0.3,"Hepatitis A virus,Shigella spp.,Leptospira"
1,0,1,0,1,1,1,1,0,1,0,0,1,0,7.3,10.9,"Salmonella typhi,Hepatitis A virus,Shigella spp.,E. coli,Giardia lamblia,Cryptosporidium"
0,1,0,1,1,0,0,0,1,1,0,1,1,1,8.7,15.0,"Hepatitis A virus,Shigella spp.,E. coli,Giardia lamblia"
0,0,1,1,0,1,0,1,0,1,0,1,1,1,7.6,9.3,"Salmonella typhi,Hepatitis A virus,Shigella spp.,E. coli,Leptospira"
1,1,0,1,0,0,1,1,1,0,0,0,1,1,7.8,2.7,"Salmonella typhi,Hepatitis A virus,Shigella spp."
1,1,0,0,0,1,1,1,0,0,1,1,0,1,6.6,7.9,"Vibrio cholerae,Hepatitis A virus,E. coli,Pseudomonas,Cryptosporidium"
1,0,0,0,1,0,1,0,1,1,0,1,1,1,8.5,5.9,"Salmonella typhi,Hepatitis A virus,Shigella spp.,Giardia lamblia"
0,0,1,1,0,1,1,1,0,1,0,1,1,1,7.8,5.7,"Salmonella typhi,Hepatitis A virus,Shigella spp.,Giardia lamblia,Leptospira"
0,1,1,1,1,1,1,0,1,1,0,0,0,1,5.3,5.6,"Vibrio cholerae,Salmonella typhi,Hepatitis A virus,Shigella spp.,E. coli,Giardia lamblia"
0,0,0,0,1,1,0,1,1,0,0,0,1,1,5.4,2.2,"Salmonella typhi,Hepatitis A virus,Shigella spp."
0,1,1,1,1,0,0,1,0,0,1,1,1,0,5.1,2.8,"Salmonella typhi,Hepatitis A virus,Shigella spp.,Pseudomonas"
1,1,0,1,1,1,0,0,1,0,1,1,0,0,8.3,5.6,"Salmonella typhi,Hepatitis A virus,E. coli,Pseudomonas,Cryptosporidium"
0,0,0,0,0,1,0,1,0,0,0,1,1,0,5.4,2.2,"Salmonella typhi,Shigella spp."
0,1,0,1,1,0,0,1,0,1,1,0,0,0,5.6,11.7,"Vibrio cholerae,Hepatitis A virus,Shigella spp.,E. coli,Pseudomonas"
0,0,1,0,0,1,0,0,0,0,1,1,0,1,7.6,12.6,"Salmonella typhi,Leptospira,Pseudomonas"
1,0,0,0,1,0,0,0,1,1,0,1,1,1,7.9,8.0,"Hepatitis A virus,Giardia lamblia"
1,0,1,0,1,0,0,1,0,0,1,0,1,1,7.0,10.5,"Hepatitis A virus,Shigella spp.,E. coli,Giardia lamblia,Pseudomonas,Cryptosporidium"
0,0,0,1,1,1,1,1,1,1,1,0,0,0,6.7,8.8,"Salmonella typhi,Shigella spp.,E. coli,Giardia lamblia,Pseudomonas"
1,1,1,0,1,1,0,0,1,0,0,0,0,1,5.4,14.6,"Vibrio cholerae,Salmonella typhi,Hepatitis A virus,Giardia lamblia,Cryptosporidium"
0,1,0,1,1,1,0,1,1,0,0,1,0,0,7.1,6.4,"Salmonella typhi,Hepatitis A virus,Shigella spp.,E. coli,Giardia lamblia"
0,0,1,1,0,1,1,1,1,0,1,1,1,0,6.9,14.1,"Salmonella typhi,Hepatitis A virus,Shigella spp.,Giardia lamblia,Pseudomonas"
1,0,0,1,0,0,0,1,0,0,0,1,0,0,7.8,3.4,"Hepatitis A virus,Shigella spp.,Giardia lamblia"
1,1,0,1,0,1,0,0,0,1,0,1,1,0,6.7,8.5,"Vibrio cholerae,Salmonella typhi,Shigella spp.,E. coli,Giardia lamblia,Cryptosporidium"
1,0,1,0,1,1,0,1,1,0,0,0,1,1,8.5,11.3,"Salmonella typhi,Hepatitis A virus,E. coli,Giardia lamblia,Cryptosporidium"
1,1,1,0,1,1,1,0,1,0,1,1,0,0,8.8,10.8,"E. coli,Giardia lamblia,Leptospira,Pseudomonas,Cryptosporidium"
1,1,1,0,0,0,1,1,0,1,0,0,1,1,8.0,6.7,"Salmonella typhi,Hepatitis A virus,Shigella spp.,E. coli,Cryptosporidium"
0,1,0,1,1,1,0,1,1,0,0,1,0,1,5.5,3.2,"Salmonella typhi,Hepatitis A virus,Shigella spp.,Giardia lamblia"
1,0,0,0,0,1,0,0,1,1,0,1,0,0,6.8,12.3,"Vibrio cholerae,Salmonella typhi,Hepatitis A virus,E. coli,Cryptosporidium"
0,0,1,1,0,0,0,0,0,0,1,0,0,0,7.6,1.4,"Shigella spp.,Pseudomonas"
0,1,1,0,1,0,0,1,0,1,1,1,0,1,5.4,0.6,"Hepatitis A virus,Leptospira,Pseudomonas"
0,1,1,1,0,1,1,0,1,0,1,0,0,0,5.6,8.9,"Vibrio cholerae,Salmonella typhi,Hepatitis A virus,Shigella spp.,E. coli,Pseudomonas"
1,0,0,1,1,0,1,0,0,0,0,0,0,0,7.5,4.1,"Salmonella typhi,Hepatitis A virus,Shigella spp.,E. coli,Giardia lamblia"
0,0,1,1,0,1,0,0,0,0,0,0,1,0,7.0,1.0,Shigella spp.
0,0,0,0,1,1,1,1,0,1,0,0,1,1,6.8,9.4,"Salmonella typhi,Hepatitis A virus,Shigella spp.,Giardia lamblia"
1,1,0,1,1,0,1,1,0,0,0,0,1,1,5.2,8.8,"Vibrio cholerae,Hepatitis A virus,Shigella spp.,E. coli,Cryptosporidium"
0,1,1,0,1,1,1,1,1,0,0,1,1,0,6.3,3.0,"Salmonella typhi,Hepatitis A virus,Shigella spp."
1,0,1,0,0,1,0,1,1,0,1,0,1,1,7.8,2.6,"Salmonella typhi,Pseudomonas"
0,1,1,0,1,0,0,1,0,0,1,0,1,0,6.1,8.0,"Vibrio cholerae,Salmonella typhi,Hepatitis A virus,Shigella spp.,Giardia lamblia,Pseudomonas"
1,1,0,0,0,0,1,0,0,1,0,1,1,1,7.8,8.3,"Shigella spp.,E. coli"
0,0,1,1,0,0,0,1,0,0,0,0,0,1,8.6,3.9,"Hepatitis A virus,Shigella spp."
0,0,0,1,1,0,0,0,1,0,0,1,0,0,5.2,2.0,Shigella spp.
0,1,1,0,1,0,1,1,1,0,1,1,1,1,8.3,13.6,"Salmonella typhi,Hepatitis A virus,Leptospira,Pseudomonas"
1,0,0,1,1,1,1,0,1,1,1,0,1,1,7.3,1.0,"Hepatitis A virus,Shigella spp.,Pseudomonas"
1,1,1,1,0,0,1,1,0,0,1,1,0,0,8.3,7.1,"Salmonella typhi,Hepatitis A virus,E. coli,Leptospira,Pseudomonas,Cryptosporidium"
1,0,0,0,0,1,1,0,1,0,1,1,0,1,5.2,2.7,"Hepatitis A virus,Pseudomonas"
0,1,1,0,0,1,1,0,1,0,1,0,1,1,8.9,3.4,"Hepatitis A virus,Shigella spp.,Pseudomonas"
1,1,0,1,1,0,1,1,0,0,1,0,0,0,5.6,9.3,"Vibrio cholerae,Salmonella typhi,Shigella spp.,Giardia lamblia,Pseudomonas,Cryptosporidium"
0,1,0,1,1,0,1,0,1,1,1,1,0,0,5.9,13.3,"Vibrio cholerae,Salmonella typhi,Shigella spp.,E. coli,Pseudomonas"
1,0,1,1,0,0,1,1,0,0,0,0,0,0,7.9,2.8,"Hepatitis A virus,Shigella spp."
1,1,1,0,1,0,1,1,0,1,1,1,0,0,5.0,3.3,"Salmonella typhi,Hepatitis A virus,Leptospira,Pseudomonas"
0,0,1,0,1,1,1,0,1,0,0,0,0,1,6.7,5.7,"Salmonella typhi,Giardia lamblia"
0,0,0,0,0,1,0,0,0,0,1,1,0,1,7.8,10.1,"Salmonella typhi,Pseudomonas"
1,1,1,0,0,0,0,0,0,0,0,0,1,1,7.3,9.7,"Salmonella typhi,Shigella spp.,E. coli,Cryptosporidium"
1,1,0,1,1,0,1,0,0,1,0,0,0,1,8.9,4.8,"Hepatitis A virus,Shigella spp.,Giardia lamblia"
1,0,1,1,0,0,1,1,0,1,0,1,0,1,8.2,11.0,"Salmonella typhi,E. coli,Leptospira"
1,0,0,0,1,1,1,0,0,0,1,0,1,0,7.0,13.8,"Salmonella typhi,Hepatitis A virus,Shigella spp.,E. coli,Giardia lamblia,Pseudomonas,Cryptosporidium"
1,1,0,0,0,1,0,1,0,0,1,0,0,1,7.9,4.8,"Salmonella typhi,Hepatitis A virus,E. coli"
0,0,1,0,1,0,1,1,0,0,1,1,0,1,7.8,5.9,"Salmonella typhi,Hepatitis A virus,Giardia lamblia"
0,1,0,1,0,1,1,1,0,0,1,0,1,0,8.7,10.3,"Salmonella typhi,Hepatitis A virus,E. coli,Giardia lamblia,Pseudomonas"
1,0,0,0,1,1,1,1,1,0,1,1,1,1,6.6,0.6,"Hepatitis A virus,Shigella spp.,Pseudomonas"
1,0,0,1,1,1,1,0,1,1,0,1,0,1,8.1,1.1,Shigella spp.
0,0,1,1,0,1,1,1,0,1,1,1,0,1,5.5,8.9,"Salmonella typhi,E. coli,Leptospira,Pseudomonas"
1,0,0,1,1,0,1,1,0,0,0,0,1,0,6.1,0.4,"Hepatitis A virus,Shigella spp."
1,1,1,0,1,1,1,0,0,0,1,0,0,1,6.3,0.6,"Hepatitis A virus,Pseudomonas"
1,0,0,1,1,1,1,1,0,1,0,1,0,1,5.9,11.0,"Vibrio cholerae,Salmonella typhi,Hepatitis A virus,Shigella spp.,E. coli,Giardia lamblia,Cryptosporidium"
0,0,1,0,0,0,0,0,1,0,1,0,0,0,6.0,13.0,"Salmonella typhi,Hepatitis A virus,Pseudomonas"
0,0,0,0,0,1,0,1,1,0,1,0,0,0,6.5,8.0,"Salmonella typhi,Hepatitis A virus"
1,0,1,0,1,1,0,1,0,1,1,1,0,0,8.9,11.7,"Hepatitis A virus,E. coli,Giardia lamblia,Pseudomonas,Cryptosporidium"
1,1,1,1,0,1,0,1,1,0,0,1,0,1,8.4,9.6,"Salmonella typhi,Hepatitis A virus,Shigella spp.,E. coli,Giardia lamblia,Leptospira"
1,1,0,1,1,0,0,0,0,0,0,1,1,1,8.1,2.3,"Hepatitis A virus,Shigella spp."
0,0,0,0,1,1,1,0,0,1,1,1,0,1,8.7,14.1,"Salmonella typhi,Hepatitis A virus,Giardia lamblia,Pseudomonas"
1,0,0,0,0,0,1,1,0,1,1,1,0,1,5.1,0.8,"Hepatitis A virus,Pseudomonas"
1,0,0,0,0,0,1,1,0,1,1,0,1,0,7.4,4.6,"Salmonella typhi,Hepatitis A virus,E. coli"
1,1,1,1,0,1,1,1,1,0,1,0,1,0,7.8,7.7,"Salmonella typhi,Hepatitis A virus,Shigella spp.,Cryptosporidium"
0,1,1,0,1,1,1,0,1,1,1,1,1,1,6.1,9.4,"Vibrio cholerae,Salmonella typhi,Hepatitis A virus,Shigella spp.,Giardia lamblia,Leptospira,Pseudomonas"
0,1,1,1,0,0,0,1,0,0,0,1,0,1,8.8,8.9,"Salmonella typhi,Hepatitis A virus,Shigella spp.,E. coli,Leptospira"
1,1,1,0,0,1,0,1,1,0,0,0,0,0,5.8,2.7,"Salmonella typhi,Hepatitis A virus"
1,0,1,0,0,0,0,1,0,0,0,1,0,0,8.4,4.1,"Salmonella typhi,Hepatitis A virus,Leptospira"
0,0,0,1,1,0,0,1,1,0,0,0,0,1,6.2,12.3,"Hepatitis A virus,Shigella spp.,E. coli,Giardia lamblia"
0,1,1,1,1,1,0,1,1,1,0,0,1,1,8.2,11.8,"Hepatitis A virus,Shigella spp.,E. coli,Giardia lamblia"
1,0,0,1,0,0,1,0,0,1,0,1,0,1,5.0,6.2,"Vibrio cholerae,Shigella spp.,Giardia lamblia,Cryptosporidium"
1,0,0,0,0,1,1,0,0,0,1,1,1,1,8.2,11.6,"E. coli,Pseudomonas,Cryptosporidium"
0,1,1,0,1,1,0,1,1,1,1,1,1,1,8.9,0.3,"Shigella spp.,Leptospira"
0,0,1,0,0,0,1,0,0,0,0,0,1,1,5.8,3.8,Salmonella typhi
1,0,1,1,0,1,0,1,0,0,0,1,0,0,7.7,14.5,"Salmonella typhi,Shigella spp.,E. coli,Giardia lamblia,Leptospira,Cryptosporidium"
0,1,0,0,0,1,1,0,0,1,1,0,1,1,6.2,14.0,"Salmonella typhi,Shigella spp.,Pseudomonas"
1,1,1,1,0,1,1,1,1,0,0,1,1,1,6.6,7.9,"Vibrio cholerae,Salmonella typhi,Hepatitis A virus,Shigella spp.,E. coli,Giardia lamblia,Cryptosporidium"
0,0,1,0,1,0,1,1,0,1,0,0,1,0,7.7,7.5,"Salmonella typhi,Shigella spp.,Giardia lamblia"
1,1,1,1,0,1,1,1,1,0,1,1,0,0,7.1,5.8,"Salmonella typhi,Hepatitis A virus,Shigella spp.,E. coli,Giardia lamblia,Pseudomonas,Cryptosporidium"
0,1,0,0,1,1,1,1,0,0,1,0,1,1,8.4,5.6,"Salmonella typhi,Hepatitis A virus,Shigella spp.,Giardia lamblia"
0,0,1,1,0,0,0,1,0,0,1,1,0,1,8.2,8.3,"Salmonella typhi,Hepatitis A virus,Shigella spp.,E. coli,Giardia lamblia,Leptospira,Pseudomonas"
0,1,1,1,1,1,0,1,1,0,0,0,0,0,7.7,6.4,"Salmonella typhi,Hepatitis A virus,Shigella spp.,Giardia lamblia"
0,0,1,0,0,1,0,1,1,0,1,0,1,0,5.9,8.6,"Salmonella typhi,Hepatitis A virus,Pseudomonas"
1,1,1,1,1,0,0,0,1,1,1,1,0,1,8.4,13.4,"E. coli,Leptospira,Pseudomonas"
1,0,0,0,1,0,1,1,0,0,1,0,0,0,6.0,12.5,"Vibrio cholerae,Salmonella typhi,Hepatitis A virus,E. coli,Giardia lamblia,Pseudomonas"
1,1,1,1,1,0,1,1,0,1,0,1,0,0,7.3,11.8,"Hepatitis A virus,Shigella spp.,Giardia lamblia,Leptospira,Cryptosporidium"
0,1,1,0,0,1,0,1,0,0,1,1,1,0,5.2,4.1,"Salmonella typhi,Shigella spp.,Leptospira,Pseudomonas"
1,1,1,0,1,0,1,0,0,1,0,0,1,1,8.5,12.2,"Salmonella typhi,Hepatitis A virus,E. coli,Cryptosporidium"
1,1,0,0,1,0,0,1,0,1,0,1,0,0,6.6,5.0,"E. coli,Giardia lamblia"
0,0,1,1,0,0,1,1,0,0,0,0,1,0,8.8,11.6,"Salmonella typhi,Hepatitis A virus,Shigella spp.,E. coli,Giardia lamblia"
0,1,0,1,0,1,1,0,1,1,1,0,0,1,6.6,4.6,"Salmonella typhi,Hepatitis A virus,Shigella spp.,E. coli,Giardia lamblia"
0,1,0,1,0,1,0,0,1,1,0,1,0,0,7.3,5.4,"Salmonella typhi,Shigella spp.,E. coli,Giardia lamblia"
0,0,1,1,1,1,1,1,0,1,1,1,0,1,8.8,1.7,"Hepatitis A virus,Shigella spp.,Leptospira,Pseudomonas"
0,0,1,1,1,0,1,0,1,1,1,1,0,1,5.3,12.4,"Hepatitis A virus,Shigella spp.,E. coli,Giardia lamblia,Leptospira,Pseudomonas"
1,0,1,1,1,1,0,1,0,1,0,1,0,1,5.5,1.2,"Hepatitis A virus,Shigella spp.,Leptospira"
0,0,0,0,1,1,1,1,1,1,0,0,0,1,6.3,8.5,"Salmonella typhi,Giardia lamblia"
0,0,1,0,1,1,0,1,1,0,0,0,1,1,7.1,3.9,"Salmonella typhi,Hepatitis A virus,Giardia lamblia"
0,0,0,0,0,0,0,0,1,0,0,0,0,1,5.4,14.1,Hepatitis A virus
0,0,0,0,0,0,1,1,0,0,1,0,1,0,5.2,8.7,"Hepatitis A virus,Shigella spp."
0,1,0,1,0,0,0,1,1,0,1,1,0,1,7.0,3.1,"Hepatitis A virus,Shigella spp.,Giardia lamblia,Pseudomonas"
0,0,1,1,0,1,0,0,0,0,0,1,0,0,5.9,0.1,"Shigella spp.,Leptospira"
1,0,1,1,0,1,1,0,1,1,0,1,0,0,6.8,14.6,"Vibrio cholerae,Salmonella typhi,Hepatitis A virus,Shigella spp.,E. coli,Leptospira,Cryptosporidium"
0,1,0,0,0,1,1,1,1,1,0,1,0,0,7.2,5.7,"Salmonella typhi,Hepatitis A virus"
1,1,1,0,0,1,1,0,1,0,0,1,0,0,8.3,9.4,"Salmonella typhi,Hepatitis A virus,E. coli,Cryptosporidium"
1,1,1,0,1,1,0,0,0,0,0,0,1,1,8.8,7.2,"Salmonella typhi,Hepatitis A virus,Shigella spp.,E. coli,Giardia lamblia,Cryptosporidium"
1,1,1,0,0,1,0,0,0,0,1,0,1,0,7.5,8.0,"Salmonella typhi,Shigella spp.,E. coli,Pseudomonas,Cryptosporidium"
0,1,1,1,0,0,1,0,0,0,0,0,1,0,7.7,6.3,"Salmonella typhi,Shigella spp."
0,1,1,0,0,0,0,1,0,1,1,0,0,0,8.9,4.3,"Hepatitis A virus,Pseudomonas"
0,1,1,0,0,0,0,0,1,1,1,0,0,1,5.1,8.8,"Vibrio cholerae,Pseudomonas"
0,0,1,1,1,0,1,1,0,0,0,1,1,1,8.3,14.1,"Salmonella typhi,Hepatitis A virus,E. coli,Leptospira"
1,1,0,0,1,1,1,0,0,0,1,0,0,1,7.8,5.7,"Salmonella typhi,Hepatitis A virus,E. coli,Giardia lamblia,Pseudomonas,Cryptosporidium"
1,0,0,0,0,1,0,1,1,1,1,1,1,1,7.0,1.3,"Hepatitis A virus,Shigella spp.,Pseudomonas"
1,1,0,1,0,1,1,0,0,0,1,1,1,0,6.1,5.5,"Vibrio cholerae,Salmonella typhi,E. coli,Giardia lamblia,Pseudomonas"
1,0,0,1,0,1,1,1,1,0,0,0,1,0,5.3,10.5,"Vibrio cholerae,Salmonella typhi,Shigella spp.,E. coli,Giardia lamblia"
0,0,1,1,1,0,1,1,0,1,0,1,1,1,8.5,7.1,"Salmonella typhi,Hepatitis A virus,E. coli,Giardia lamblia"
1,0,1,1,1,1,1,0,0,0,0,1,1,0,6.1,14.8,"Vibrio cholerae,Salmonella typhi,Hepatitis A virus,Shigella spp.,E. coli,Giardia lamblia,Leptospira,Cryptosporidium"
0,1,0,0,1,0,0,1,1,1,0,1,0,1,8.4,7.6,"Hepatitis A virus,Giardia lamblia"
0,1,0,1,0,0,0,1,0,0,1,1,1,1,7.0,8.6,"Hepatitis A virus,Shigella spp.,E. coli,Giardia lamblia,Pseudomonas"
1,1,0,1,1,1,0,1,1,0,1,1,0,0,5.8,5.5,"Vibrio cholerae,Salmonella typhi,Hepatitis A virus,Shigella spp.,Giardia lamblia,Cryptosporidium"
1,1,0,0,1,0,0,0,1,1,0,1,0,1,6.5,13.4,"Vibrio cholerae,Hepatitis A virus,Giardia lamblia,Cryptosporidium"
0,1,1,1,0,1,0,1,0,1,1,0,0,0,5.2,0.1,"Shigella spp.,Pseudomonas"
0,0,0,1,1,0,0,1,1,1,0,1,1,0,6.5,10.7,"Hepatitis A virus,Shigella spp.,E. coli,Giardia lamblia"
1,0,0,1,0,0,1,1,0,1,1,1,1,0,6.6,6.8,"Vibrio cholerae,Hepatitis A virus,Shigella spp.,E. coli,Giardia lamblia,Pseudomonas,Cryptosporidium"
0,1,1,1,1,0,0,1,0,0,1,1,1,0,8.4,14.4,"Hepatitis A virus,Shigella spp.,E. coli,Leptospira,Pseudomonas"
0,0,1,0,0,1,1,0,1,0,0,1,1,0,5.0,13.6,"Salmonella typhi,Hepatitis A virus,Shigella spp.,Leptospira"
0,0,1,0,1,1,1,0,1,0,0,1,1,0,5.3,0.9,"Shigella spp.,Leptospira"
0,0,1,0,0,1,0,0,1,0,1,1,1,0,7.0,2.8,"Salmonella typhi,Hepatitis A virus,Shigella spp.,Leptospira,Pseudomonas"
1,0,0,0,0,1,0,1,1,1,1,0,1,1,7.3,14.4,"Salmonella typhi,Hepatitis A virus,Shigella spp.,E. coli,Pseudomonas,Cryptosporidium"
1,1,0,1,0,1,1,1,0,0,0,1,1,0,5.3,3.2,"Salmonella typhi,Giardia lamblia"
1,0,1,1,0,0,1,1,1,0,0,1,1,1,7.9,7.0,"Salmonella typhi,Hepatitis A virus,Shigella spp.,E. coli,Giardia lamblia,Leptospira,Cryptosporidium"
1,0,1,1,0,1,1,0,0,1,0,0,1,0,9.0,13.4,"Salmonella typhi,Shigella spp.,E. coli,Giardia lamblia,Cryptosporidium"
1,0,0,0,1,0,0,0,0,1,1,0,1,0,8.1,3.6,"Shigella spp.,Giardia lamblia,Pseudomonas"
1,1,1,1,1,1,0,0,1,0,1,1,1,0,5.8,6.2,"Vibrio cholerae,Salmonella typhi,Hepatitis A virus,Shigella spp.,E. coli,Giardia lamblia,Leptospira,Cryptosporidium"
1,1,0,0,1,1,0,1,0,0,1,0,1,0,6.9,10.4,"Vibrio cholerae,Salmonella typhi,Shigella spp.,E. coli,Giardia lamblia,Pseudomonas"
0,0,1,1,1,0,1,1,1,1,1,0,1,1,7.8,0.2,"Hepatitis A virus,Shigella spp.,Pseudomonas"
0,0,0,1,1,0,1,1,0,0,1,1,1,1,6.5,9.1,"Salmonella typhi,E. coli,Giardia lamblia,Pseudomonas"
0,0,1,0,1,0,1,0,0,1,0,1,1,0,6.6,3.9,"Hepatitis A virus,Shigella spp.,Giardia lamblia,Leptospira"
1,0,1,1,1,0,1,1,0,0,0,1,0,0,8.9,2.6,"Salmonella typhi,Hepatitis A virus,Shigella spp."
1,1,0,0,1,0,0,1,1,1,0,1,0,1,6.6,14.9,"Vibrio cholerae,E. coli,Cryptosporidium"
0,0,0,0,1,0,0,1,0,0,0,1,0,1,5.4,5.8,"Hepatitis A virus,Giardia lamblia"
0,1,0,0,1,0,0,0,1,0,0,0,1,1,7.2,12.8,"Hepatitis A virus,Shigella spp.,Giardia lamblia"
1,0,1,0,1,0,1,1,0,0,0,1,0,0,6.7,14.0,"Vibrio cholerae,Hepatitis A virus,E. coli,Giardia lamblia,Cryptosporidium"
0,1,0,1,0,1,1,0,0,1,0,1,1,0,8.8,8.1,"Salmonella typhi,Shigella spp.,E. coli,Giardia lamblia"
1,0,1,0,1,0,1,1,1,1,1,1,0,1,8.3,9.0,"Salmonella typhi,Hepatitis A virus,E. coli,Giardia lamblia,Leptospira,Pseudomonas,Cryptosporidium"
0,0,0,1,0,0,0,1,1,0,0,0,1,1,6.6,14.7,"Hepatitis A virus,Shigella spp.,E. coli,Giardia lamblia"
1,0,1,0,1,1,1,1,1,0,1,1,0,0,7.8,0.6,"Hepatitis A virus,Pseudomonas"
1,0,0,0,0,1,0,1,0,1,0,0,0,0,6.4,4.0,"Salmonella typhi,Hepatitis A virus"
1,1,1,1,1,0,1,0,0,0,1,1,1,1,6.8,8.7,"Vibrio cholerae,Hepatitis A virus,Shigella spp.,E. coli,Giardia lamblia,Leptospira,Pseudomonas,Cryptosporidium"
0,1,1,0,1,0,0,0,1,0,0,0,0,0,8.0,14.8,"Salmonella typhi,Giardia lamblia"
1,0,1,0,1,0,1,0,1,0,1,1,1,0,6.1,4.6,"Shigella spp.,E. coli,Giardia lamblia,Leptospira,Pseudomonas"
1,1,0,0,0,1,1,0,0,1,1,0,1,1,6.8,1.4,"Shigella spp.,Pseudomonas"
0,1,0,0,0,1,1,1,0,0,0,1,1,0,7.6,13.7,Salmonella typhi
0,1,0,1,1,1,0,0,1,0,1,0,1,1,6.4,13.9,"Vibrio cholerae,Salmonella typhi,Hepatitis A virus,Shigella spp.,E. coli,Pseudomonas"
1,0,0,0,0,0,0,1,1,0,0,1,0,1,5.5,8.5,"Vibrio cholerae,Hepatitis A virus,E. coli,Cryptosporidium"
0,1,0,0,0,1,1,1,0,0,0,0,0,0,8.8,11.5,Hepatitis A virus
1,0,1,0,0,0,1,1,1,0,1,0,1,1,6.4,10.5,"Vibrio cholerae,Salmonella typhi,Shigella spp.,E. coli,Pseudomonas,Cryptosporidium"
1,1,0,0,1,1,0,1,0,1,0,1,0,1,7.7,4.5,"Salmonella typhi,Hepatitis A virus,E. coli,Giardia lamblia"
0,0,1,0,0,0,0,0,0,1,0,0,0,1,6.0,5.4,Salmonella typhi
1,0,1,1,1,0,0,0,0,0,1,1,0,0,8.4,11.8,"Hepatitis A virus,Shigella spp.,E. coli,Giardia lamblia,Pseudomonas,Cryptosporidium"
0,0,1,1,1,1,0,1,1,0,1,0,0,1,7.9,10.2,"Shigella spp.,E. coli,Giardia lamblia"
0,1,0,0,0,1,1,1,0,0,0,0,1,1,5.9,0.0,"Hepatitis A virus,Shigella spp."
1,1,0,1,0,0,1,1,0,0,0,0,0,0,8.6,12.6,"Salmonella typhi,Hepatitis A virus,E. coli,Giardia lamblia,Cryptosporidium"
0,0,1,1,0,0,0,0,0,1,0,0,1,1,8.8,14.4,"Salmonella typhi,Shigella spp."
0,1,1,0,1,1,0,1,1,0,0,1,1,0,6.6,14.5,"Vibrio cholerae,Hepatitis A virus,Shigella spp.,Leptospira"
1,0,1,0,1,0,1,0,1,0,0,0,0,0,6.3,5.6,"Vibrio cholerae,Hepatitis A virus,E. coli,Cryptosporidium"
1,1,1,1,1,1,1,0,1,0,0,0,0,1,7.2,4.8,"Hepatitis A virus,Giardia lamblia"
0,0,0,0,1,1,0,1,0,0,0,1,0,1,5.9,10.9,Giardia lamblia
0,1,1,0,0,1,1,0,0,1,1,1,0,0,7.2,11.9,"Salmonella typhi,Pseudomonas"
0,0,1,1,1,1,0,0,0,0,1,1,1,0,5.8,8.4,"Salmonella typhi,Hepatitis A virus,Shigella spp.,Giardia lamblia,Pseudomonas"
0,1,1,0,0,0,1,1,1,1,1,0,0,1,5.9,9.1,"Salmonella typhi,Hepatitis A virus,Pseudomonas"
1,0,0,1,0,1,0,1,1,0,1,0,0,0,6.3,8.2,"Vibrio cholerae,Hepatitis A virus,Shigella spp.,E. coli,Pseudomonas,Cryptosporidium"
1,1,0,1,1,1,1,1,0,0,0,1,1,0,6.3,2.6,"Salmonella typhi,Hepatitis A virus,Shigella spp."
1,1,1,1,1,1,0,0,0,1,1,1,0,1,8.4,8.7,"Salmonella typhi,Hepatitis A virus,Shigella spp.,E. coli,Giardia lamblia,Leptospira,Pseudomonas,Cryptosporidium"
0,0,1,0,1,1,1,0,1,1,0,0,0,1,7.0,10.8,"Salmonella typhi,Hepatitis A virus"
0,0,1,1,0,1,0,1,0,1,0,0,1,0,7.2,8.5,"Salmonella typhi,Hepatitis A virus,E. coli,Giardia lamblia"
0,1,0,0,1,1,0,0,1,0,0,1,0,1,6.8,1.3,Hepatitis A virus
1,1,0,0,0,1,1,1,0,0,0,1,0,1,7.9,0.2,Hepatitis A virus
0,1,0,1,1,1,1,0,1,0,1,0,0,0,7.0,1.3,Pseudomonas
1,0,0,0,0,0,1,0,0,0,0,1,1,0,6.0,11.3,"Vibrio cholerae,Salmonella typhi,Shigella spp.,Cryptosporidium"
1,0,0,0,0,1,1,1,0,1,0,0,1,0,7.1,6.6,"Hepatitis A virus,Shigella spp.,E. coli,Cryptosporidium"
1,0,0,1,1,1,1,0,1,0,0,0,1,0,7.2,9.1,"Salmonella typhi,Hepatitis A virus,Shigella spp.,E. coli,Cryptosporidium"
0,1,0,0,0,1,0,1,0,1,1,0,0,0,5.2,3.5,"Salmonella typhi,Pseudomonas"
0,0,0,0,1,0,1,1,0,1,1,1,1,1,6.7,0.5,"Hepatitis A virus,Pseudomonas"
1,1,1,0,0,1,0,0,0,1,0,1,1,1,5.3,9.5,"Vibrio cholerae,Shigella spp.,E. coli,Leptospira"
1,1,0,0,1,0,1,1,1,0,0,1,1,0,5.3,13.4,"Vibrio cholerae,Salmonella typhi,Hepatitis A virus,Shigella spp.,E. coli,Giardia lamblia,Cryptosporidium"
0,1,0,1,0,1,0,1,0,1,1,0,0,0,6.2,0.5,"Shigella spp.,Pseudomonas"
0,1,1,0,0,1,0,0,0,0,1,0,1,1,7.3,2.5,"Salmonella typhi,Shigella spp.,Pseudomonas"
0,1,1,1,0,1,1,1,1,1,1,0,1,1,5.7,9.8,"Vibrio cholerae,Salmonella typhi,Hepatitis A virus,Shigella spp.,E. coli,Pseudomonas"
0,1,0,1,0,1,0,1,1,0,0,0,0,0,8.5,14.0,"Hepatitis A virus,E. coli"
0,0,0,0,0,1,0,1,0,0,1,0,0,1,6.8,14.4,"Salmonella typhi,Hepatitis A virus"
1,1,0,0,0,1,1,0,1,1,1,1,1,0,6.4,0.1,"Hepatitis A virus,Shigella spp.,Pseudomonas"
0,0,0,1,1,1,0,0,0,1,0,0,0,1,5.3,4.8,"Salmonella typhi,Hepatitis A virus,Shigella spp.,E. coli,Giardia lamblia"
1,1,0,1,1,1,0,0,1,1,0,0,0,0,5.1,2.5,Shigella spp.
1,0,0,1,0,0,0,0,0,0,0,1,1,1,8.8,9.7,"Shigella spp.,E. coli,Giardia lamblia,Cryptosporidium"
0,1,1,0,1,0,0,1,0,1,1,1,1,0,8.7,8.3,"Salmonella typhi,Hepatitis A virus,Shigella spp.,Giardia lamblia"
1,1,0,0,0,0,0,1,0,0,0,1,0,0,5.9,2.9,Hepatitis A virus
1,0,1,0,0,1,1,0,0,0,0,1,0,0,5.1,4.2,"Salmonella typhi,E. coli,Leptospira"
1,1,1,0,1,1,0,0,1,0,1,0,1,0,8.9,14.9,"Salmonella typhi,Hepatitis A virus,Shigella spp.,E. coli,Giardia lamblia,Pseudomonas,Cryptosporidium"
1,0,1,0,1,0,0,0,1,0,1,0,0,0,5.4,14.2,"Vibrio cholerae,Salmonella typhi,Hepatitis A virus,Giardia lamblia,Pseudomonas,Cryptosporidium"
1,0,0,1,1,0,0,1,0,1,1,0,0,0,8.0,9.0,"Shigella spp.,Pseudomonas,Cryptosporidium"
1,1,0,0,0,0,1,1,1,0,0,0,1,1,5.4,5.9,"Vibrio cholerae,Salmonella typhi,Hepatitis A virus,Shigella spp.,Cryptosporidium"
0,1,1,0,0,0,1,1,1,1,1,0,1,1,7.2,5.7,"Salmonella typhi,Hepatitis A virus,Pseudomonas"
1,1,0,0,1,0,0,1,0,1,1,0,1,0,5.2,10.7,"Vibrio cholerae,Hepatitis A virus,Shigella spp.,E. coli,Giardia lamblia,Pseudomonas,Cryptosporidium"
1,1,0,0,1,0,1,1,1,1,0,0,0,1,7.4,14.7,"Salmonella typhi,Hepatitis A virus,E. coli,Cryptosporidium"
0,0,1,1,0,0,0,1,0,1,1,0,0,0,7.4,6.4,"Salmonella typhi,Shigella spp.,E. coli,Giardia lamblia,Pseudomonas"
1,0,1,1,1,1,0,1,1,1,1,1,1,1,8.5,13.8,"Salmonella typhi,Hepatitis A virus,Shigella spp.,E. coli,Giardia lamblia,Pseudomonas,Cryptosporidium"
1,0,1,0,1,1,1,0,1,0,0,0,0,0,6.0,14.6,"Vibrio cholerae,Salmonella typhi,Hepatitis A virus,E. coli,Giardia lamblia,Cryptosporidium"
0,0,0,0,1,0,0,0,0,0,0,1,1,0,8.5,4.8,"Hepatitis A virus,Shigella spp.,Giardia lamblia"
0,1,0,1,0,0,1,0,1,1,0,1,0,0,7.0,11.3,"Salmonella typhi,Hepatitis A virus,E. coli,Giardia lamblia"
1,1,0,0,1,1,1,0,0,1,1,0,0,1,7.6,2.1,"Salmonella typhi,Hepatitis A virus,Pseudomonas"
1,1,0,0,0,1,0,0,0,0,1,1,1,0,6.3,14.6,"Vibrio cholerae,Salmonella typhi,Shigella spp.,Pseudomonas,Cryptosporidium"
1,0,1,0,1,0,1,1,0,1,1,0,1,0,5.1,13.4,"Vibrio cholerae,Salmonella typhi,Hepatitis A virus,Shigella spp.,Giardia lamblia,Pseudomonas"
0,0,1,1,1,0,0,1,0,0,1,0,0,0,6.0,0.1,"Shigella spp.,Pseudomonas"
1,1,1,1,0,1,1,0,1,1,1,1,0,0,7.2,11.3,"Hepatitis A virus,Giardia lamblia,Leptospira,Pseudomonas,Cryptosporidium"
0,0,1,0,1,0,0,1,1,0,1,0,1,1,8.7,1.3,"Hepatitis A virus,Shigella spp.,Pseudomonas"
1,1,0,1,0,1,1,1,1,0,0,1,1,1,7.1,1.9,Hepatitis A virus
1,1,0,0,1,1,1,1,1,0,1,0,1,0,6.1,14.0,"Vibrio cholerae,Salmonella typhi,Hepatitis A virus,E. coli,Giardia lamblia,Pseudomonas,Cryptosporidium"
0,1,1,0,1,1,1,0,1,1,1,1,1,1,7.2,12.4,"Salmonella typhi,Leptospira,Pseudomonas"
1,1,0,0,0,0,1,0,1,0,0,1,1,0,6.2,1.0,Shigella spp.
1,0,0,1,0,1,1,1,0,0,1,0,0,0,5.6,12.6,"Vibrio cholerae,Salmonella typhi,Hepatitis A virus,Shigella spp.,E. coli,Giardia lamblia,Pseudomonas,Cryptosporidium"
0,1,1,0,0,0,0,1,0,0,1,1,1,1,6.1,3.0,"Salmonella typhi,Hepatitis A virus,Shigella spp.,Pseudomonas"
0,1,0,1,0,1,1,0,1,1,0,1,0,1,5.3,2.5,"Hepatitis A virus,Shigella spp."
1,0,1,0,1,0,0,1,1,0,0,0,1,0,7.3,11.2,"Salmonella typhi,Hepatitis A virus,Shigella spp.,E. coli"
1,0,0,1,0,1,1,1,0,1,1,0,0,0,7.1,7.6,"Salmonella typhi,Hepatitis A virus,E. coli,Pseudomonas"
1,1,0,1,0,0,1,0,0,0,0,1,0,0,8.8,3.5,"Salmonella typhi,Giardia lamblia"
1,1,0,1,0,1,0,1,1,1,1,1,1,1,5.6,3.8,"Salmonella typhi,Hepatitis A virus,Shigella spp.,Pseudomonas"
0,1,1,1,1,1,0,1,0,0,0,1,1,1,6.0,0.2,"Hepatitis A virus,Leptospira"
1,0,1,0,0,0,0,0,1,1,0,1,1,0,5.5,4.3,"Salmonella typhi,Hepatitis A virus,Shigella spp.,E. coli,Leptospira"
1,0,0,0,1,1,1,0,1,0,1,1,0,0,6.7,2.3,"Salmonella typhi,Hepatitis A virus,Pseudomonas"
1,1,0,1,0,0,1,0,0,1,1,1,0,0,5.2,2.9,"Shigella spp.,Pseudomonas"
0,1,1,1,0,0,1,1,1,0,0,0,0,0,7.6,11.7,"Salmonella typhi,Hepatitis A virus,Shigella spp.,E. coli,Giardia lamblia"
1,0,1,0,1,1,1,0,1,1,1,0,1,1,8.3,8.1,"Hepatitis A virus,E. coli,Giardia lamblia,Pseudomonas"
1,1,0,1,1,1,0,1,1,0,0,1,1,1,5.7,3.5,"Salmonella typhi,Hepatitis A virus,Shigella spp.,Giardia lamblia"
1,0,1,1,0,1,1,1,1,0,0,0,0,0,8.5,0.2,Shigella spp.
1,0,0,1,1,0,0,0,1,0,1,1,1,0,6.4,10.3,"Vibrio cholerae,Hepatitis A virus,Shigella spp.,E. coli,Pseudomonas,Cryptosporidium"
1,0,0,0,0,0,1,0,0,0,1,0,1,1,5.2,11.1,"Vibrio cholerae,Salmonella typhi,Shigella spp.,E. coli,Pseudomonas,Cryptosporidium"
1,1,0,1,1,1,1,1,1,1,0,0,1,1,7.1,13.9,"Salmonella typhi,Hepatitis A virus,Shigella spp.,E. coli,Cryptosporidium"
0,1,1,0,1,0,0,1,0,1,0,0,0,1,6.0,7.8,"Vibrio cholerae,Salmonella typhi,Hepatitis A virus,Giardia lamblia"
1,0,1,1,1,1,1,0,0,0,1,1,0,1,5.5,11.2,"Vibrio cholerae,Salmonella typhi,Hepatitis A virus,Shigella spp.,Giardia lamblia,Leptospira,Pseudomonas,Cryptosporidium"
0,1,0,1,0,0,0,0,1,1,0,0,0,1,8.6,9.5,"Hepatitis A virus,Shigella spp."
0,0,1,0,1,0,0,0,0,1,0,1,0,0,8.4,14.2,"Salmonella typhi,Hepatitis A virus,Giardia lamblia,Leptospira"
1,1,0,0,0,0,0,1,1,0,0,0,0,0,5.1,7.8,"Vibrio cholerae,Hepatitis A virus,E. coli,Cryptosporidium"
1,1,1,1,1,1,0,0,1,1,1,0,1,1,5.5,11.5,"Vibrio cholerae,Hepatitis A virus,Shigella spp.,E. coli,Giardia lamblia,Pseudomonas,Cryptosporidium"
0,0,1,1,0,1,1,0,0,0,0,1,1,1,7.0,11.9,"Salmonella typhi,Shigella spp.,E. coli,Giardia lamblia,Leptospira"
0,0,1,1,0,1,1,1,0,1,1,0,0,0,5.3,2.4,"Salmonella typhi,Hepatitis A virus,Shigella spp.,Pseudomonas"
0,0,1,1,1,1,0,1,0,1,1,1,0,0,7.2,14.3,"Salmonella typhi,Shigella spp.,Giardia lamblia,Leptospira,Pseudomonas"
0,0,0,0,1,0,1,0,0,1,1,1,1,0,7.0,4.5,"Salmonella typhi,Giardia lamblia"
1,0,0,1,0,1,0,1,0,0,0,1,0,0,7.6,13.0,"Salmonella typhi,Hepatitis A virus,Shigella spp.,E. coli"
0,1,0,1,1,1,1,1,0,0,0,0,0,0,8.9,12.3,"Salmonella typhi,Hepatitis A virus,Shigella spp.,Giardia lamblia"
1,1,1,1,1,1,0,1,0,1,0,0,0,1,7.8,2.1,"Salmonella typhi,Hepatitis A virus,Shigella spp."
1,1,1,0,0,1,0,1,0,0,1,1,0,1,5.5,14.1,"Vibrio cholerae,Salmonella typhi,Hepatitis A virus,E. coli,Leptospira,Pseudomonas,Cryptosporidium"
0,0,0,0,1,1,0,0,0,0,1,0,1,1,8.6,4.5,"Salmonella typhi,Shigella spp.,Pseudomonas"
0,0,0,1,1,0,1,0,0,0,0,0,0,0,7.1,9.4,"Salmonella typhi,Hepatitis A virus,E. coli,Giardia lamblia"
1,0,1,0,0,0,1,0,1,0,0,1,0,1,8.8,6.2,"Salmonella typhi,E. coli,Leptospira,Cryptosporidium"
0,1,1,0,0,1,1,1,0,0,1,1,0,1,8.6,0.2,"Hepatitis A virus,Leptospira,Pseudomonas"
0,1,0,1,1,1,0,0,1,1,1,0,1,1,7.2,5.2,"Salmonella typhi,Shigella spp.,E. coli,Giardia lamblia,Pseudomonas"
1,0,0,0,1,0,1,1,0,1,1,0,0,0,5.0,5.2,"Vibrio cholerae,Salmonella typhi,Hepatitis A virus,Giardia lamblia,Pseudomonas"
1,1,0,1,0,0,1,0,1,1,0,1,0,0,5.6,14.0,"Vibrio cholerae,Salmonella typhi,Hepatitis A virus,Shigella spp.,E. coli,Giardia lamblia,Cryptosporidium"
1,1,0,0,0,0,0,0,1,1,1,0,1,0,6.8,12.9,"Vibrio cholerae,Hepatitis A virus,Shigella spp.,E. coli,Pseudomonas"
0,1,0,0,0,1,0,1,0,0,0,1,1,1,6.1,10.6,"Salmonella typhi,Hepatitis A virus,Shigella spp."
1,1,1,1,1,1,0,1,0,0,1,0,0,0,7.6,12.6,"Salmonella typhi,Hepatitis A virus,Shigella spp.,E. coli,Giardia lamblia,Pseudomonas,Cryptosporidium"
0,0,1,0,1,1,0,0,0,1,0,0,0,1,6.1,12.5,Salmonella typhi
1,1,0,0,0,1,0,1,0,0,0,0,1,0,8.9,2.4,"Salmonella typhi,Hepatitis A virus"
0,0,0,1,0,0,0,0,1,1,1,1,1,0,7.7,13.8,"Hepatitis A virus,Shigella spp.,E. coli,Giardia lamblia,Pseudomonas"
0,0,1,0,0,0,1,1,0,1,0,0,1,0,8.3,8.2,Salmonella typhi
0,1,0,0,0,1,0,0,0,0,1,0,1,1,8.2,10.5,"Salmonella typhi,Shigella spp.,Pseudomonas"
1,0,1,0,0,0,1,0,0,1,1,0,1,1,8.6,0.1,"Shigella spp.,Pseudomonas"
0,0,1,1,0,1,1,1,1,0,1,0,1,0,9.0,14.3,"Salmonella typhi,Shigella spp.,E. coli,Giardia lamblia"
0,1,0,1,0,1,0,0,1,1,1,1,1,1,5.1,6.1,"Vibrio cholerae,Hepatitis A virus,Shigella spp.,E. coli,Pseudomonas"
1,0,1,1,1,0,1,0,1,0,0,0,0,1,6.7,12.8,"Vibrio cholerae,Hepatitis A virus,Shigella spp.,E. coli,Giardia lamblia,Cryptosporidium"
1,0,0,1,1,1,0,1,0,1,0,1,1,0,5.4,13.8,"Vibrio cholerae,Salmonella typhi,Hepatitis A virus,Shigella spp.,E. coli,Cryptosporidium"
0,1,1,0,0,0,1,1,1,1,1,0,1,1,8.4,7.5,Salmonella typhi
0,0,0,1,1,0,1,0,1,0,0,1,0,1,5.8,3.8,"Salmonella typhi,Shigella spp."
1,0,1,0,1,0,0,0,0,1,0,0,1,1,9.0,7.7,"Salmonella typhi,Shigella spp.,E. coli,Giardia lamblia,Cryptosporidium"
0,1,0,0,1,1,0,1,1,0,1,0,0,1,5.2,5.5,"Vibrio cholerae,Hepatitis A virus,Giardia lamblia,Pseudomonas"
1,0,1,1,0,1,0,0,1,0,0,1,1,0,8.8,12.9,"Hepatitis A virus,Shigella spp.,E. coli,Giardia lamblia,Leptospira,Cryptosporidium"
0,1,1,1,0,0,0,0,1,0,1,1,0,0,8.7,6.0,"Salmonella typhi,Hepatitis A virus,Shigella spp.,E. coli,Giardia lamblia,Leptospira,Pseudomonas"
1,1,1,1,0,0,1,0,1,1,0,1,1,0,5.8,0.4,"Hepatitis A virus,Shigella spp.,Leptospira"
0,1,0,0,1,0,0,1,0,1,1,0,1,1,6.8,14.6,"Vibrio cholerae,Shigella spp.,Giardia lamblia,Pseudomonas"
1,0,0,0,1,0,1,0,0,0,1,0,0,0,8.2,7.7,"Salmonella typhi,Hepatitis A virus,E. coli,Giardia lamblia,Pseudomonas,Cryptosporidium"
0,0,0,1,1,0,0,1,1,0,0,1,0,0,6.0,6.9,"Hepatitis A virus,Shigella spp.,E. coli,Giardia lamblia"
1,0,1,1,0,1,1,1,0,1,1,1,0,1,6.7,6.0,"Vibrio cholerae,Hepatitis A virus,Shigella spp.,E. coli,Giardia lamblia,Leptospira,Pseudomonas,Cryptosporidium"
0,1,0,1,0,0,1,0,1,0,1,0,1,0,7.1,7.4,"Salmonella typhi,Hepatitis A virus,Shigella spp.,Giardia lamblia,Pseudomonas"
0,1,0,0,1,0,1,1,1,0,0,1,1,1,8.7,10.5,"Salmonella typhi,Shigella spp.,Giardia lamblia"
1,1,0,1,1,0,1,1,1,0,0,1,1,0,6.7,0.1,Shigella spp.
1,0,0,0,0,1,1,0,0,1,0,0,1,0,5.2,9.5,"Vibrio cholerae,Salmonella typhi,Shigella spp.,E. coli,Cryptosporidium"
1,1,0,0,1,0,0,0,0,0,0,1,1,1,6.3,0.1,Shigella spp.
1,0,0,1,0,0,1,0,1,1,0,1,0,1,5.5,11.9,"Vibrio cholerae,Hepatitis A virus,Shigella spp.,E. coli,Giardia lamblia,Cryptosporidium"
1,1,1,0,0,1,0,0,0,1,1,1,0,1,7.5,13.8,"Salmonella typhi,E. coli,Leptospira,Pseudomonas,Cryptosporidium"
0,1,1,1,1,1,1,1,0,0,1,0,1,0,8.0,14.0,"Salmonella typhi,Hepatitis A virus,Shigella spp.,E. coli,Giardia lamblia,Pseudomonas"
0,1,0,0,1,0,1,1,0,0,1,1,1,1,8.7,7.7,"Salmonella typhi,Hepatitis A virus,Shigella spp.,Giardia lamblia,Pseudomonas"
1,0,0,1,0,1,1,0,1,0,1,0,1,0,6.2,5.5,"Vibrio cholerae,Salmonella typhi,Hepatitis A virus,Shigella spp.,E. coli,Giardia lamblia,Pseudomonas,Cryptosporidium"
0,0,0,1,0,0,0,0,1,0,0,1,0,0,8.1,6.8,"Hepatitis A virus,Shigella spp.,E. coli"
1,0,1,0,0,1,1,0,1,1,0,1,1,0,5.9,5.2,"Salmonella typhi,Hepatitis A virus,Shigella spp.,E. coli,Leptospira,Cryptosporidium"
0,1,0,1,1,0,0,0,0,0,1,1,0,0,7.1,13.7,"Shigella spp.,E. coli,Giardia lamblia,Pseudomonas"
1,0,0,0,0,0,1,1,0,0,0,0,1,1,6.6,5.1,"Vibrio cholerae,Salmonella typhi,Hepatitis A virus,Shigella spp.,E. coli,Cryptosporidium"
0,0,0,1,0,0,1,1,0,0,1,1,0,1,6.0,0.0,"Hepatitis A virus,Shigella spp.,Pseudomonas"
0,1,1,0,1,1,1,1,1,1,0,0,0,0,8.1,2.3,"Salmonella typhi,Hepatitis A virus"
0,1,0,1,0,1,1,1,0,0,0,1,0,0,6.9,14.4,"Vibrio cholerae,Salmonella typhi,Hepatitis A virus,Shigella spp.,E. coli,Giardia lamblia"
0,0,1,0,1,0,0,0,0,0,1,0,0,1,5.4,7.0,"Salmonella typhi,Giardia lamblia,Pseudomonas"
0,1,0,1,1,1,0,0,0,1,0,1,0,1,5.8,4.9,"Salmonella typhi,E. coli,Giardia lamblia"
0,0,0,1,0,1,1,0,1,1,0,0,1,0,6.0,2.3,"Salmonella typhi,Hepatitis A virus,Shigella spp."
0,0,0,1,1,0,1,0,0,1,0,0,0,1,6.6,11.6,"Salmonella typhi,Hepatitis A virus,Shigella spp.,E. coli,Giardia lamblia"
1,0,0,1,1,0,1,1,1,0,0,1,1,1,8.1,13.2,"Salmonella typhi,E. coli,Giardia lamblia,Cryptosporidium"
1,0,0,0,0,1,1,1,1,0,0,1,1,0,8.3,1.7,Hepatitis A virus
1,0,1,1,0,0,0,0,1,0,0,0,1,0,5.2,12.5,"Vibrio cholerae,Salmonella typhi,Shigella spp.,E. coli,Cryptosporidium"
1,0,0,1,0,1,1,1,1,1,0,0,0,1,8.9,3.3,"Salmonella typhi,Shigella spp.,Giardia lamblia"
1,1,1,1,1,0,1,0,1,0,0,1,0,0,5.2,2.2,"Salmonella typhi,Hepatitis A virus,Shigella spp.,Leptospira"
1,1,1,0,0,0,0,1,0,1,1,0,0,1,5.7,7.0,"Vibrio cholerae,Salmonella typhi,Hepatitis A virus,E. coli,Pseudomonas,Cryptosporidium"
0,0,0,1,0,0,0,0,1,1,0,1,0,1,6.2,8.5,"Shigella spp.,E. coli"
1,0,1,1,1,1,1,0,1,1,0,0,1,0,6.2,6.1,"Vibrio cholerae,Salmonella typhi,Hepatitis A virus,Shigella spp.,E. coli,Giardia lamblia"
0,0,1,0,1,0,1,1,0,0,1,1,1,1,6.8,11.9,"Salmonella typhi,Hepatitis A virus,Shigella spp.,Giardia lamblia,Leptospira,Pseudomonas"
0,1,0,0,1,0,0,1,0,1,1,0,1,1,7.0,10.2,"Hepatitis A virus,Shigella spp.,Giardia lamblia,Pseudomonas"
0,1,1,0,0,0,1,1,0,0,0,1,1,1,6.5,11.4,"Salmonella typhi,Hepatitis A virus,Shigella spp.,Leptospira"
1,1,0,0,1,1,0,0,1,0,0,0,1,0,6.0,0.6,"Hepatitis A virus,Shigella spp."
0,0,1,1,0,1,1,0,1,0,0,1,1,0,8.4,2.9,"Hepatitis A virus,Shigella spp."
0,0,0,1,1,1,0,0,0,1,1,0,0,1,8.9,7.6,"Salmonella typhi,Hepatitis A virus,Shigella spp.,E. coli,Giardia lamblia,Pseudomonas"
0,0,0,0,0,0,1,1,1,1,0,1,1,1,8.3,3.3,"Salmonella typhi,Hepatitis A virus,Shigella spp."
1,1,1,1,1,1,0,1,1,0,0,1,1,0,7.5,4.0,"Salmonella typhi,Shigella spp.,Leptospira"
0,1,0,1,1,0,1,1,0,0,1,0,0,0,5.9,9.3,"Vibrio cholerae,Salmonella typhi,Hepatitis A virus,Shigella spp.,E. coli,Giardia lamblia,Pseudomonas"
0,1,0,1,0,0,0,1,1,1,1,1,0,0,6.7,4.8,"Hepatitis A virus,Shigella spp.,E. coli,Giardia lamblia,Pseudomonas"
1,0,1,1,1,1,1,1,0,0,0,0,1,1,8.2,6.8,"Salmonella typhi,Shigella spp.,E. coli,Giardia lamblia,Cryptosporidium"
0,1,1,0,0,0,1,0,1,1,0,0,1,0,7.2,7.9,"Salmonella typhi,Shigella spp."
0,1,0,0,0,1,1,0,1,0,0,0,0,0,8.9,11.1,"Salmonella typhi,Hepatitis A virus"
1,1,1,0,0,0,0,0,0,0,0,1,1,1,7.7,2.6,"Salmonella typhi,Leptospira"
0,1,0,1,0,1,1,1,0,0,0,1,1,1,6.8,2.3,"Salmonella typhi,Hepatitis A virus,Shigella spp."
1,0,0,1,0,0,1,0,0,0,0,1,1,0,6.9,9.0,"Vibrio cholerae,Salmonella typhi,Shigella spp.,Giardia lamblia"
0,1,1,1,0,1,0,0,1,1,0,0,0,1,5.8,11.6,"Vibrio cholerae,Salmonella typhi,Shigella spp.,E. coli"
1,1,1,1,0,0,0,0,0,0,1,1,0,1,6.8,13.8,"Vibrio cholerae,Salmonella typhi,E. coli,Leptospira,Pseudomonas,Cryptosporidium"
0,1,0,0,1,0,1,0,0,0,0,1,1,0,7.6,9.3,"Salmonella typhi,Hepatitis A virus,Giardia lamblia"
1,0,0,0,0,0,1,1,1,1,1,0,1,1,7.8,7.7,"Salmonella typhi,Shigella spp.,E. coli,Cryptosporidium"
1,1,1,0,0,1,1,1,1,0,0,0,0,1,6.3,2.3,"Salmonella typhi,Hepatitis A virus"
1,1,0,1,1,1,1,1,0,0,0,0,0,0,6.5,3.5,"Salmonella typhi,Hepatitis A virus,Giardia lamblia"
0,0,0,1,0,1,0,1,1,0,0,0,0,1,6.5,7.8,"Salmonella typhi,E. coli,Giardia lamblia"
1,1,1,0,1,1,0,0,0,1,1,0,1,0,7.4,13.1,"Salmonella typhi,Hepatitis A virus,Shigella spp.,Pseudomonas,Cryptosporidium"
1,0,0,0,0,1,0,0,1,0,1,0,1,0,8.6,6.7,"Hepatitis A virus,Shigella spp.,Pseudomonas,Cryptosporidium"
0,0,0,0,1,1,1,0,1,0,1,0,0,1,8.7,11.8,"Salmonella typhi,Hepatitis A virus,Giardia lamblia,Pseudomonas"
0,0,0,0,1,1,0,1,0,1,1,1,1,0,8.1,6.9,"Salmonella typhi,Giardia lamblia,Pseudomonas"
1,0,1,0,1,0,1,1,0,1,0,1,0,0,8.1,4.1,"Salmonella typhi,Hepatitis A virus,Giardia lamblia,Leptospira"
0,1,0,0,1,1,0,0,1,0,0,1,0,0,8.3,11.8,"Salmonella typhi,Hepatitis A virus,Giardia lamblia"
1,1,0,0,0,1,1,1,0,0,1,0,0,1,7.8,9.5,"Salmonella typhi,Hepatitis A virus,E. coli,Pseudomonas,Cryptosporidium"
0,1,0,0,0,1,0,1,1,1,0,0,1,1,8.6,5.1,"Salmonella typhi,Hepatitis A virus,Shigella spp."
0,0,0,0,0,1,0,0,1,1,0,1,1,1,8.3,2.1,"Salmonella typhi,Hepatitis A virus,Shigella spp."
0,1,0,1,0,0,1,1,1,0,1,1,1,0,5.5,4.0,"Salmonella typhi,Hepatitis A virus,Shigella spp.,Giardia lamblia"
1,0,0,1,1,0,1,0,0,1,1,1,1,0,8.0,1.5,"Hepatitis A virus,Shigella spp.,Pseudomonas"
1,0,0,0,0,1,1,0,1,0,1,1,0,0,7.2,2.1,"Salmonella typhi,Hepatitis A virus,Pseudomonas"
0,1,1,1,0,0,1,0,0,1,0,1,1,0,6.1,0.6,"Shigella spp.,Leptospira"
1,0,0,1,1,0,1,1,0,1,1,1,1,0,7.4,8.7,"Salmonella typhi,Hepatitis A virus,Shigella spp.,E. coli,Giardia lamblia,Cryptosporidium"
0,1,1,0,1,1,1,1,1,1,1,1,1,1,8.1,10.6,"Salmonella typhi,Hepatitis A virus,Shigella spp.,Giardia lamblia,Leptospira,Pseudomonas"
1,0,1,0,0,0,0,0,0,0,1,0,0,1,6.3,2.0,Pseudomonas
0,0,0,0,1,0,1,0,0,1,0,1,1,0,6.3,0.3,"Hepatitis A virus,Shigella spp."
0,0,1,0,1,0,1,1,1,1,0,1,0,1,7.9,6.0,Giardia lamblia
1,1,1,1,0,0,0,0,1,1,0,1,1,1,8.0,7.6,"Salmonella typhi,E. coli,Giardia lamblia,Leptospira"
0,1,1,1,0,0,0,1,0,0,1,1,1,1,7.7,5.7,"Hepatitis A virus,Shigella spp.,Giardia lamblia,Leptospira,Pseudomonas"
0,1,1,0,1,1,1,0,1,0,0,0,1,1,8.5,2.6,"Salmonella typhi,Hepatitis A virus,Shigella spp."
1,1,1,0,1,0,0,1,0,1,1,0,1,0,8.9,12.9,"Shigella spp.,E. coli,Giardia lamblia,Pseudomonas"
1,0,1,1,1,1,0,1,1,1,0,1,1,0,7.7,7.4,"Salmonella typhi,Hepatitis A virus,Shigella spp.,E. coli,Leptospira,Cryptosporidium"
0,0,1,0,0,1,1,0,1,1,1,0,0,0,7.7,11.7,"Salmonella typhi,Pseudomonas"
1,1,1,0,1,0,1,1,0,0,1,1,1,1,8.9,1.7,"Hepatitis A virus,Shigella spp.,Leptospira,Pseudomonas"
1,0,1,0,0,1,0,1,1,1,1,1,0,0,8.8,12.6,"Salmonella typhi,Hepatitis A virus,E. coli,Leptospira,Pseudomonas,Cryptosporidium"
0,0,1,1,0,0,0,1,0,1,1,0,1,1,8.6,11.6,"Hepatitis A virus,E. coli,Giardia lamblia,Pseudomonas"
0,1,1,0,1,0,0,1,1,1,0,1,1,1,6.4,0.0,Leptospira
1,1,0,1,1,1,1,0,0,0,0,0,0,0,6.2,13.0,"Vibrio cholerae,Salmonella typhi,Hepatitis A virus,Shigella spp.,E. coli,Giardia lamblia,Cryptosporidium"
0,1,1,1,0,0,1,0,1,1,1,0,1,1,5.7,5.1,"Vibrio cholerae,Salmonella typhi,Hepatitis A virus,Shigella spp.,E. coli,Giardia lamblia,Pseudomonas"
0,1,1,1,0,1,0,0,0,0,0,1,0,1,8.3,13.4,"Salmonella typhi,Shigella spp.,E. coli,Leptospira"
1,0,1,0,1,0,0,0,0,1,1,0,1,1,6.7,13.8,"Vibrio cholerae,Salmonella typhi,Hepatitis A virus,E. coli,Giardia lamblia,Pseudomonas,Cryptosporidium"
1,1,1,0,0,0,1,0,0,1,0,1,1,1,7.9,13.1,"Salmonella typhi,Shigella spp.,E. coli,Cryptosporidium"
0,0,0,1,0,0,0,0,0,1,1,0,1,1,6.1,4.3,"Shigella spp.,E. coli,Pseudomonas"
1,0,1,0,0,1,0,0,0,0,1,0,0,1,5.8,0.7,Pseudomonas
1,1,1,1,0,0,1,0,0,1,1,1,0,0,6.3,6.5,"Vibrio cholerae,Salmonella typhi,Shigella spp.,E. coli,Giardia lamblia,Leptospira,Pseudomonas,Cryptosporidium"
0,0,1,0,1,0,0,1,0,1,0,0,1,0,6.2,9.4,"Salmonella typhi,Hepatitis A virus,Shigella spp.,Giardia lamblia"
0,0,1,1,1,1,0,1,0,0,0,1,1,1,8.0,4.2,"Salmonella typhi,Hepatitis A virus,Shigella spp.,E. coli,Giardia lamblia,Leptospira"
0,0,0,0,0,0,0,0,1,1,0,1,1,1,7.3,3.9,Shigella spp.
1,1,0,0,1,1,1,0,1,0,1,1,1,1,8.6,10.6,"Salmonella typhi,Hepatitis A virus,Shigella spp.,E. coli,Giardia lamblia,Pseudomonas,Cryptosporidium"
1,1,1,1,0,0,1,0,0,0,0,0,1,0,6.7,1.3,None
1,0,0,1,1,0,0,0,1,0,1,1,0,0,6.0,7.4,"Vibrio cholerae,Hepatitis A virus,Shigella spp.,E. coli,Giardia lamblia,Pseudomonas,Cryptosporidium"
1,1,0,1,0,1,1,1,1,0,0,0,1,1,8.6,5.9,"Salmonella typhi,Hepatitis A virus,Shigella spp.,E. coli,Giardia lamblia,Cryptosporidium"
0,0,0,0,1,1,1,1,0,1,1,0,0,0,6.2,8.3,"Salmonella typhi,Hepatitis A virus,Giardia lamblia"
1,0,0,0,0,0,0,0,1,0,1,1,1,0,8.6,0.9,"Shigella spp.,Pseudomonas"
0,1,0,1,1,1,1,0,1,0,0,0,0,1,6.6,5.0,"Salmonella typhi,Shigella spp.,E. coli,Giardia lamblia"
0,1,1,1,0,0,0,0,1,0,0,0,1,1,6.1,4.7,"Salmonella typhi,Hepatitis A virus,E. coli"
0,0,0,0,1,0,1,1,1,0,0,0,0,1,5.2,3.5,"Salmonella typhi,Hepatitis A virus,Giardia lamblia"
1,0,1,0,1,0,1,1,0,1,1,0,1,0,5.1,14.0,"Vibrio cholerae,Salmonella typhi,Hepatitis A virus,Shigella spp.,E. coli,Giardia lamblia,Pseudomonas,Cryptosporidium"
1,1,0,0,1,0,0,0,0,0,0,1,0,1,8.8,14.8,"Hepatitis A virus,E. coli,Giardia lamblia,Cryptosporidium"
1,1,0,1,1,0,0,1,0,1,1,0,0,1,6.0,8.3,"Vibrio cholerae,Hepatitis A virus,Shigella spp.,E. coli,Giardia lamblia,Pseudomonas,Cryptosporidium"
0,0,0,0,0,1,1,0,0,0,0,0,0,1,8.2,10.3,Salmonella typhi
0,0,1,0,0,1,0,0,1,0,1,1,1,1,6.6,8.9,"Salmonella typhi,Hepatitis A virus,Pseudomonas"
1,1,0,1,1,1,0,0,1,1,1,0,1,1,7.8,3.7,"Hepatitis A virus,Shigella spp.,Giardia lamblia,Pseudomonas"
0,0,1,0,1,1,1,0,0,1,0,0,0,1,5.9,5.9,"Salmonella typhi,Hepatitis A virus,Giardia lamblia"
1,1,1,0,1,1,1,1,0,1,0,1,0,0,6.2,5.8,"Vibrio cholerae,Salmonella typhi,Hepatitis A virus,Giardia lamblia,Cryptosporidium"
1,0,0,1,0,1,1,1,0,1,1,1,1,0,6.2,13.7,"Vibrio cholerae,Salmonella typhi,Hepatitis A virus,Shigella spp.,E. coli,Giardia lamblia,Pseudomonas,Cryptosporidium"
1,0,1,0,1,0,0,0,1,1,0,0,0,0,5.3,14.8,"Vibrio cholerae,Salmonella typhi,Hepatitis A virus,E. coli,Giardia lamblia,Cryptosporidium"
1,1,0,1,0,1,0,0,1,1,0,0,0,0,5.9,13.5,"Vibrio cholerae,Salmonella typhi,Hepatitis A virus,Shigella spp.,E. coli,Giardia lamblia,Cryptosporidium"
0,0,1,0,1,1,1,0,0,1,0,0,0,1,9.0,7.6,Hepatitis A virus
0,1,0,0,1,0,0,1,1,0,0,0,1,0,8.1,13.6,Shigella spp.
1,1,0,0,1,1,0,0,1,1,1,0,1,0,5.3,5.0,"Shigella spp.,E. coli,Giardia lamblia,Pseudomonas"
0,0,0,0,1,0,1,0,1,1,0,0,1,1,6.3,14.8,"Salmonella typhi,Hepatitis A virus,Shigella spp."
1,0,1,0,1,1,1,1,1,1,0,1,0,0,5.7,6.4,"Vibrio cholerae,Salmonella typhi,Hepatitis A virus,E. coli,Leptospira,Cryptosporidium"
0,0,1,1,1,1,1,0,1,0,1,0,0,1,7.2,14.2,"Salmonella typhi,Shigella spp.,E. coli,Giardia lamblia,Pseudomonas"
0,1,0,1,1,0,0,0,1,1,1,1,1,1,5.9,7.2,"Vibrio cholerae,Hepatitis A virus,Shigella spp.,E. coli,Giardia lamblia,Pseudomonas"
1,0,1,1,1,0,1,1,1,0,0,1,1,1,8.1,9.9,"Salmonella typhi,Hepatitis A virus,Shigella spp.,Giardia lamblia,Leptospira"
1,1,1,1,1,1,1,1,1,1,0,0,0,0,7.1,12.4,"Salmonella typhi,Hepatitis A virus,Shigella spp.,E. coli,Cryptosporidium"
0,0,0,1,1,0,0,0,1,0,0,0,1,0,5.7,0.7,"Hepatitis A virus,Shigella spp."
1,1,1,1,1,0,0,1,0,1,1,1,1,1,8.9,4.3,"Salmonella typhi,Shigella spp.,E. coli,Giardia lamblia,Leptospira"
1,0,1,0,0,1,0,1,0,0,1,0,1,0,8.7,12.3,"Salmonella typhi,Hepatitis A virus,Shigella spp.,E. coli,Pseudomonas,Cryptosporidium"
0,1,1,1,1,1,0,0,1,1,0,1,1,0,8.7,8.1,"Salmonella typhi,Hepatitis A virus,Shigella spp.,E. coli,Giardia lamblia,Leptospira"
1,1,1,0,1,0,1,0,1,0,0,0,1,0,9.0,12.6,"Salmonella typhi,Hepatitis A virus,Shigella spp.,E. coli,Giardia lamblia,Cryptosporidium"
0,1,1,0,1,0,0,0,0,1,1,1,0,1,7.8,4.2,"Salmonella typhi,Hepatitis A virus,Giardia lamblia,Pseudomonas"
0,0,1,1,1,1,0,0,1,1,0,0,0,1,7.0,5.9,"Salmonella typhi,Hepatitis A virus,Shigella spp.,E. coli"
0,0,1,0,0,1,1,1,1,0,1,1,0,1,5.6,2.0,"Hepatitis A virus,Leptospira"
0,1,1,1,1,1,1,0,0,0,1,0,0,1,8.1,12.7,"Salmonella typhi,Hepatitis A virus,Shigella spp.,E. coli,Giardia lamblia,Pseudomonas"
0,0,0,1,1,0,0,1,0,1,1,1,1,0,6.8,8.6,"Hepatitis A virus,Shigella spp.,E. coli,Giardia lamblia,Pseudomonas"
0,0,1,1,0,0,0,1,0,1,1,0,1,0,7.8,10.7,"Salmonella typhi,Hepatitis A virus,Shigella spp.,E. coli"
0,0,0,1,1,1,0,1,0,1,1,0,0,1,7.2,10.8,"Salmonella typhi,Hepatitis A virus,E. coli,Giardia lamblia,Pseudomonas"
0,0,1,0,0,0,1,0,1,1,1,0,0,1,5.8,14.7,"Salmonella typhi,Pseudomonas"
0,1,1,1,0,0,0,0,0,0,0,1,1,1,7.5,10.6,"Salmonella typhi,E. coli,Giardia lamblia,Leptospira"
1,0,0,1,0,1,1,1,0,0,1,1,1,0,6.7,0.1,"Hepatitis A virus,Shigella spp.,Pseudomonas"
0,0,1,0,0,0,0,0,1,0,1,0,1,0,6.6,4.7,"Hepatitis A virus,Shigella spp.,Pseudomonas"
0,1,1,0,0,0,1,0,1,0,1,0,0,0,6.6,7.9,"Vibrio cholerae,Hepatitis A virus,Pseudomonas"
1,1,1,1,1,1,0,0,1,0,1,1,0,0,6.9,3.5,"Salmonella typhi,Hepatitis A virus,Shigella spp.,Leptospira,Pseudomonas"
0,0,1,0,1,1,1,1,1,0,1,0,1,1,7.8,5.4,"Salmonella typhi,Hepatitis A virus,Shigella spp.,Giardia lamblia,Pseudomonas"
1,0,0,0,1,1,1,1,0,0,1,0,1,1,6.1,8.8,"Vibrio cholerae,Salmonella typhi,Hepatitis A virus,Shigella spp.,E. coli,Pseudomonas,Cryptosporidium"
0,0,1,1,1,1,1,1,1,1,0,0,1,1,5.6,13.6,"Salmonella typhi,Hepatitis A virus,Shigella spp.,E. coli,Giardia lamblia"
0,1,1,0,0,1,0,0,0,0,0,1,1,1,6.1,6.3,None
0,1,0,0,1,1,1,1,0,0,0,1,0,1,8.5,3.7,"Salmonella typhi,Hepatitis A virus,Giardia lamblia"
1,0,1,1,0,1,1,1,1,0,1,1,0,0,7.0,12.1,"Hepatitis A virus,Shigella spp.,E. coli,Giardia lamblia,Leptospira,Pseudomonas,Cryptosporidium"
1,0,1,0,1,1,0,0,0,1,0,0,1,0,6.0,4.2,"Salmonella typhi,Giardia lamblia"
0,1,1,0,0,1,1,0,1,1,1,1,1,1,8.5,4.7,"Salmonella typhi,Hepatitis A virus,Shigella spp.,Leptospira,Pseudomonas"
0,1,0,1,1,1,1,0,1,0,0,0,0,0,5.4,13.8,"Vibrio cholerae,Hepatitis A virus,Shigella spp.,E. coli"
0,0,1,0,1,1,1,1,1,0,0,1,0,0,6.4,14.8,"Salmonella typhi,Hepatitis A virus,Giardia lamblia"
1,0,0,0,1,0,1,1,1,0,0,0,1,1,8.2,1.3,"Hepatitis A virus,Shigella spp."
0,1,0,0,1,0,1,0,1,1,1,1,0,1,6.3,7.6,"Vibrio cholerae,Pseudomonas"
1,0,0,0,0,1,1,1,1,0,0,1,1,1,5.3,9.6,"Vibrio cholerae,Salmonella typhi,Hepatitis A virus,Shigella spp.,E. coli"
1,0,0,1,0,1,0,1,1,0,1,1,1,0,6.0,14.0,"Vibrio cholerae,Salmonella typhi,Hepatitis A virus,Shigella spp.,E. coli,Giardia lamblia,Pseudomonas"
0,1,0,1,1,0,0,1,0,1,1,0,0,1,7.1,7.3,"Hepatitis A virus,Shigella spp.,Giardia lamblia,Pseudomonas"
1,0,1,0,1,1,0,0,0,1,1,1,0,0,5.0,12.7,"Vibrio cholerae,Salmonella typhi,Hepatitis A virus,E. coli,Giardia lamblia,Leptospira,Pseudomonas,Cryptosporidium"
1,0,1,0,0,0,0,1,0,0,1,1,0,1,6.5,0.5,Pseudomonas
0,0,1,0,0,1,1,1,1,0,0,1,0,0,6.6,11.6,"Hepatitis A virus,Leptospira"
0,0,1,1,1,1,1,0,0,1,1,1,0,0,8.6,11.7,"Salmonella typhi,Hepatitis A virus,Shigella spp.,E. coli,Giardia lamblia,Leptospira,Pseudomonas"
1,0,1,0,0,0,0,1,0,1,0,0,1,1,5.8,2.9,"Salmonella typhi,Hepatitis A virus,Shigella spp."
0,0,0,0,0,0,1,0,1,1,0,1,1,1,9.0,1.6,Shigella spp.
1,1,1,1,1,0,1,0,1,0,0,1,1,0,8.8,9.2,"Salmonella typhi,Hepatitis A virus,Shigella spp.,E. coli,Cryptosporidium"
1,0,0,1,0,1,1,1,0,0,1,1,1,1,6.3,5.3,"Vibrio cholerae,Shigella spp.,E. coli,Giardia lamblia,Pseudomonas,Cryptosporidium"
1,0,1,1,1,0,0,0,1,1,0,0,1,0,5.4,6.8,"Vibrio cholerae,Shigella spp.,E. coli,Giardia lamblia,Cryptosporidium"
0,1,1,0,1,0,0,0,0,1,1,0,0,1,7.7,6.7,"Salmonella typhi,Hepatitis A virus,Giardia lamblia,Pseudomonas"
1,0,0,1,0,0,0,0,1,0,1,0,0,0,8.6,10.7,"Hepatitis A virus,Shigella spp.,E. coli,Pseudomonas,Cryptosporidium"
1,1,0,0,0,0,1,1,1,1,0,0,1,0,7.7,1.2,"Hepatitis A virus,Shigella spp."
0,1,0,0,0,1,1,1,1,1,0,0,1,0,7.5,11.6,"Salmonella typhi,Shigella spp."
0,1,1,1,0,1,0,1,0,0,1,1,0,1,7.7,6.1,"Salmonella typhi,Shigella spp.,E. coli,Giardia lamblia,Leptospira,Pseudomonas"
0,1,0,0,0,1,0,1,1,1,1,1,0,1,6.6,0.4,"Hepatitis A virus,Pseudomonas"
0,1,1,0,0,1,1,0,1,1,1,0,1,1,8.5,11.5,"Salmonella typhi,Hepatitis A virus,Shigella spp.,Pseudomonas"
0,0,0,1,0,0,0,0,1,0,1,0,1,0,6.1,13.2,"Hepatitis A virus,Shigella spp.,E. coli,Giardia lamblia,Pseudomonas"
1,1,1,0,1,0,0,0,1,0,1,0,1,0,6.2,3.8,"Salmonella typhi,Hepatitis A virus,Shigella spp.,Giardia lamblia"
1,0,1,0,0,0,1,0,0,0,1,0,0,0,8.0,6.8,"Salmonella typhi,E. coli,Pseudomonas,Cryptosporidium"
1,1,0,0,0,1,0,1,0,0,1,1,0,0,8.1,9.0,"Salmonella typhi,Hepatitis A virus,E. coli,Pseudomonas,Cryptosporidium"
1,1,1,1,1,1,1,0,0,0,0,0,1,1,9.0,14.6,"Salmonella typhi,Hepatitis A virus,E. coli,Giardia lamblia"
1,0,1,1,1,1,0,0,0,1,0,1,1,0,9.0,0.9,"Hepatitis A virus,Shigella spp.,Leptospira"
0,1,1,1,0,0,0,1,0,0,0,0,0,0,7.1,13.2,"Salmonella typhi,Hepatitis A virus,Shigella spp.,E. coli"
1,0,0,0,0,1,0,0,0,0,1,1,1,1,6.9,8.8,"Vibrio cholerae,Salmonella typhi,Shigella spp.,E. coli,Pseudomonas,Cryptosporidium"
1,1,0,1,0,1,1,1,1,1,0,0,0,0,8.0,5.0,"Hepatitis A virus,Shigella spp.,E. coli,Giardia lamblia"
0,1,1,0,1,1,1,0,0,1,1,1,1,1,6.5,4.7,"Salmonella typhi,Hepatitis A virus,Shigella spp.,Giardia lamblia,Leptospira,Pseudomonas"
1,0,0,1,1,1,0,1,1,0,0,1,1,0,6.8,14.4,"Vibrio cholerae,Salmonella typhi,Hepatitis A virus,E. coli,Giardia lamblia"
1,1,0,1,1,1,0,0,1,1,1,1,0,1,7.1,6.0,"Salmonella typhi,Hepatitis A virus,Shigella spp.,E. coli,Giardia lamblia,Pseudomonas,Cryptosporidium"
0,1,0,1,1,1,0,0,0,0,1,1,0,0,8.9,7.3,"Salmonella typhi,Hepatitis A virus,Shigella spp.,E. coli,Giardia lamblia,Pseudomonas"
1,1,0,1,1,0,1,0,1,1,0,1,1,1,5.7,2.4,"Salmonella typhi,Hepatitis A virus,Shigella spp."
0,0,1,1,1,1,1,1,1,1,0,1,0,0,5.6,7.5,"E. coli,Leptospira"
0,0,0,1,1,0,0,0,1,0,1,1,1,1,8.6,6.5,"Hepatitis A virus,E. coli,Pseudomonas"
1,1,0,0,1,0,1,1,0,1,0,0,0,1,6.7,9.2,"Vibrio cholerae,Hepatitis A virus,E. coli,Giardia lamblia,Cryptosporidium"
1,1,0,0,0,1,1,1,1,0,1,1,1,0,7.6,6.5,"Salmonella typhi,Hepatitis A virus,E. coli,Pseudomonas,Cryptosporidium"
0,0,1,1,0,0,1,1,1,1,1,0,1,0,5.9,7.3,"Salmonella typhi,Hepatitis A virus,Shigella spp.,E. coli,Giardia lamblia,Pseudomonas"
1,1,1,1,0,1,1,0,1,1,0,1,1,0,8.9,0.8,Shigella spp.
1,1,0,0,1,1,1,0,1,0,1,0,1,0,8.4,5.3,"Hepatitis A virus,Shigella spp.,E. coli,Giardia lamblia,Pseudomonas,Cryptosporidium"
1,1,0,0,0,1,0,1,1,0,1,1,1,1,6.9,7.2,"Vibrio cholerae,Salmonella typhi,Hepatitis A virus,Shigella spp.,E. coli,Pseudomonas,Cryptosporidium"
0,0,1,1,1,0,1,0,0,0,0,0,1,0,8.7,4.1,"Salmonella typhi,Hepatitis A virus,Shigella spp.,E. coli,Giardia lamblia"
0,0,0,0,0,1,1,0,1,1,1,0,1,1,6.3,10.2,"Hepatitis A virus,Shigella spp.,Pseudomonas"
0,0,1,0,1,0,0,0,0,1,0,1,0,1,7.7,9.6,"Salmonella typhi,Giardia lamblia,Leptospira"
0,1,0,1,1,1,1,0,0,0,1,0,1,1,8.7,13.2,"Salmonella typhi,Hepatitis A virus,Shigella spp.,E. coli,Giardia lamblia,Pseudomonas"
0,1,0,1,0,1,1,0,0,0,0,1,0,0,7.3,6.9,"Shigella spp.,Giardia lamblia"
0,0,0,0,0,0,0,0,1,1,0,1,1,0,8.8,4.1,"Hepatitis A virus,Shigella spp."
0,0,1,0,1,0,1,1,0,1,1,1,0,1,8.9,2.4,"Salmonella typhi,Hepatitis A virus,Pseudomonas"
0,1,1,0,1,0,1,0,1,0,1,0,0,1,7.3,4.9,"Salmonella typhi,Hepatitis A virus,Giardia lamblia,Pseudomonas"
1,1,0,1,1,1,0,1,1,1,1,0,1,0,5.7,12.0,"Vibrio cholerae,Salmonella typhi,Hepatitis A virus,Shigella spp.,E. coli,Giardia lamblia,Cryptosporidium"
1,1,1,1,0,1,0,0,1,1,0,1,1,0,8.9,12.7,"Hepatitis A virus,Shigella spp.,E. coli,Leptospira,Cryptosporidium"
0,1,0,0,1,1,1,1,1,1,0,0,0,1,5.5,12.8,Vibrio cholerae
1,1,0,0,1,0,1,0,1,0,0,1,1,1,7.3,2.7,"Salmonella typhi,Hepatitis A virus,Shigella spp."
0,1,0,1,0,0,0,0,0,0,0,0,1,0,5.7,2.5,Shigella spp.
0,1,0,1,1,0,0,0,0,1,0,0,0,0,6.2,6.9,"Vibrio cholerae,Hepatitis A virus,Shigella spp.,E. coli,Giardia lamblia"
0,1,0,1,0,1,0,0,1,0,0,1,0,0,5.5,0.7,"Hepatitis A virus,Shigella spp."
0,1,1,0,0,0,0,0,1,0,1,0,1,1,7.9,1.8,"Hepatitis A virus,Shigella spp.,Pseudomonas"
0,1,1,0,0,1,1,1,1,1,0,1,0,1,7.6,4.8,"Hepatitis A virus,Leptospira"
1,1,0,1,0,0,0,0,1,0,0,1,1,0,8.2,8.7,"Hepatitis A virus,Shigella spp.,E. coli,Giardia lamblia"
1,1,1,0,0,0,0,1,0,1,0,1,0,1,6.8,9.4,"Vibrio cholerae,Salmonella typhi,E. coli"
0,0,0,1,1,0,1,0,1,0,0,0,0,1,8.8,11.2,"Salmonella typhi,Hepatitis A virus,Shigella spp.,E. coli"
1,1,0,0,0,0,0,0,1,1,0,0,0,0,8.4,11.1,"Hepatitis A virus,E. coli,Cryptosporidium"
1,0,0,1,0,1,1,0,1,0,1,1,0,0,8.4,1.2,"Hepatitis A virus,Pseudomonas"
0,0,1,0,0,1,1,1,0,0,0,1,1,0,7.3,9.5,"Salmonella typhi,Hepatitis A virus,Shigella spp.,Leptospira"
1,0,0,0,0,0,1,0,1,1,0,1,1,1,7.8,9.1,"Salmonella typhi,Shigella spp.,Cryptosporidium"
0,1,0,0,1,1,1,0,0,1,1,0,1,0,8.8,3.3,"Salmonella typhi,Hepatitis A virus,Giardia lamblia,Pseudomonas"
1,1,0,1,1,0,1,0,0,0,0,0,1,1,9.0,10.6,"Salmonella typhi,Hepatitis A virus,Shigella spp.,E. coli,Cryptosporidium"
0,1,1,0,1,0,0,1,1,1,1,0,1,0,8.3,10.9,"Salmonella typhi,Giardia lamblia"
0,1,1,0,1,0,1,0,0,0,0,1,1,1,5.5,8.9,"Salmonella typhi,Hepatitis A virus,Shigella spp.,Leptospira"
0,0,1,1,1,0,0,1,1,0,0,1,1,1,8.6,12.5,"Hepatitis A virus,E. coli,Giardia lamblia"
1,0,0,0,0,1,1,1,0,0,1,1,1,0,6.7,6.8,"Vibrio cholerae,Salmonella typhi,Hepatitis A virus,E. coli,Pseudomonas,Cryptosporidium"
0,0,1,1,0,0,1,0,0,1,0,0,0,0,8.9,12.2,"Salmonella typhi,Shigella spp.,Giardia lamblia"
0,0,0,1,0,1,0,0,0,0,0,0,0,0,7.3,3.5,"Shigella spp.,Giardia lamblia"
1,1,1,1,0,1,0,1,1,1,0,0,1,1,5.7,1.2,Shigella spp.
1,0,1,0,0,0,0,0,1,0,1,0,0,1,8.5,0.1,"Hepatitis A virus,Pseudomonas"
0,1,1,1,0,1,1,1,1,1,0,1,0,0,8.0,9.3,"Salmonella typhi,Hepatitis A virus,Shigella spp.,E. coli,Leptospira"
1,1,1,1,1,1,1,0,1,0,0,0,1,1,8.3,2.9,"Hepatitis A virus,Shigella spp."
1,1,1,0,0,0,0,1,1,1,1,0,1,1,7.6,2.4,"Salmonella typhi,Hepatitis A virus,Shigella spp.,Pseudomonas"
1,1,1,1,0,0,0,1,0,1,0,1,0,1,8.5,14.5,"Salmonella typhi,Hepatitis A virus,E. coli,Giardia lamblia,Leptospira"
0,1,1,1,1,0,1,0,1,0,1,0,1,1,7.3,1.2,"Hepatitis A virus,Shigella spp.,Pseudomonas"
0,0,1,0,1,1,0,1,0,1,1,0,1,1,7.7,4.2,"Salmonella typhi,Hepatitis A virus,Shigella spp.,Giardia lamblia,Pseudomonas"
0,1,0,1,1,0,0,1,1,0,1,0,1,0,6.8,1.9,"Hepatitis A virus,Shigella spp.,Pseudomonas"
0,0,1,1,1,1,1,0,1,1,0,1,0,0,8.2,9.9,"Hepatitis A virus,Shigella spp.,E. coli,Giardia lamblia"
0,0,1,1,1,0,1,0,0,1,1,0,0,1,6.1,4.3,"Salmonella typhi,Hepatitis A virus,Shigella spp.,E. coli,Giardia lamblia,Pseudomonas"
0,0,0,0,0,0,1,0,0,0,1,0,0,1,8.0,14.7,"Salmonella typhi,Pseudomonas"
0,0,1,0,1,0,1,1,0,1,0,0,1,0,6.0,13.3,"Salmonella typhi,Hepatitis A virus,Shigella spp.,Giardia lamblia"
1,1,1,1,0,1,0,0,1,0,1,1,0,1,7.5,10.8,"Salmonella typhi,Hepatitis A virus,Shigella spp.,E. coli,Giardia lamblia,Leptospira,Pseudomonas,Cryptosporidium"
0,1,1,0,0,1,0,1,1,1,1,1,1,1,6.3,14.0,"Vibrio cholerae,Salmonella typhi,Hepatitis A virus,Shigella spp.,Leptospira,Pseudomonas"
1,1,1,0,1,0,1,0,1,1,0,1,1,1,7.8,7.9,"Salmonella typhi,Hepatitis A virus,E. coli,Giardia lamblia,Leptospira"
1,0,1,0,1,1,0,0,1,1,1,1,1,0,6.4,11.6,"Vibrio cholerae,Hepatitis A virus,Shigella spp.,E. coli,Giardia lamblia,Leptospira,Pseudomonas,Cryptosporidium"
0,1,1,1,0,0,0,1,1,0,0,1,1,1,5.5,13.7,"Vibrio cholerae,Salmonella typhi,Hepatitis A virus,E. coli,Giardia lamblia,Leptospira"
1,0,0,1,0,1,1,1,0,0,1,1,1,1,6.9,12.0,"Vibrio cholerae,Hepatitis A virus,Shigella spp.,E. coli,Giardia lamblia,Pseudomonas,Cryptosporidium"
0,0,0,1,0,1,1,0,1,1,1,1,1,1,5.8,14.6,"Salmonella typhi,Hepatitis A virus,Shigella spp.,E. coli,Giardia lamblia,Pseudomonas"
0,0,0,1,1,0,0,1,0,1,1,1,1,1,5.3,10.7,"Hepatitis A virus,Shigella spp.,E. coli,Giardia lamblia,Pseudomonas"
0,0,0,1,0,0,0,0,0,0,0,1,1,0,7.6,13.1,"Shigella spp.,E. coli,Giardia lamblia"
1,1,0,1,1,0,1,1,1,0,1,0,1,0,5.5,7.6,"Vibrio cholerae,Salmonella typhi,Hepatitis A virus,E. coli,Giardia lamblia,Pseudomonas,Cryptosporidium"
1,0,1,1,0,1,0,1,0,0,1,1,0,1,6.5,14.1,"Vibrio cholerae,Salmonella typhi,E. coli,Leptospira,Pseudomonas"
0,1,1,1,0,1,0,1,1,1,0,1,0,0,8.6,9.9,"Salmonella typhi,E. coli,Giardia lamblia,Leptospira"
1,0,0,1,0,0,0,0,1,1,1,1,1,0,7.0,14.8,"Hepatitis A virus,Shigella spp.,Giardia lamblia,Pseudomonas,Cryptosporidium"
1,1,1,0,0,0,0,0,1,0,0,1,0,1,5.8,9.0,"Salmonella typhi,E. coli,Leptospira"
1,1,1,0,0,0,0,1,0,1,0,0,1,1,7.5,0.1,"Hepatitis A virus,Shigella spp."
0,1,0,0,0,1,0,0,1,0,0,1,1,1,6.9,12.9,"Vibrio cholerae,Salmonella typhi,Shigella spp."
0,1,1,0,1,0,1,1,1,0,0,0,0,1,6.6,13.0,"Vibrio cholerae,Salmonella typhi,Hepatitis A virus,Giardia lamblia"
0,0,1,1,0,0,0,1,1,0,0,1,1,0,8.2,14.7,"Salmonella typhi,Hepatitis A virus,Shigella spp.,E. coli,Leptospira"
1,1,1,1,1,0,1,1,0,0,1,0,0,1,7.6,1.1,"Hepatitis A virus,Pseudomonas"
0,1,1,1,1,1,0,0,0,0,0,1,1,0,6.5,14.7,"Vibrio cholerae,Salmonella typhi,Hepatitis A virus,Shigella spp.,E. coli,Giardia lamblia,Leptospira"
1,1,0,0,1,1,0,0,1,0,0,0,0,0,8.3,1.5,Hepatitis A virus
0,0,1,0,0,1,1,0,1,0,0,1,0,0,7.5,5.6,"Hepatitis A virus,Leptospira"
1,0,0,1,1,1,1,1,0,0,0,1,1,1,5.1,5.5,"Vibrio cholerae,Salmonella typhi,Hepatitis A virus,Shigella spp.,E. coli,Giardia lamblia,Cryptosporidium"
0,1,1,1,0,1,1,1,0,1,1,0,0,0,6.0,0.9,"Hepatitis A virus,Pseudomonas"
1,0,1,0,0,1,1,0,1,0,1,0,1,0,7.0,0.0,Pseudomonas
1,1,1,1,1,0,0,1,1,1,0,0,0,0,6.0,8.4,"Vibrio cholerae,Hepatitis A virus,Shigella spp.,E. coli,Giardia lamblia,Cryptosporidium"
0,1,1,0,1,0,0,1,0,0,1,0,0,1,5.2,2.3,"Salmonella typhi,Hepatitis A virus,Pseudomonas"
0,1,1,1,1,0,0,0,0,0,0,0,0,1,5.4,4.6,"Hepatitis A virus,Shigella spp.,E. coli,Giardia lamblia"
1,0,1,0,1,0,1,1,0,0,0,0,1,1,8.6,0.3,"Hepatitis A virus,Shigella spp."
0,1,0,1,0,1,1,1,0,0,1,1,0,1,6.3,1.2,"Hepatitis A virus,Shigella spp.,Pseudomonas"
0,0,0,0,1,1,0,1,1,0,1,1,0,1,6.2,8.9,"Salmonella typhi,Hepatitis A virus,Giardia lamblia,Pseudomonas"
0,0,0,1,0,1,1,0,1,0,1,1,1,1,6.2,5.0,"Shigella spp.,E. coli,Giardia lamblia,Pseudomonas"
0,1,0,1,0,0,1,0,0,0,0,0,0,1,8.7,9.1,"Salmonella typhi,Shigella spp.,E. coli,Giardia lamblia"
1,1,1,1,0,0,1,0,1,0,1,1,0,1,7.9,13.2,"Salmonella typhi,Shigella spp.,E. coli,Leptospira,Pseudomonas,Cryptosporidium"
0,0,1,1,1,1,1,1,0,0,1,0,0,0,6.8,11.8,"Salmonella typhi,Hepatitis A virus,Shigella spp.,E. coli,Giardia lamblia"
0,1,1,1,0,1,1,0,1,0,0,0,1,1,5.2,14.3,"Vibrio cholerae,Salmonella typhi,E. coli,Giardia lamblia"
1,1,1,1,1,0,1,1,0,1,1,0,0,1,5.7,7.8,"Vibrio cholerae,Hepatitis A virus,Shigella spp.,E. coli,Pseudomonas,Cryptosporidium"
1,0,1,1,0,1,1,1,1,1,0,1,0,0,7.4,6.4,"Hepatitis A virus,E. coli,Giardia lamblia,Leptospira,Cryptosporidium"
0,0,1,1,0,1,1,0,0,1,1,0,1,1,7.8,10.6,"Salmonella typhi,Shigella spp.,Giardia lamblia,Pseudomonas"
0,1,0,0,1,0,0,0,0,1,1,0,0,1,6.7,1.8,"Hepatitis A virus,Pseudomonas"
0,1,0,0,0,0,1,1,1,1,1,1,1,1,5.5,5.0,"Shigella spp.,Pseudomonas"
0,0,1,0,1,1,0,0,0,1,1,0,1,0,7.8,7.6,"Salmonella typhi,Hepatitis A virus,Shigella spp.,Giardia lamblia,Pseudomonas"
1,1,0,0,1,1,0,1,0,1,0,0,1,1,6.6,12.2,"Vibrio cholerae,Hepatitis A virus,Shigella spp.,Giardia lamblia"
0,1,0,0,1,0,1,1,1,0,1,0,1,0,6.2,12.5,"Vibrio cholerae,Salmonella typhi,Hepatitis A virus,Shigella spp.,Giardia lamblia,Pseudomonas"
1,0,0,0,0,1,0,0,1,0,0,0,1,0,8.1,13.5,"Hepatitis A virus,Shigella spp.,Cryptosporidium"
0,1,0,0,1,0,0,0,0,0,1,0,1,0,7.6,6.4,"Hepatitis A virus,Shigella spp.,Giardia lamblia,Pseudomonas"
1,1,0,1,1,1,1,0,0,1,1,0,1,0,8.9,14.6,"Salmonella typhi,Hepatitis A virus,Shigella spp.,E. coli,Giardia lamblia,Pseudomonas,Cryptosporidium"
0,1,1,1,0,1,1,1,0,0,1,1,0,1,5.9,5.1,"Vibrio cholerae,Salmonella typhi,Hepatitis A virus,Shigella spp.,Giardia lamblia,Leptospira,Pseudomonas"
1,0,1,0,1,1,1,1,0,0,1,1,1,0,5.2,13.4,"Vibrio cholerae,Salmonella typhi,Shigella spp.,E. coli,Giardia lamblia,Pseudomonas,Cryptosporidium"
1,0,0,0,0,0,0,0,1,1,1,0,1,1,9.0,8.3,E. coli
1,1,0,0,0,1,0,1,0,1,1,0,1,1,6.1,5.9,"Vibrio cholerae,Salmonella typhi,Hepatitis A virus,Shigella spp.,E. coli,Cryptosporidium"
0,1,1,0,1,0,1,1,0,1,1,0,1,0,7.3,0.3,Pseudomonas
1,0,1,0,0,1,1,0,0,0,0,0,0,0,6.5,14.2,"Vibrio cholerae,Salmonella typhi,E. coli,Cryptosporidium"
0,1,0,0,0,0,0,1,0,1,0,0,1,0,6.3,9.7,"Vibrio cholerae,Hepatitis A virus"
0,1,0,0,0,0,1,1,0,1,0,1,0,0,7.0,10.8,"Salmonella typhi,Hepatitis A virus"
0,1,0,1,0,0,1,1,1,0,0,1,1,0,8.5,0.6,"Hepatitis A virus,Shigella spp."
1,0,0,0,0,1,1,0,1,0,0,0,1,0,7.4,14.4,"Hepatitis A virus,E. coli,Cryptosporidium"
1,1,0,1,1,1,1,1,1,0,0,0,1,0,9.0,12.7,"Hepatitis A virus,Shigella spp.,E. coli,Cryptosporidium"
1,1,0,1,0,1,1,0,1,0,0,0,0,0,5.3,9.9,"Salmonella typhi,Hepatitis A virus,E. coli,Giardia lamblia"
0,1,0,1,0,0,1,0,0,1,1,1,0,1,6.4,3.3,"Salmonella typhi,Giardia lamblia,Pseudomonas"
1,1,1,0,0,0,1,0,0,0,1,1,0,0,7.5,13.1,"Salmonella typhi,E. coli,Leptospira,Pseudomonas,Cryptosporidium"
0,1,0,0,0,1,1,0,0,1,1,1,1,1,5.6,3.6,"Salmonella typhi,Pseudomonas"
1,1,1,0,1,1,0,1,0,0,0,1,1,0,6.1,1.0,Shigella spp.
1,0,1,1,0,0,1,1,1,0,1,1,1,0,8.2,8.4,"Salmonella typhi,Hepatitis A virus,E. coli,Pseudomonas"
0,0,0,1,0,0,0,1,0,1,0,1,1,0,5.2,12.7,"Hepatitis A virus,Shigella spp.,E. coli,Giardia lamblia"
0,0,1,0,0,0,1,0,1,1,0,0,0,1,5.9,5.1,"Salmonella typhi,Hepatitis A virus"
0,1,0,1,1,0,1,0,1,0,1,1,0,0,6.4,0.2,"Hepatitis A virus,Shigella spp.,Pseudomonas"
0,0,0,1,1,0,1,1,1,0,1,1,1,0,5.6,10.7,"Salmonella typhi,Hepatitis A virus,Giardia lamblia,Pseudomonas"
1,0,0,1,1,1,1,1,1,1,1,0,1,1,8.5,1.4,"Hepatitis A virus,Shigella spp.,Pseudomonas"
1,0,0,0,1,1,0,0,1,1,0,1,1,0,7.0,8.0,"Shigella spp.,E. coli,Giardia lamblia,Cryptosporidium"
1,1,1,0,0,1,1,1,1,1,0,0,0,1,6.4,7.8,"Vibrio cholerae,Salmonella typhi,Cryptosporidium"
0,1,0,1,1,1,0,0,1,1,0,0,0,0,5.5,10.9,"Salmonella typhi,Hepatitis A virus,Shigella spp.,E. coli,Giardia lamblia"
1,0,1,1,0,1,1,0,1,0,1,0,0,0,8.8,13.8,"Salmonella typhi,Hepatitis A virus,Shigella spp.,E. coli,Giardia lamblia,Pseudomonas,Cryptosporidium"
1,0,0,1,1,1,1,1,0,0,1,1,1,0,5.6,5.2,"Vibrio cholerae,Salmonella typhi,Hepatitis A virus,E. coli,Giardia lamblia,Pseudomonas,Cryptosporidium"
1,1,0,0,0,0,0,0,1,1,1,0,1,0,5.3,12.3,"Vibrio cholerae,Hepatitis A virus,E. coli,Pseudomonas,Cryptosporidium"
0,0,0,1,0,1,1,0,1,0,0,1,1,1,7.5,12.1,"Salmonella typhi,Hepatitis A virus,Shigella spp.,E. coli,Giardia lamblia"
0,0,0,1,0,0,1,0,1,1,1,0,0,1,7.3,14.1,"Salmonella typhi,Hepatitis A virus,Shigella spp.,E. coli,Giardia lamblia,Pseudomonas"
0,1,0,1,0,0,0,0,1,1,1,1,1,0,5.3,1.8,"Hepatitis A virus,Shigella spp.,Pseudomonas"
0,1,0,1,1,0,1,1,1,1,1,0,0,1,7.8,8.0,"Salmonella typhi,Shigella spp.,E. coli,Giardia lamblia,Pseudomonas"
1,1,0,1,1,0,0,0,1,1,0,1,0,0,7.2,2.8,"Hepatitis A virus,Shigella spp."
0,0,0,1,1,1,0,1,0,0,1,1,0,0,8.5,12.5,"Salmonella typhi,Hepatitis A virus,Shigella spp.,E. coli,Giardia lamblia"
0,1,0,1,1,0,0,1,0,1,1,1,0,1,7.0,3.6,"Hepatitis A virus,Giardia lamblia,Pseudomonas"
1,0,0,0,0,1,0,1,1,0,1,1,0,0,7.5,6.5,"Salmonella typhi,Hepatitis A virus,E. coli,Pseudomonas,Cryptosporidium"
1,1,0,1,0,1,0,1,1,0,1,0,1,0,8.0,2.3,"Salmonella typhi,Hepatitis A virus,Shigella spp.,Pseudomonas"
0,1,1,1,0,0,0,0,1,1,0,0,1,1,6.4,8.4,"Vibrio cholerae,Hepatitis A virus,Shigella spp.,E. coli,Giardia lamblia"
1,1,0,0,0,0,0,1,0,1,0,0,1,1,7.9,6.8,"Hepatitis A virus,Shigella spp.,Cryptosporidium"
1,1,1,0,0,0,1,1,0,1,0,1,0,1,7.1,7.2,"Hepatitis A virus,E. coli,Leptospira,Cryptosporidium"
0,0,0,1,1,1,0,0,0,1,1,1,0,0,7.2,10.5,"Salmonella typhi,E. coli,Giardia lamblia,Pseudomonas"
0,1,0,1,0,0,0,1,1,1,1,0,1,0,7.8,9.2,"Hepatitis A virus,E. coli,Giardia lamblia,Pseudomonas"
1,0,0,0,0,1,1,1,1,0,0,1,0,0,5.7,4.5,"Salmonella typhi,Hepatitis A virus,E. coli"
1,1,1,1,1,0,1,1,0,1,1,1,0,0,8.6,0.2,"Hepatitis A virus,Shigella spp.,Pseudomonas"
0,0,0,1,1,0,1,0,1,0,0,1,1,0,7.2,9.7,"Salmonella typhi,Hepatitis A virus,Shigella spp.,E. coli"
0,0,1,0,0,1,1,0,1,0,0,1,1,1,6.6,7.8,"Salmonella typhi,Hepatitis A virus,Shigella spp."
0,0,0,0,1,1,0,1,1,1,1,1,1,0,8.4,1.8,"Hepatitis A virus,Shigella spp.,Pseudomonas"
1,0,0,1,0,1,1,0,1,1,0,1,1,1,5.8,10.6,"Vibrio cholerae,Salmonella typhi,Shigella spp.,Cryptosporidium"
1,1,0,1,0,0,0,0,0,1,1,0,1,0,5.0,8.4,"Vibrio cholerae,Shigella spp.,E. coli,Giardia lamblia,Pseudomonas,Cryptosporidium"
0,0,0,0,1,1,0,1,0,0,0,0,1,1,7.8,6.0,"Salmonella typhi,Hepatitis A virus,Giardia lamblia"
0,0,1,0,1,0,0,1,1,0,0,1,1,0,8.9,5.6,"Salmonella typhi,Hepatitis A virus,Shigella spp.,Giardia lamblia,Leptospira"
1,0,0,0,0,1,0,1,1,0,0,1,1,0,6.0,0.5,"Hepatitis A virus,Shigella spp."
0,1,1,0,1,1,0,0,1,1,1,0,1,0,6.2,4.8,"Hepatitis A virus,Shigella spp.,Giardia lamblia,Pseudomonas"
0,0,1,1,0,1,1,1,0,1,1,1,1,1,7.3,10.6,"Salmonella typhi,Hepatitis A virus,Shigella spp.,E. coli,Giardia lamblia,Pseudomonas"
0,1,1,1,1,0,1,1,1,1,1,0,0,0,6.9,10.9,"Vibrio cholerae,Salmonella typhi,Hepatitis A virus,Shigella spp.,E. coli,Giardia lamblia,Pseudomonas"
1,1,1,1,0,0,1,0,1,0,0,1,1,1,8.4,6.6,"E. coli,Giardia lamblia,Cryptosporidium"
1,1,0,1,1,0,1,1,0,1,1,1,1,1,5.8,4.6,"Salmonella typhi,Hepatitis A virus,Shigella spp.,E. coli,Pseudomonas"
0,0,1,0,0,1,1,1,0,0,0,1,1,1,7.7,13.7,"Salmonella typhi,Hepatitis A virus,Shigella spp.,Leptospira"
0,0,1,0,1,0,1,1,0,0,0,1,0,1,7.7,0.3,"Hepatitis A virus,Leptospira"
0,0,0,1,1,1,1,1,1,1,1,1,1,0,5.2,12.1,"Salmonella typhi,Hepatitis A virus,Shigella spp.,E. coli,Giardia lamblia,Pseudomonas"
1,1,1,1,0,1,1,0,0,1,0,0,1,0,5.6,13.1,"Vibrio cholerae,Salmonella typhi,Shigella spp.,E. coli,Giardia lamblia"
1,1,1,0,0,0,0,0,0,1,0,1,1,1,8.9,5.5,"Shigella spp.,E. coli,Leptospira,Cryptosporidium"
0,0,0,1,0,0,0,0,0,1,1,0,1,0,7.8,5.3,"Shigella spp.,E. coli,Giardia lamblia,Pseudomonas"
1,1,0,0,1,0,0,0,1,1,0,0,1,0,5.2,10.2,"Vibrio cholerae,Hepatitis A virus,Shigella spp.,E. coli,Giardia lamblia,Cryptosporidium"
1,0,0,1,1,0,1,0,0,0,0,0,0,1,5.8,14.2,"Vibrio cholerae,Salmonella typhi,Hepatitis A virus,Shigella spp.,E. coli,Giardia lamblia,Cryptosporidium"
1,0,1,0,1,1,0,0,0,1,1,0,0,0,7.1,10.7,"Salmonella typhi,Hepatitis A virus,E. coli,Giardia lamblia,Pseudomonas,Cryptosporidium"
1,1,1,1,0,0,0,0,0,0,1,1,1,1,6.0,6.6,"Vibrio cholerae,Shigella spp.,E. coli,Giardia lamblia,Pseudomonas,Cryptosporidium"
1,0,0,1,1,0,1,0,1,0,0,1,0,1,7.5,7.2,"Hepatitis A virus,Shigella spp.,E. coli,Giardia lamblia,Cryptosporidium"
0,0,0,1,0,0,1,1,0,0,0,0,0,0,6.4,11.6,"Salmonella typhi,Hepatitis A virus,Shigella spp.,E. coli,Giardia lamblia"
0,0,0,1,0,0,1,1,1,1,1,1,0,0,7.9,5.4,"Salmonella typhi,Hepatitis A virus,Shigella spp.,E. coli,Giardia lamblia,Pseudomonas"
0,1,1,1,0,0,1,0,1,0,0,1,0,0,7.7,2.7,"Salmonella typhi,Shigella spp.,Leptospira"
1,1,0,0,0,1,0,0,1,1,0,0,1,0,7.0,4.6,"Salmonella typhi,Hepatitis A virus,Shigella spp.,E. coli"
0,0,0,0,1,0,0,0,0,1,1,0,1,1,7.8,2.2,"Hepatitis A virus,Shigella spp.,Pseudomonas"
0,1,1,0,0,1,1,0,0,0,1,1,0,1,9.0,3.3,"Salmonella typhi,Leptospira,Pseudomonas"
1,0,1,0,0,1,0,1,1,0,1,1,0,0,6.6,1.2,"Hepatitis A virus,Leptospira"
1,0,0,1,0,0,1,0,0,1,0,1,0,1,5.3,12.0,"Vibrio cholerae,E. coli,Giardia lamblia,Cryptosporidium"
0,0,0,0,1,1,0,1,0,1,1,1,0,0,5.6,3.1,"Salmonella typhi,Hepatitis A virus,Giardia lamblia,Pseudomonas"
1,1,0,0,1,0,1,1,0,0,1,0,0,1,7.8,13.8,"Salmonella typhi,Hepatitis A virus,E. coli,Giardia lamblia,Pseudomonas"
0,0,0,1,0,0,1,0,0,1,1,0,1,0,9.0,10.3,"Salmonella typhi,Shigella spp.,E. coli,Giardia lamblia,Pseudomonas"
0,1,1,1,0,0,0,0,0,1,1,0,1,0,5.1,11.7,"Vibrio cholerae,Salmonella typhi,Shigella spp.,E. coli,Giardia lamblia,Pseudomonas"
0,1,0,1,1,0,1,1,0,1,1,1,1,1,5.6,3.0,"Salmonella typhi,Hepatitis A virus,Shigella spp.,Pseudomonas"
1,0,0,0,1,0,0,0,0,0,1,0,0,1,6.4,14.6,"Vibrio cholerae,E. coli,Giardia lamblia,Pseudomonas,Cryptosporidium"
1,0,1,1,1,0,0,1,0,1,1,1,0,0,6.2,8.8,"Salmonella typhi,Hepatitis A virus,Shigella spp.,Giardia lamblia,Leptospira,Pseudomonas,Cryptosporidium"
1,1,0,1,1,0,0,1,1,1,1,1,0,0,6.6,9.6,"Hepatitis A virus,E. coli,Pseudomonas"
0,0,0,1,1,1,1,0,1,1,0,1,0,0,5.4,6.1,"Hepatitis A virus,Shigella spp.,Giardia lamblia"
1,1,0,1,1,0,0,1,1,1,1,0,0,0,8.8,9.2,"Hepatitis A virus,E. coli,Giardia lamblia,Pseudomonas,Cryptosporidium"
0,0,0,0,1,0,0,1,0,1,1,0,1,0,5.4,13.9,"Hepatitis A virus,Shigella spp.,Giardia lamblia,Pseudomonas"
1,0,0,0,1,1,0,1,1,1,1,0,1,0,8.9,6.7,"Salmonella typhi,Hepatitis A virus,E. coli,Giardia lamblia,Pseudomonas,Cryptosporidium"
0,1,1,1,1,1,1,1,1,1,1,0,0,1,8.4,6.6,"Salmonella typhi,Shigella spp.,E. coli,Giardia lamblia,Pseudomonas"
0,1,0,0,1,1,0,0,1,0,0,0,1,0,5.6,2.0,Hepatitis A virus
1,0,1,0,0,1,0,0,1,0,0,1,0,0,8.2,9.1,"E. coli,Leptospira,Cryptosporidium"
0,1,0,0,1,0,0,1,1,1,0,0,1,1,5.3,2.6,"Hepatitis A virus,Shigella spp."
0,1,1,1,0,0,0,0,1,0,0,0,0,0,5.6,7.0,"Vibrio cholerae,Salmonella typhi,E. coli"
1,1,1,1,1,1,0,0,1,1,1,1,0,1,8.9,3.4,"Salmonella typhi,Hepatitis A virus,Shigella spp.,Giardia lamblia,Pseudomonas"
1,0,0,0,0,0,0,1,1,1,1,1,0,1,6.9,4.0,"Hepatitis A virus,Pseudomonas"
1,1,1,1,1,0,0,0,1,1,1,0,0,1,7.1,8.8,"Salmonella typhi,Hepatitis A virus,Shigella spp.,E. coli,Giardia lamblia,Pseudomonas,Cryptosporidium"
1,0,1,1,0,0,0,0,1,1,1,1,0,1,7.9,5.3,"Hepatitis A virus,Shigella spp.,E. coli,Giardia lamblia,Leptospira,Pseudomonas,Cryptosporidium"
1,0,1,1,0,1,0,1,1,1,0,1,1,1,7.9,10.2,"Salmonella typhi,Hepatitis A virus,Shigella spp.,E. coli,Giardia lamblia,Leptospira,Cryptosporidium"
0,0,1,0,0,1,0,0,0,1,1,1,1,1,7.5,10.6,"Shigella spp.,Leptospira,Pseudomonas"
0,1,1,1,0,0,0,1,1,0,1,0,1,0,7.5,12.7,"Salmonella typhi,Hepatitis A virus,Shigella spp.,E. coli,Giardia lamblia,Pseudomonas"
0,0,0,1,1,0,1,0,0,1,1,1,1,0,8.3,9.8,"Salmonella typhi,Shigella spp.,E. coli,Giardia lamblia,Pseudomonas"
1,1,1,1,1,0,0,1,0,0,1,0,1,1,8.6,2.9,"Salmonella typhi,Hepatitis A virus,Shigella spp.,Pseudomonas"
0,0,0,1,1,0,0,0,1,0,1,1,1,1,5.8,3.7,"Hepatitis A virus,Shigella spp.,Giardia lamblia,Pseudomonas"
0,1,1,1,0,1,1,0,0,1,0,0,0,0,5.9,13.9,"Vibrio cholerae,Salmonella typhi,Shigella spp."
0,0,0,0,0,0,0,1,0,0,1,0,1,1,8.0,2.6,"Hepatitis A virus,Shigella spp.,Pseudomonas"
1,1,0,1,0,1,1,0,1,0,0,0,1,1,6.4,11.6,"Vibrio cholerae,Salmonella typhi,Hepatitis A virus,E. coli,Giardia lamblia,Cryptosporidium"
1,1,0,0,0,0,0,0,1,0,1,1,1,1,7.3,14.3,"Shigella spp.,E. coli,Pseudomonas,Cryptosporidium"
1,0,0,1,1,1,1,0,1,1,0,0,1,0,5.7,2.2,"Salmonella typhi,Hepatitis A virus,Shigella spp."
0,0,0,0,1,1,0,0,0,0,0,1,1,0,7.0,9.0,"Salmonella typhi,Hepatitis A virus,Shigella spp.,Giardia lamblia"
1,1,1,1,1,0,1,0,0,1,1,1,0,0,5.5,6.4,"Vibrio cholerae,Salmonella typhi,Hepatitis A virus,Shigella spp.,Giardia lamblia,Pseudomonas,Cryptosporidium"
1,1,0,1,0,0,0,0,1,1,1,1,1,0,7.8,8.8,"Hepatitis A virus,Shigella spp.,E. coli,Giardia lamblia,Pseudomonas"
1,1,1,0,1,1,0,1,1,1,0,0,0,0,5.1,12.3,"Vibrio cholerae,Salmonella typhi,Hepatitis A virus,E. coli"
1,1,1,0,1,1,0,1,1,0,1,1,1,1,8.1,0.4,"Leptospira,Pseudomonas"
0,1,1,0,0,0,1,1,0,1,0,1,1,0,5.5,14.1,"Vibrio cholerae,Salmonella typhi,Hepatitis A virus,Shigella spp."
0,1,0,1,0,0,0,1,0,0,1,0,1,1,6.2,4.2,"Hepatitis A virus,Shigella spp.,Giardia lamblia,Pseudomonas"
0,0,1,0,1,1,0,1,0,0,0,0,0,0,5.2,12.7,"Salmonella typhi,Hepatitis A virus,Giardia lamblia"
1,1,1,0,0,1,0,1,1,1,0,1,1,0,7.2,9.1,"Salmonella typhi,Hepatitis A virus,Shigella spp.,E. coli,Leptospira,Cryptosporidium"
1,0,0,0,0,0,1,0,0,0,0,1,1,0,7.5,6.8,"Salmonella typhi,Shigella spp.,E. coli,Cryptosporidium"
0,1,0,0,1,1,0,1,0,0,1,1,1,1,6.4,11.6,"Vibrio cholerae,Salmonella typhi,Hepatitis A virus,Shigella spp.,Giardia lamblia,Pseudomonas"
0,0,1,0,1,0,0,1,0,0,0,1,1,1,5.0,13.9,"Salmonella typhi,Shigella spp.,Giardia lamblia,Leptospira"
0,1,0,1,0,0,1,0,1,0,0,1,0,1,5.4,2.5,"Hepatitis A virus,Shigella spp."
1,0,0,0,0,0,1,1,1,0,0,0,0,1,8.8,12.1,"Salmonella typhi,Hepatitis A virus,E. coli,Cryptosporidium"
1,1,1,1,1,0,0,0,1,1,1,0,1,0,8.1,3.9,"Salmonella typhi,Hepatitis A virus,Shigella spp."
1,0,0,1,1,1,1,1,0,0,0,1,1,1,6.2,11.9,"Vibrio cholerae,Salmonella typhi,Hepatitis A virus,E. coli,Giardia lamblia,Cryptosporidium"
1,1,1,0,1,0,0,0,0,1,0,0,1,1,8.8,13.2,"Salmonella typhi,Hepatitis A virus,E. coli,Giardia lamblia"
1,0,0,1,0,0,0,1,1,1,1,1,1,1,6.8,7.0,"Vibrio cholerae,Hepatitis A virus,Shigella spp.,E. coli,Pseudomonas,Cryptosporidium"
0,1,0,1,0,1,0,0,1,0,0,0,0,0,7.9,11.0,"Hepatitis A virus,Shigella spp.,E. coli,Giardia lamblia"
0,1,0,0,1,1,0,0,1,1,0,1,1,1,6.8,12.6,"Salmonella typhi,Hepatitis A virus,Shigella spp.,Giardia lamblia"
1,0,0,0,1,1,0,0,0,1,1,0,1,1,5.8,3.5,"Salmonella typhi,Shigella spp.,Giardia lamblia,Pseudomonas"
1,0,0,0,1,0,1,1,1,1,1,0,1,1,6.6,5.5,"Vibrio cholerae,Salmonella typhi,Hepatitis A virus,Shigella spp.,E. coli,Giardia lamblia,Pseudomonas,Cryptosporidium"
1,1,1,1,0,1,0,1,0,0,0,0,1,0,5.9,2.9,"Salmonella typhi,Hepatitis A virus"
1,1,1,1,1,0,0,1,1,0,1,1,0,1,8.2,1.9,"Hepatitis A virus,Shigella spp.,Leptospira"
1,1,0,1,1,1,0,0,0,1,0,0,0,1,8.4,11.3,"Hepatitis A virus,Shigella spp.,E. coli,Giardia lamblia,Cryptosporidium"
0,0,1,1,1,0,1,0,1,1,1,0,0,0,6.4,5.0,"Salmonella typhi,Hepatitis A virus,Shigella spp.,E. coli,Giardia lamblia,Pseudomonas"
0,0,0,0,0,1,0,0,1,1,0,1,0,1,7.1,9.6,Salmonella typhi
0,1,1,1,1,1,1,0,0,0,0,1,0,1,8.0,13.5,"Salmonella typhi,Hepatitis A virus,Shigella spp.,E. coli,Giardia lamblia,Leptospira"
0,0,1,0,1,0,0,1,1,0,0,1,0,0,6.1,12.6,"Salmonella typhi,Hepatitis A virus,Giardia lamblia,Leptospira"
1,0,0,1,1,0,0,0,1,1,0,1,1,1,6.7,10.4,"Vibrio cholerae,Hepatitis A virus,Shigella spp.,E. coli,Giardia lamblia,Cryptosporidium"
0,1,0,1,0,1,1,1,0,1,0,0,0,0,7.7,10.6,"Hepatitis A virus,Shigella spp.,E. coli,Giardia lamblia"
1,0,1,0,0,1,1,0,1,0,0,1,0,0,8.9,13.9,"Salmonella typhi,E. coli,Leptospira,Cryptosporidium"
1,1,1,0,0,0,0,1,1,0,1,0,1,0,7.1,3.3,"Salmonella typhi,Hepatitis A virus,Shigella spp."
1,1,0,0,1,0,1,0,1,0,1,1,0,1,6.6,3.1,"Salmonella typhi,Hepatitis A virus,Giardia lamblia,Pseudomonas"
0,1,0,0,1,0,1,1,0,1,1,0,1,0,8.6,6.2,"Salmonella typhi,Hepatitis A virus,Shigella spp.,Giardia lamblia,Pseudomonas"
0,0,0,1,0,0,0,1,0,1,1,0,1,0,7.7,4.3,"Hepatitis A virus,Shigella spp.,Giardia lamblia,Pseudomonas"
1,1,1,1,1,0,1,1,0,1,0,0,1,1,7.8,4.5,"Salmonella typhi,Hepatitis A virus,Shigella spp.,E. coli,Giardia lamblia"
0,1,1,1,1,0,0,0,1,0,1,1,1,1,8.0,8.9,"Hepatitis A virus,Shigella spp.,Giardia lamblia,Leptospira,Pseudomonas"
0,1,0,1,0,1,0,0,1,1,1,0,1,1,7.4,13.2,"Hepatitis A virus,Shigella spp.,E. coli,Giardia lamblia,Pseudomonas"
0,1,0,1,0,1,1,1,1,1,1,0,1,0,8.2,7.5,"Salmonella typhi,E. coli,Giardia lamblia,Pseudomonas"
1,0,0,0,1,0,1,0,1,0,0,0,0,0,7.7,7.5,"Salmonella typhi,Hepatitis A virus,Giardia lamblia,Cryptosporidium"
1,0,1,0,0,1,1,0,1,1,0,1,1,0,8.1,0.6,"Shigella spp.,Leptospira"
1,1,1,1,1,0,1,1,1,1,0,1,0,0,7.7,13.8,"Salmonella typhi,Hepatitis A virus,E. coli,Giardia lamblia,Leptospira"
1,1,1,1,1,0,0,1,0,0,1,1,0,0,7.1,0.8,"Hepatitis A virus,Shigella spp.,Leptospira,Pseudomonas"
1,1,0,0,0,0,1,1,0,0,1,0,0,0,5.7,4.9,"Salmonella typhi,Hepatitis A virus,E. coli,Pseudomonas"
0,0,0,0,0,1,1,1,1,1,1,1,1,1,6.0,5.5,"Salmonella typhi,Pseudomonas"
1,1,0,0,0,0,1,0,1,0,0,1,1,1,8.2,7.7,"Salmonella typhi,Hepatitis A virus,Shigella spp.,E. coli,Cryptosporidium"
1,0,1,1,0,1,1,0,1,1,1,0,1,0,6.5,8.7,"Vibrio cholerae,Hepatitis A virus,E. coli,Giardia lamblia,Pseudomonas,Cryptosporidium"
0,0,1,1,0,1,0,1,0,0,1,1,1,0,8.7,9.7,"Salmonella typhi,Hepatitis A virus,E. coli,Giardia lamblia,Leptospira"
0,0,0,0,1,0,0,0,0,1,0,0,1,1,6.1,12.8,"Hepatitis A virus,Shigella spp."
1,1,1,0,0,0,1,0,0,1,0,1,1,0,8.9,6.4,"Salmonella typhi,Shigella spp.,E. coli"
1,1,1,1,1,1,0,0,1,0,0,0,1,0,8.8,2.8,"Hepatitis A virus,Shigella spp."
0,1,0,1,1,0,1,0,0,1,0,1,1,0,5.3,6.9,"Salmonella typhi,Hepatitis A virus,Shigella spp.,E. coli,Giardia lamblia"
0,0,1,0,0,1,1,1,1,1,0,1,1,0,8.4,0.2,"Hepatitis A virus,Leptospira"
1,0,1,1,1,0,0,0,1,1,0,0,1,0,8.2,9.0,"Salmonella typhi,Hepatitis A virus,Shigella spp.,E. coli,Giardia lamblia,Cryptosporidium"
1,0,1,1,0,0,1,0,0,1,1,1,1,0,7.6,4.3,"Salmonella typhi,E. coli,Giardia lamblia,Leptospira,Pseudomonas"
1,1,0,1,1,0,0,0,0,0,1,0,0,0,6.5,9.4,"Vibrio cholerae,Hepatitis A virus,Shigella spp.,Giardia lamblia,Pseudomonas,Cryptosporidium"
0,1,1,0,0,0,0,0,1,0,1,1,0,1,5.4,9.3,"Vibrio cholerae,Salmonella typhi,Hepatitis A virus,Pseudomonas"
0,0,1,1,1,0,0,0,1,0,1,0,0,1,5.8,1.0,"Shigella spp.,Pseudomonas"
1,1,1,0,0,0,0,1,0,0,1,0,1,1,8.6,2.6,"Salmonella typhi,Hepatitis A virus,Pseudomonas"
0,0,1,0,0,1,1,1,0,0,1,1,1,1,5.2,14.4,"Salmonella typhi,Leptospira,Pseudomonas"
0,0,0,1,0,0,0,0,0,0,0,1,1,1,5.9,4.3,"Shigella spp.,E. coli,Giardia lamblia"
1,1,0,1,1,1,0,0,1,1,0,1,0,0,8.2,8.9,"Salmonella typhi,Hepatitis A virus,Shigella spp.,E. coli,Giardia lamblia,Cryptosporidium"
1,0,1,0,1,0,0,1,1,1,0,1,0,1,7.7,5.6,"Salmonella typhi,Hepatitis A virus,Giardia lamblia,Cryptosporidium"
1,1,1,0,0,1,0,0,0,1,0,1,1,0,8.3,10.3,"Salmonella typhi,Shigella spp.,E. coli,Leptospira,Cryptosporidium"
1,0,1,0,0,1,1,1,0,0,1,1,1,0,5.9,4.3,"Salmonella typhi,Hepatitis A virus,Shigella spp.,E. coli,Leptospira,Pseudomonas"
0,0,1,0,1,0,1,0,0,0,1,1,0,1,8.0,8.9,"Salmonella typhi,Hepatitis A virus,Leptospira,Pseudomonas"
0,1,0,1,0,1,0,0,0,0,1,0,0,1,6.8,5.5,"Vibrio cholerae,Salmonella typhi,Shigella spp.,E. coli,Giardia lamblia,Pseudomonas"
1,1,1,0,1,0,1,0,0,1,1,1,1,0,5.8,1.6,"Hepatitis A virus,Shigella spp.,Leptospira,Pseudomonas"
1,0,1,1,1,1,1,0,0,1,0,0,0,0,7.0,8.5,"Hepatitis A virus,Shigella spp.,E. coli,Giardia lamblia,Cryptosporidium"
0,0,0,0,1,1,0,0,0,1,1,0,1,0,8.8,10.8,"Salmonella typhi,Hepatitis A virus,Shigella spp.,Pseudomonas"
1,0,1,0,0,0,0,0,1,0,1,0,0,0,8.7,5.1,"Salmonella typhi,Hepatitis A virus,E. coli,Pseudomonas,Cryptosporidium"
0,1,1,1,1,0,0,1,1,1,1,0,1,1,9.0,7.5,"Salmonella typhi,Shigella spp.,E. coli,Giardia lamblia,Pseudomonas"
1,1,0,1,0,1,1,1,0,0,0,0,1,1,8.4,10.2,"Salmonella typhi,Hepatitis A virus,Shigella spp.,E. coli,Giardia lamblia,Cryptosporidium"
0,0,0,1,1,1,1,1,1,1,1,1,1,1,6.3,13.0,"Hepatitis A virus,Shigella spp.,E. coli,Pseudomonas"
1,0,1,1,0,1,1,0,0,1,0,0,0,0,7.0,1.9,Shigella spp.
1,1,1,1,1,0,0,1,0,0,1,1,0,1,5.6,0.2,"Shigella spp.,Leptospira,Pseudomonas"
1,0,0,0,1,0,0,1,0,0,1,0,1,1,8.7,0.1,"Hepatitis A virus,Pseudomonas"
0,1,0,1,1,0,0,0,0,0,1,1,1,1,7.6,12.7,"Hepatitis A virus,Shigella spp.,E. coli,Giardia lamblia,Pseudomonas"
1,0,1,1,1,1,1,1,0,1,0,1,1,1,5.6,2.3,"Salmonella typhi,Hepatitis A virus,Shigella spp.,Leptospira"
1,0,0,1,1,0,0,1,0,1,0,0,1,1,6.7,1.7,Hepatitis A virus
0,1,1,1,0,0,0,1,1,0,1,1,0,0,8.8,12.3,"Salmonella typhi,Hepatitis A virus,Shigella spp.,Pseudomonas"
1,0,0,1,0,0,0,0,1,1,1,1,0,0,7.2,12.8,"E. coli,Giardia lamblia,Pseudomonas,Cryptosporidium"
0,1,1,0,0,0,1,1,0,1,0,1,1,1,5.9,13.5,"Vibrio cholerae,Salmonella typhi,Hepatitis A virus,Shigella spp.,Leptospira"
1,1,1,0,0,1,1,1,0,0,1,0,1,0,5.3,0.6,"Hepatitis A virus,Shigella spp.,Pseudomonas"
0,1,1,0,1,0,0,0,0,1,1,1,0,0,5.4,4.8,"Salmonella typhi,Giardia lamblia,Leptospira,Pseudomonas"
1,0,1,0,1,0,0,0,0,1,0,0,0,1,6.6,2.6,Salmonella typhi
1,1,0,1,0,1,1,0,1,1,0,0,0,0,8.8,2.0,Shigella spp.
1,1,1,0,1,0,0,0,0,0,1,0,0,1,8.2,7.1,"Salmonella typhi,Hepatitis A virus,Giardia lamblia,Pseudomonas,Cryptosporidium"
0,0,1,0,1,0,0,0,0,0,0,1,0,1,7.0,6.0,"Hepatitis A virus,Giardia lamblia,Leptospira"
1,0,1,0,1,1,1,0,0,1,0,0,1,0,6.5,4.6,"Salmonella typhi,Hepatitis A virus,Shigella spp.,E. coli,Giardia lamblia"
1,1,0,1,1,1,1,1,0,1,1,0,0,1,8.6,9.1,"Salmonella typhi,Shigella spp.,E. coli,Giardia lamblia,Pseudomonas,Cryptosporidium"
1,1,0,1,0,0,1,0,0,1,1,0,0,1,8.4,11.3,"Shigella spp.,Giardia lamblia,Pseudomonas,Cryptosporidium"
0,1,1,1,0,0,0,0,1,1,0,1,0,0,8.9,10.2,"Salmonella typhi,Shigella spp.,E. coli,Giardia lamblia"
1,0,0,0,0,1,0,1,0,0,0,1,0,1,7.8,12.9,"Salmonella typhi,Hepatitis A virus,E. coli"
1,1,0,1,1,1,1,0,1,0,1,1,0,0,6.7,6.3,"Vibrio cholerae,Salmonella typhi,Hepatitis A virus,Shigella spp.,E. coli,Giardia lamblia,Pseudomonas,Cryptosporidium"
1,1,1,1,0,0,1,1,1,1,0,0,0,0,6.7,11.1,"Vibrio cholerae,Hepatitis A virus,Shigella spp."
1,0,1,0,0,1,0,1,1,1,0,1,0,1,7.4,14.8,"Salmonella typhi,Hepatitis A virus,E. coli,Cryptosporidium"
1,0,0,1,1,1,0,1,0,1,0,1,1,0,8.3,2.3,"Salmonella typhi,Hepatitis A virus,Shigella spp."
1,0,1,0,1,0,1,1,1,0,1,0,0,0,7.8,11.0,"Salmonella typhi,Hepatitis A virus,E. coli,Pseudomonas"
1,1,0,0,1,0,1,1,1,1,0,1,1,0,7.8,13.0,"Salmonella typhi,Shigella spp.,Giardia lamblia,Cryptosporidium"
0,0,1,1,0,0,1,1,1,0,1,1,1,0,8.7,0.2,"Hepatitis A virus,Shigella spp.,Leptospira,Pseudomonas"
1,1,1,1,0,0,0,0,1,1,1,0,0,1,7.4,14.5,"Salmonella typhi,Hepatitis A virus,E. coli,Pseudomonas,Cryptosporidium"
1,0,0,1,1,0,0,0,0,0,1,1,1,0,8.2,6.8,"Hepatitis A virus,Shigella spp.,E. coli,Giardia lamblia,Pseudomonas,Cryptosporidium"
1,1,0,1,0,1,0,1,0,0,1,0,0,1,6.7,9.9,"Vibrio cholerae,Salmonella typhi,Shigella spp.,Giardia lamblia,Pseudomonas,Cryptosporidium"
1,1,1,0,1,0,0,1,1,0,0,0,0,0,5.8,8.8,"Vibrio cholerae,Salmonella typhi,E. coli,Giardia lamblia"
0,0,0,1,0,0,1,1,0,1,1,0,1,0,8.7,2.0,"Hepatitis A virus,Shigella spp.,Pseudomonas"
0,0,1,1,0,0,1,1,0,1,0,1,0,1,7.4,1.9,"Hepatitis A virus,Shigella spp.,Leptospira"
0,0,0,1,1,1,1,1,1,1,0,0,0,1,7.3,8.2,"Salmonella typhi,Hepatitis A virus,Shigella spp.,E. coli,Giardia lamblia"
1,1,1,1,1,1,0,0,0,0,1,0,1,1,8.7,5.9,"Salmonella typhi,Hepatitis A virus,E. coli,Giardia lamblia,Cryptosporidium"
0,0,1,0,0,0,0,1,0,1,1,1,1,0,5.1,5.1,"Salmonella typhi,Hepatitis A virus,Pseudomonas"
0,0,1,1,0,0,0,0,1,0,1,0,0,0,5.1,14.5,"Salmonella typhi,Hepatitis A virus,E. coli,Giardia lamblia,Pseudomonas"
0,1,0,0,1,1,1,1,0,0,0,1,1,0,7.5,5.0,"Salmonella typhi,Hepatitis A virus,Shigella spp.,Giardia lamblia"
1,0,0,1,0,0,0,0,1,0,1,0,1,0,6.7,3.4,"Hepatitis A virus,Shigella spp.,Giardia lamblia,Pseudomonas"
0,1,1,1,1,0,0,0,0,0,0,0,1,0,7.6,6.2,"Salmonella typhi,Hepatitis A virus,E. coli,Giardia lamblia"
1,1,0,0,0,0,0,1,0,0,0,1,1,1,5.9,2.4,Shigella spp.
1,1,0,1,1,0,0,0,1,1,0,0,0,1,5.6,5.1,"Vibrio cholerae,Hepatitis A virus,Shigella spp.,E. coli"
1,0,1,1,1,0,1,0,1,1,0,1,0,0,8.8,7.8,"Salmonella typhi,Hepatitis A virus,Shigella spp.,E. coli,Giardia lamblia,Leptospira"
0,0,1,1,1,1,1,1,0,0,1,0,0,0,8.9,11.8,"Salmonella typhi,Hepatitis A virus,E. coli,Giardia lamblia,Pseudomonas"
0,0,0,0,1,0,0,0,1,1,0,1,1,1,8.0,7.6,"Hepatitis A virus,Shigella spp.,Giardia lamblia"
1,1,0,0,0,0,1,0,0,0,0,1,1,1,5.3,12.7,"Vibrio cholerae,Shigella spp.,Cryptosporidium"
1,1,0,0,0,1,1,1,0,1,0,0,1,0,8.4,4.7,Hepatitis A virus
1,0,1,0,0,0,1,1,0,0,0,0,0,1,9.0,6.4,"Salmonella typhi,E. coli,Cryptosporidium"
0,1,1,0,1,1,1,1,1,1,1,0,0,1,5.1,6.5,"Vibrio cholerae,Salmonella typhi,Hepatitis A virus,Giardia lamblia,Pseudomonas"
0,1,1,0,0,1,1,1,0,0,0,0,1,0,7.9,12.6,"Salmonella typhi,Hepatitis A virus,Shigella spp."
1,0,1,0,0,1,0,0,1,1,0,0,1,1,7.4,1.3,"Hepatitis A virus,Shigella spp."
1,1,1,1,0,0,0,0,0,1,0,0,0,0,7.6,1.4,None
1,1,1,1,1,0,1,0,1,1,0,1,1,1,8.5,0.1,"Shigella spp.,Leptospira"
0,0,0,1,0,0,1,1,1,1,0,0,1,1,6.4,6.8,"Hepatitis A virus,E. coli,Giardia lamblia"
0,0,1,0,1,0,0,0,0,1,1,1,1,0,7.5,12.9,"Hepatitis A virus,Shigella spp.,Giardia lamblia,Leptospira,Pseudomonas"
1,0,1,1,1,0,0,1,0,0,0,1,0,0,9.0,8.5,"Salmonella typhi,Hepatitis A virus,Shigella spp.,E. coli,Giardia lamblia,Leptospira,Cryptosporidium"
0,1,0,0,1,0,1,0,1,0,1,0,0,1,7.8,6.2,"Giardia lamblia,Pseudomonas"
0,0,1,1,1,1,0,1,0,0,0,1,1,0,7.8,13.2,"Hepatitis A virus,E. coli,Giardia lamblia,Leptospira"
0,0,0,0,0,1,1,0,1,1,0,1,0,0,6.2,0.1,None
0,0,1,1,0,1,1,1,1,0,1,1,1,0,7.1,2.4,"Salmonella typhi,Leptospira,Pseudomonas"
0,0,1,1,0,0,1,0,1,1,1,1,1,0,6.4,9.4,"Salmonella typhi,Hepatitis A virus,Shigella spp.,E. coli,Giardia lamblia,Leptospira,Pseudomonas"
0,1,0,0,0,0,1,0,1,0,0,1,0,0,6.4,7.4,"Salmonella typhi,Hepatitis A virus"
1,1,1,0,0,0,1,1,0,1,0,1,0,1,5.5,1.4,"Hepatitis A virus,Leptospira"
0,0,0,1,1,0,0,0,0,1,0,1,0,1,8.0,6.1,"Hepatitis A virus,Shigella spp.,E. coli"
1,0,0,1,0,0,0,1,1,1,0,1,0,1,6.8,4.0,"Hepatitis A virus,Shigella spp.,Giardia lamblia"
0,1,1,0,1,1,0,1,0,1,1,0,0,1,5.6,12.3,"Vibrio cholerae,Salmonella typhi,Hepatitis A virus,Giardia lamblia,Pseudomonas"
1,0,1,0,1,0,1,0,0,0,0,1,0,0,7.3,12.8,"Salmonella typhi,Hepatitis A virus,Leptospira,Cryptosporidium"
0,1,1,1,1,0,0,1,0,0,0,0,0,1,5.6,6.5,"Vibrio cholerae,Shigella spp.,E. coli"
0,1,0,0,1,0,1,0,0,1,1,1,1,1,8.5,11.5,"Hepatitis A virus,Shigella spp.,Giardia lamblia"
0,1,1,1,0,1,1,1,0,1,0,1,1,1,6.1,0.1,"Shigella spp.,Leptospira"
1,0,0,1,0,1,1,0,0,1,1,1,0,0,7.6,3.9,"Giardia lamblia,Pseudomonas"
0,1,1,0,0,0,1,1,0,1,1,0,0,0,7.1,0.2,"Hepatitis A virus,Pseudomonas"
0,0,1,0,0,1,0,1,1,0,1,1,1,0,8.9,5.6,"Hepatitis A virus,Shigella spp.,Leptospira,Pseudomonas"
0,1,0,1,0,0,1,1,0,0,1,0,1,1,8.1,3.4,"Salmonella typhi,Hepatitis A virus,Shigella spp.,Giardia lamblia"
1,0,1,1,0,0,1,1,0,1,1,1,1,1,9.0,10.6,"Salmonella typhi,Hepatitis A virus,Shigella spp.,E. coli,Giardia lamblia,Leptospira,Pseudomonas,Cryptosporidium"
1,0,0,1,0,1,0,1,1,1,0,0,1,0,6.3,3.2,"Salmonella typhi,Hepatitis A virus,Shigella spp.,Giardia lamblia"
0,0,1,0,0,0,1,0,0,0,0,0,0,1,8.7,13.1,Salmonella typhi
1,0,0,0,0,0,1,1,0,0,0,0,0,0,7.2,8.5,"Salmonella typhi,Hepatitis A virus,E. coli,Cryptosporidium"
1,0,1,0,0,1,1,0,0,1,1,1,1,1,5.1,12.3,"Vibrio cholerae,Salmonella typhi,Shigella spp.,E. coli,Leptospira,Pseudomonas,Cryptosporidium"
1,0,1,0,1,1,1,0,0,0,0,0,0,1,5.2,12.4,"Vibrio cholerae,Salmonella typhi,Hepatitis A virus,E. coli,Cryptosporidium"
1,0,1,1,0,0,0,0,0,0,1,0,0,0,6.9,0.9,"Shigella spp.,Pseudomonas"
1,0,0,0,1,0,0,0,0,1,0,0,0,0,5.0,12.4,"Vibrio cholerae,Hepatitis A virus,E. coli,Giardia lamblia,Cryptosporidium"
1,1,1,0,1,1,0,0,1,0,1,1,1,1,5.7,10.8,"Vibrio cholerae,Salmonella typhi,Hepatitis A virus,E. coli,Leptospira,Pseudomonas,Cryptosporidium"
1,1,0,0,1,0,0,1,0,0,1,0,0,0,5.0,7.8,"Vibrio cholerae,Pseudomonas"
0,0,1,1,1,1,1,0,0,0,0,0,1,1,5.9,13.8,"Salmonella typhi,Hepatitis A virus,Shigella spp.,E. coli,Giardia lamblia"
0,1,0,1,1,0,0,1,1,0,0,1,1,1,6.1,1.4,"Hepatitis A virus,Shigella spp."
1,1,0,0,1,1,1,1,0,1,0,1,0,0,8.3,10.9,"Salmonella typhi,E. coli,Giardia lamblia,Cryptosporidium"
1,0,1,0,1,1,0,1,1,1,0,0,0,0,8.2,7.6,"Salmonella typhi,Hepatitis A virus,E. coli,Giardia lamblia"
1,0,1,0,0,1,1,1,1,0,0,1,1,0,7.2,14.4,"Salmonella typhi,Shigella spp.,E. coli,Leptospira"
1,0,1,0,1,1,0,1,1,1,1,0,1,1,6.6,6.8,"Hepatitis A virus,E. coli,Pseudomonas,Cryptosporidium"
0,1,1,1,0,1,1,1,1,1,1,0,0,0,7.4,10.1,"Salmonella typhi,Hepatitis A virus,E. coli,Pseudomonas"
1,1,0,1,1,1,1,0,0,0,1,0,0,1,6.2,0.4,"Hepatitis A virus,Shigella spp.,Pseudomonas"
1,0,1,1,0,0,1,0,1,0,0,1,1,0,8.6,6.1,"Salmonella typhi,Hepatitis A virus,E. coli,Giardia lamblia,Leptospira,Cryptosporidium"
1,1,0,1,0,1,0,0,0,0,0,1,0,0,8.9,6.3,"Salmonella typhi,Shigella spp.,Giardia lamblia,Cryptosporidium"
1,0,1,0,0,1,0,1,1,1,1,0,1,1,6.7,1.0,"Hepatitis A virus,Shigella spp.,Pseudomonas"
1,1,0,0,1,0,0,0,0,0,1,0,1,1,5.9,13.2,"Vibrio cholerae,Hepatitis A virus,E. coli,Giardia lamblia,Pseudomonas"
0,0,0,1,1,1,1,0,1,0,0,0,1,0,8.8,2.0,"Hepatitis A virus,Shigella spp."
0,0,1,0,0,0,1,1,0,1,1,0,0,1,6.0,12.7,"Salmonella typhi,Hepatitis A virus,Pseudomonas"
0,0,1,1,0,1,0,0,1,1,1,1,0,1,7.7,7.3,"Salmonella typhi,Hepatitis A virus,Shigella spp.,Giardia lamblia,Pseudomonas"
1,0,0,1,0,1,1,0,1,1,1,0,1,1,5.4,9.7,"Vibrio cholerae,Salmonella typhi,Hepatitis A virus,E. coli,Giardia lamblia,Pseudomonas,Cryptosporidium"
0,0,1,1,1,1,1,0,0,0,1,1,1,0,7.0,5.4,"Hepatitis A virus,Shigella spp.,Giardia lamblia,Leptospira,Pseudomonas"
1,0,0,1,0,0,0,0,1,1,0,0,0,1,6.6,9.4,"Vibrio cholerae,Hepatitis A virus,Shigella spp.,E. coli,Giardia lamblia"
0,1,0,0,0,1,1,1,1,0,0,0,0,1,7.2,12.0,Salmonella typhi
0,0,1,0,1,0,0,0,1,1,1,1,0,1,9.0,10.6,"Salmonella typhi,Hepatitis A virus,Leptospira,Pseudomonas"
1,0,1,1,1,1,0,1,1,1,0,1,1,0,6.7,7.5,"Vibrio cholerae,Hepatitis A virus,Shigella spp.,E. coli,Giardia lamblia,Leptospira"
1,1,1,1,1,0,0,1,0,0,1,0,1,1,6.7,3.1,"Salmonella typhi,Hepatitis A virus,Shigella spp.,Giardia lamblia"
1,1,1,0,0,1,0,0,1,0,1,1,0,0,5.1,10.6,"Vibrio cholerae,Salmonella typhi,Hepatitis A virus,E. coli,Leptospira,Pseudomonas,Cryptosporidium"
0,1,1,0,0,0,0,1,1,1,0,1,0,1,5.8,0.7,"Hepatitis A virus,Leptospira"
1,0,0,1,1,0,0,0,1,1,0,1,0,1,7.3,6.0,"Hepatitis A virus,Shigella spp.,E. coli,Giardia lamblia,Cryptosporidium"
1,1,0,1,1,0,1,0,1,0,1,1,1,1,5.4,1.5,Hepatitis A virus
1,0,1,1,1,1,1,0,0,1,1,0,0,1,8.9,13.6,"Salmonella typhi,Hepatitis A virus,Shigella spp.,Giardia lamblia,Pseudomonas,Cryptosporidium"
0,1,0,1,0,0,0,0,0,0,0,1,0,1,6.7,2.0,None
1,1,1,1,0,0,0,1,0,1,1,1,1,1,8.4,2.2,"Salmonella typhi,Hepatitis A virus,Shigella spp.,Leptospira,Pseudomonas"
1,0,0,0,0,0,0,1,1,0,0,1,0,0,7.4,9.3,"Hepatitis A virus,E. coli"
0,0,0,1,0,1,1,0,1,0,0,0,0,0,5.2,2.6,"Salmonella typhi,Shigella spp."
1,1,0,0,0,0,0,0,0,1,0,1,1,0,5.1,11.3,"Vibrio cholerae,Shigella spp.,E. coli,Cryptosporidium"
1,0,0,1,0,0,1,0,1,0,1,0,1,1,8.8,2.2,"Salmonella typhi,Hepatitis A virus,Shigella spp.,Pseudomonas"
1,1,1,1,0,0,0,0,1,0,1,1,1,0,7.5,12.4,"Salmonella typhi,Hepatitis A virus,Shigella spp.,E. coli,Giardia lamblia,Leptospira,Pseudomonas,Cryptosporidium"
0,0,1,0,0,0,0,1,0,0,0,0,1,0,7.7,8.6,Shigella spp.
1,0,0,1,0,0,1,1,0,1,1,1,0,1,9.0,1.2,Hepatitis A virus
0,1,0,1,0,0,0,0,1,0,1,1,0,0,5.0,2.0,"Hepatitis A virus,Shigella spp.,Pseudomonas"
0,0,1,0,0,1,1,1,0,0,1,0,0,0,7.6,12.1,"Salmonella typhi,Hepatitis A virus,Pseudomonas"
1,0,1,0,1,0,0,0,0,0,1,0,0,0,5.2,13.6,"Vibrio cholerae,Salmonella typhi,Hepatitis A virus,E. coli,Giardia lamblia,Pseudomonas,Cryptosporidium"
1,1,1,0,1,0,0,0,0,1,1,0,1,0,6.0,11.4,"Vibrio cholerae,Salmonella typhi,Hepatitis A virus,Shigella spp.,Giardia lamblia,Pseudomonas,Cryptosporidium"
0,1,1,1,1,0,1,0,0,1,1,0,0,1,8.4,0.8,"Hepatitis A virus,Pseudomonas"
0,1,1,1,1,0,1,0,1,1,0,1,0,0,7.0,6.4,"Salmonella typhi,Hepatitis A virus,Shigella spp.,E. coli,Giardia lamblia,Leptospira"
1,0,0,0,1,0,0,1,0,0,1,1,1,0,6.3,10.6,"Vibrio cholerae,Shigella spp.,Pseudomonas,Cryptosporidium"
0,0,0,0,1,0,1,0,1,1,0,0,0,0,6.6,4.8,"Salmonella typhi,Hepatitis A virus,Giardia lamblia"
1,1,1,0,0,0,1,0,1,1,0,0,1,1,5.3,2.9,"Salmonella typhi,Hepatitis A virus"
1,1,0,1,1,1,0,0,0,1,0,1,1,0,7.5,7.0,"Hepatitis A virus,E. coli,Giardia lamblia,Cryptosporidium"
0,1,1,1,1,0,1,1,0,1,1,1,0,1,5.6,3.1,"Salmonella typhi,Hepatitis A virus,Shigella spp.,Giardia lamblia,Pseudomonas"
0,0,1,1,1,1,0,0,0,0,0,1,1,1,8.2,11.1,"Salmonella typhi,Shigella spp.,E. coli,Leptospira"
1,1,1,1,1,0,0,1,0,1,0,1,0,1,6.0,10.0,"Vibrio cholerae,Salmonella typhi,Shigella spp.,E. coli,Giardia lamblia,Leptospira"
1,1,1,0,1,0,1,0,0,0,0,1,1,0,6.5,6.6,"Vibrio cholerae,Salmonella typhi,Hepatitis A virus,Shigella spp.,E. coli,Giardia lamblia,Cryptosporidium"
1,1,1,1,0,1,1,1,0,1,0,0,0,0,5.1,13.4,"Vibrio cholerae,Salmonella typhi,Hepatitis A virus,E. coli,Giardia lamblia,Cryptosporidium"
1,1,0,1,1,1,1,1,0,1,1,0,0,1,8.2,7.9,"Salmonella typhi,Hepatitis A virus,E. coli,Giardia lamblia,Pseudomonas,Cryptosporidium"
0,0,1,1,0,1,1,1,0,1,1,0,1,0,5.9,14.3,"Salmonella typhi,Hepatitis A virus,Shigella spp.,E. coli,Giardia lamblia,Pseudomonas"
0,1,0,1,1,0,0,0,0,1,0,1,1,0,5.9,6.2,"Vibrio cholerae,Hepatitis A virus,Shigella spp.,Giardia lamblia"
1,1,0,0,0,0,0,0,1,1,1,0,1,1,5.3,12.0,"Vibrio cholerae,Hepatitis A virus,Pseudomonas,Cryptosporidium"
1,1,0,1,1,0,1,0,0,0,0,0,1,0,8.8,6.0,"Hepatitis A virus,Shigella spp.,E. coli,Giardia lamblia,Cryptosporidium"
0,1,0,1,1,0,0,0,0,0,0,0,1,0,8.6,2.1,Hepatitis A virus
0,0,1,0,1,0,1,1,1,0,1,1,1,0,8.4,1.3,"Hepatitis A virus,Shigella spp.,Leptospira,Pseudomonas"
0,0,0,0,0,1,0,1,1,1,0,1,1,0,5.2,9.1,"Hepatitis A virus,Shigella spp."
0,0,1,1,1,1,0,0,1,0,1,1,0,1,7.1,13.6,"Hepatitis A virus,Shigella spp.,Giardia lamblia,Leptospira,Pseudomonas"
1,0,0,1,0,1,1,0,1,0,0,0,0,1,6.6,7.8,"Vibrio cholerae,Salmonella typhi,Hepatitis A virus,Shigella spp.,Giardia lamblia,Cryptosporidium"
1,1,0,1,0,0,0,1,0,1,1,0,0,0,5.8,9.7,"Vibrio cholerae,Hepatitis A virus,Shigella spp.,E. coli,Giardia lamblia,Cryptosporidium"
0,0,0,0,0,0,0,0,0,1,0,1,1,0,8.0,1.5,Shigella spp.
0,1,0,0,0,0,1,0,1,0,0,0,0,0,7.2,11.1,"Salmonella typhi,Hepatitis A virus"
0,1,0,0,0,1,0,0,0,0,0,1,1,1,6.8,12.7,"Vibrio cholerae,Salmonella typhi,Shigella spp."
1,1,0,0,0,1,1,1,0,1,0,1,1,0,6.3,8.1,"Vibrio cholerae,Salmonella typhi,Hepatitis A virus,Shigella spp.,E. coli,Cryptosporidium"
0,1,1,1,0,1,1,0,1,1,1,0,0,1,5.4,1.8,"Hepatitis A virus,Shigella spp.,Pseudomonas"
0,1,1,1,1,1,0,0,0,1,0,1,1,0,6.4,4.8,"Salmonella typhi,Hepatitis A virus,Shigella spp.,E. coli,Giardia lamblia"
0,1,1,1,1,0,0,0,0,1,1,0,0,1,6.1,11.4,"Vibrio cholerae,Salmonella typhi,Hepatitis A virus,Shigella spp.,E. coli,Giardia lamblia,Pseudomonas"
1,0,1,0,0,0,0,1,1,0,0,0,0,1,8.9,1.4,Hepatitis A virus
1,0,0,0,1,0,0,0,0,1,1,1,1,1,8.4,2.9,"Hepatitis A virus,Pseudomonas"
0,0,0,0,0,0,1,1,1,1,1,1,0,0,8.4,14.8,"Salmonella typhi,Hepatitis A virus,Pseudomonas"
0,0,1,0,1,0,0,0,1,0,0,1,1,1,6.0,7.1,"Salmonella typhi,Hepatitis A virus,Shigella spp.,Giardia lamblia,Leptospira"
0,0,1,1,0,1,0,0,0,0,0,0,1,0,5.1,0.6,Shigella spp.
0,1,0,1,0,1,1,1,1,1,0,0,0,0,7.8,0.7,"Hepatitis A virus,Shigella spp."
1,1,1,0,0,0,1,1,0,1,0,0,1,1,5.9,14.1,"Vibrio cholerae,Salmonella typhi,Hepatitis A virus,Shigella spp.,E. coli,Cryptosporidium"
0,0,1,0,1,1,0,0,0,0,1,1,1,0,6.3,1.9,"Hepatitis A virus,Shigella spp.,Leptospira,Pseudomonas"
0,0,0,0,1,1,0,1,0,0,1,1,1,0,7.3,3.4,"Hepatitis A virus,Shigella spp.,Giardia lamblia,Pseudomonas"
1,1,0,1,1,0,0,0,1,1,0,0,1,1,6.5,13.3,"Vibrio cholerae,Giardia lamblia,Cryptosporidium"
0,1,1,1,0,1,0,1,1,1,0,1,1,1,7.4,2.5,"Salmonella typhi,Hepatitis A virus,Shigella spp."
0,0,0,0,0,0,0,0,1,0,1,0,0,0,7.6,3.5,Pseudomonas
0,0,1,0,1,0,1,0,0,0,0,1,0,0,6.6,10.6,"Salmonella typhi,Hepatitis A virus,Giardia lamblia,Leptospira"
0,0,0,1,1,1,1,0,0,0,1,1,0,0,6.0,11.0,"Salmonella typhi,Hepatitis A virus,Shigella spp.,E. coli,Giardia lamblia,Pseudomonas"
0,0,0,0,1,1,0,1,0,1,1,1,1,0,7.4,3.0,"Salmonella typhi,Hepatitis A virus,Pseudomonas"
0,1,1,1,1,1,1,0,0,1,1,0,1,0,5.0,2.7,"Salmonella typhi,Hepatitis A virus,Pseudomonas"
0,1,0,0,0,1,0,0,1,0,1,1,0,0,6.3,2.9,"Hepatitis A virus,Pseudomonas"
0,0,1,0,0,0,0,0,1,1,1,0,0,0,8.2,11.0,"Salmonella typhi,Hepatitis A virus,Pseudomonas"
0,0,0,1,0,0,0,0,0,0,1,0,1,1,6.9,6.8,"Shigella spp.,E. coli,Giardia lamblia,Pseudomonas"
1,0,1,0,1,0,0,1,0,1,1,0,0,1,7.0,4.7,"Hepatitis A virus,E. coli,Giardia lamblia,Pseudomonas"
1,1,0,1,1,0,0,0,0,0,1,0,0,0,5.6,8.7,"Vibrio cholerae,Shigella spp.,E. coli,Pseudomonas,Cryptosporidium"
1,1,1,0,0,0,1,0,1,0,1,1,1,1,8.1,6.9,"Hepatitis A virus,E. coli,Leptospira,Cryptosporidium"
1,0,1,1,0,0,0,1,1,1,1,0,0,0,7.3,0.5,"Hepatitis A virus,Shigella spp.,Pseudomonas"
1,0,0,0,1,1,0,0,0,1,0,0,0,0,6.3,5.7,"Vibrio cholerae,Salmonella typhi,Hepatitis A virus,E. coli,Giardia lamblia,Cryptosporidium"
0,1,1,1,0,0,1,1,0,0,0,1,0,0,6.2,9.6,"Salmonella typhi,Hepatitis A virus,E. coli,Giardia lamblia,Leptospira"
0,1,0,1,0,1,0,0,0,0,1,0,0,0,7.4,9.6,"Salmonella typhi,Shigella spp.,E. coli,Pseudomonas"
1,1,0,0,0,1,0,1,0,0,0,1,1,0,5.5,14.3,"Vibrio cholerae,Salmonella typhi,Hepatitis A virus,Shigella spp.,E. coli"
1,0,0,0,1,1,1,1,0,0,1,1,1,0,6.9,5.3,"Vibrio cholerae,Salmonella typhi,Shigella spp.,E. coli,Giardia lamblia,Pseudomonas"
0,1,0,0,0,1,0,1,0,0,0,1,0,1,8.3,12.0,Hepatitis A virus
0,0,0,1,0,0,1,0,0,1,0,0,0,1,8.6,11.0,"Shigella spp.,E. coli,Giardia lamblia"
1,0,0,0,1,1,0,0,1,1,1,0,0,0,7.3,11.5,"Salmonella typhi,Hepatitis A virus,Giardia lamblia,Pseudomonas,Cryptosporidium"
0,0,0,0,1,1,0,1,0,1,1,0,1,1,6.1,9.6,"Salmonella typhi,Shigella spp.,Pseudomonas"
1,1,0,0,0,1,0,0,1,0,0,1,0,0,5.1,10.3,"Vibrio cholerae,Hepatitis A virus,E. coli"
0,1,1,1,1,1,0,1,0,0,1,0,1,0,8.0,4.6,"Salmonella typhi,Hepatitis A virus,Shigella spp.,E. coli,Giardia lamblia,Pseudomonas"
0,0,0,1,1,1,1,1,1,0,1,1,1,0,5.8,10.0,"Salmonella typhi,Hepatitis A virus,Giardia lamblia,Pseudomonas"
0,1,1,1,1,0,0,0,1,1,1,0,1,0,6.8,4.3,"Salmonella typhi,Hepatitis A virus,Shigella spp.,E. coli,Giardia lamblia"
1,1,1,0,0,1,1,1,1,0,1,0,1,1,7.5,11.9,"Salmonella typhi,Hepatitis A virus,Shigella spp.,E. coli,Pseudomonas"
0,0,0,1,0,1,1,1,1,1,1,0,0,0,7.3,11.9,"Salmonella typhi,Shigella spp.,E. coli,Pseudomonas"
1,1,1,0,1,0,1,0,1,1,1,1,1,0,8.7,5.9,"Salmonella typhi,Hepatitis A virus,Shigella spp.,E. coli,Giardia lamblia,Leptospira,Pseudomonas"
1,0,1,1,1,0,0,1,1,0,0,1,0,1,8.8,12.5,"Salmonella typhi,Hepatitis A virus,Shigella spp.,E. coli,Giardia lamblia,Leptospira,Cryptosporidium"
1,1,1,1,1,1,1,1,0,1,0,0,1,1,5.3,4.2,"Shigella spp.,E. coli"
0,1,1,0,1,1,0,1,1,0,1,1,1,1,5.5,11.7,"Vibrio cholerae,Salmonella typhi,Hepatitis A virus,Shigella spp.,Giardia lamblia,Leptospira,Pseudomonas"
1,0,0,0,0,0,1,1,1,0,1,0,0,0,7.8,8.9,"Salmonella typhi,Hepatitis A virus,Pseudomonas"
1,1,1,1,1,1,0,1,0,1,1,0,1,1,7.7,12.5,"Salmonella typhi,Hepatitis A virus,E. coli,Giardia lamblia,Pseudomonas,Cryptosporidium"
0,0,0,1,1,1,1,1,0,0,1,0,0,0,8.3,12.8,"Salmonella typhi,Shigella spp.,E. coli,Giardia lamblia,Pseudomonas"
1,0,1,0,0,0,0,1,1,0,0,1,1,1,5.9,6.5,"Vibrio cholerae,Salmonella typhi,Hepatitis A virus,Shigella spp.,E. coli,Cryptosporidium"
1,0,1,0,0,0,1,1,1,1,0,0,1,0,6.4,3.7,"Salmonella typhi,Hepatitis A virus,Shigella spp."
0,0,1,0,1,0,0,0,0,0,0,1,0,1,7.6,4.5,"Salmonella typhi,Hepatitis A virus,Leptospira"
1,1,1,1,1,1,0,0,1,1,1,0,1,0,8.4,1.3,"Hepatitis A virus,Shigella spp.,Pseudomonas"
1,0,1,0,0,1,1,0,0,0,1,1,1,1,7.7,12.1,"Salmonella typhi,Leptospira,Pseudomonas,Cryptosporidium"
1,0,0,0,1,0,1,1,1,0,1,0,1,0,8.6,0.0,Shigella spp.
0,0,0,1,0,0,1,1,1,1,0,1,1,0,5.9,10.0,"Hepatitis A virus,Shigella spp.,E. coli,Giardia lamblia"
0,1,1,0,0,1,1,1,0,0,1,1,1,1,8.5,10.4,"Salmonella typhi,Hepatitis A virus,Shigella spp.,Leptospira,Pseudomonas"
1,1,1,0,0,0,1,1,0,0,1,0,0,0,7.9,5.2,"Salmonella typhi,Hepatitis A virus,E. coli,Pseudomonas,Cryptosporidium"
1,1,0,1,0,1,0,0,1,1,0,0,0,1,5.6,0.0,Shigella spp.
0,1,0,0,0,0,1,1,1,0,0,0,1,0,6.1,0.6,"Hepatitis A virus,Shigella spp."
1,0,0,0,0,0,0,1,0,1,1,0,1,1,6.4,4.1,"Hepatitis A virus,Shigella spp.,E. coli,Pseudomonas"
0,1,0,0,1,1,1,1,1,0,1,1,0,0,7.4,4.2,"Giardia lamblia,Pseudomonas"
1,1,1,0,1,1,0,0,1,0,0,0,1,1,6.0,2.5,"Salmonella typhi,Hepatitis A virus,Shigella spp."
0,1,0,1,1,0,0,0,0,0,0,1,1,1,8.0,14.1,"Shigella spp.,E. coli,Giardia lamblia"
0,1,1,0,0,1,1,0,1,0,1,1,0,1,7.2,7.1,"Salmonella typhi,Hepatitis A virus,Leptospira,Pseudomonas"
1,0,0,1,0,0,1,1,1,0,1,0,0,1,5.0,5.7,"Vibrio cholerae,Salmonella typhi,Hepatitis A virus,Shigella spp.,E. coli,Giardia lamblia,Pseudomonas,Cryptosporidium"
1,1,0,1,0,1,0,1,0,1,1,0,0,1,7.2,7.7,"Salmonella typhi,Hepatitis A virus,Shigella spp.,E. coli,Pseudomonas,Cryptosporidium"
0,0,1,0,1,1,1,1,0,0,0,0,1,1,6.6,11.4,"Salmonella typhi,Hepatitis A virus,Shigella spp."
1,1,0,0,0,0,1,0,1,1,0,1,0,1,6.6,13.9,"Vibrio cholerae,Salmonella typhi,Hepatitis A virus,E. coli,Cryptosporidium"
1,1,1,0,1,1,0,1,1,0,1,1,0,1,8.7,14.8,"Salmonella typhi,Hepatitis A virus,E. coli,Giardia lamblia,Pseudomonas,Cryptosporidium"
1,0,1,1,0,1,1,0,1,0,1,1,0,0,6.2,4.9,"Hepatitis A virus,Shigella spp.,Giardia lamblia"
1,0,0,0,0,1,0,1,1,1,1,1,0,0,6.8,6.4,"Vibrio cholerae,E. coli,Pseudomonas,Cryptosporidium"
0,0,0,1,0,0,1,0,1,1,1,0,1,1,8.0,11.5,"Salmonella typhi,Giardia lamblia,Pseudomonas"
1,1,1,0,1,0,0,0,1,1,0,0,0,0,7.1,11.1,"Salmonella typhi,Giardia lamblia"
1,0,0,0,1,0,1,0,0,1,1,1,0,1,6.0,9.8,"Vibrio cholerae,Salmonella typhi,E. coli,Giardia lamblia,Pseudomonas,Cryptosporidium"
1,0,1,1,1,0,1,1,1,0,1,1,1,0,8.1,14.8,"Salmonella typhi,Hepatitis A virus,E. coli,Giardia lamblia,Leptospira,Pseudomonas,Cryptosporidium"
1,1,0,1,0,1,0,1,1,1,1,0,1,1,6.3,0.0,"Hepatitis A virus,Shigella spp.,Pseudomonas"
1,0,1,0,0,1,1,0,0,1,1,1,1,0,5.1,0.7,"Shigella spp.,Leptospira,Pseudomonas"
0,1,0,0,0,0,1,1,0,1,0,1,0,1,7.1,9.2,Hepatitis A virus
1,0,0,0,1,1,0,0,1,0,0,1,0,1,7.9,4.7,"Salmonella typhi,Hepatitis A virus,Giardia lamblia"
0,1,0,1,1,0,1,1,1,1,0,1,1,0,7.0,9.8,"Hepatitis A virus,Shigella spp.,E. coli,Giardia lamblia"
0,1,1,0,0,1,1,0,1,0,1,1,0,1,5.4,4.7,"Salmonella typhi,Leptospira,Pseudomonas"
0,1,1,0,0,1,1,0,0,0,0,1,0,0,8.5,1.5,None
1,1,1,0,0,0,1,0,0,1,0,0,0,0,7.6,8.9,"E. coli,Cryptosporidium"
0,1,1,1,0,0,1,1,0,0,0,1,0,0,6.0,11.5,"Vibrio cholerae,Salmonella typhi,Hepatitis A virus,Shigella spp.,E. coli,Giardia lamblia,Leptospira"
0,0,1,1,1,1,1,1,0,0,0,0,1,0,7.8,11.0,"Salmonella typhi,Hepatitis A virus,Shigella spp.,E. coli,Giardia lamblia"
1,0,0,1,0,0,1,0,0,1,0,1,0,0,8.3,9.5,"Salmonella typhi,Shigella spp.,E. coli,Giardia lamblia"
1,0,1,0,0,0,0,0,0,1,1,0,1,1,7.1,0.1,None
0,1,0,0,1,1,0,1,1,0,0,1,0,1,8.4,0.5,Hepatitis A virus
0,0,1,0,0,1,0,1,0,0,0,1,0,0,6.3,1.3,Hepatitis A virus
1,0,1,0,0,1,0,0,1,1,1,1,0,0,8.3,9.9,"Salmonella typhi,Hepatitis A virus,Leptospira,Pseudomonas,Cryptosporidium"
1,0,0,1,0,0,1,1,0,1,1,1,1,1,7.5,0.1,"Hepatitis A virus,Pseudomonas"
1,0,0,1,1,0,0,0,0,1,1,0,1,0,8.0,1.5,"Hepatitis A virus,Shigella spp.,Pseudomonas"
1,0,0,0,1,1,0,1,1,1,0,1,0,0,8.1,9.6,"Salmonella typhi,Hepatitis A virus,E. coli,Giardia lamblia"
1,0,0,0,0,0,0,0,1,1,1,1,0,0,8.7,8.1,"Hepatitis A virus,E. coli,Cryptosporidium"
1,0,1,1,0,1,1,0,1,1,1,0,1,0,6.3,3.2,"Hepatitis A virus,Pseudomonas"
0,1,1,0,1,1,1,0,0,1,0,0,1,0,7.3,6.3,"Salmonella typhi,Shigella spp.,Giardia lamblia"
0,0,1,1,1,0,1,0,0,0,1,1,0,0,5.0,2.9,"Salmonella typhi,Hepatitis A virus,Shigella spp.,Leptospira,Pseudomonas"
0,0,0,0,0,1,0,1,0,1,1,0,0,1,7.5,14.4,"Salmonella typhi,Hepatitis A virus,Pseudomonas"
1,1,0,0,1,0,0,0,1,0,1,1,1,0,8.0,5.6,"Hepatitis A virus,Shigella spp.,E. coli,Pseudomonas,Cryptosporidium"
0,1,1,0,1,1,1,1,0,0,0,0,0,1,7.8,12.6,"Salmonella typhi,Hepatitis A virus,Giardia lamblia"
1,0,0,1,0,1,1,0,1,0,1,1,1,0,7.7,3.5,"Salmonella typhi,Hepatitis A virus,Shigella spp.,Giardia lamblia,Pseudomonas"
1,1,0,1,1,0,1,0,1,0,0,0,1,0,7.5,8.6,"Salmonella typhi,Hepatitis A virus,Shigella spp.,E. coli,Giardia lamblia,Cryptosporidium"
1,0,0,0,0,1,0,1,1,1,1,1,0,1,7.5,12.2,"Salmonella typhi,Hepatitis A virus,E. coli,Pseudomonas,Cryptosporidium"
1,0,0,1,0,1,0,1,0,1,0,0,1,0,8.0,1.6,"Hepatitis A virus,Shigella spp."
1,1,0,0,0,0,1,0,0,0,0,0,1,1,8.1,2.6,"Salmonella typhi,Shigella spp."
0,1,0,0,0,1,0,1,1,0,0,0,1,1,8.7,14.4,"Salmonella typhi,Hepatitis A virus,Shigella spp."
1,1,1,1,1,1,1,0,0,0,1,0,0,0,5.5,0.1,"Hepatitis A virus,Shigella spp.,Pseudomonas"
1,0,0,0,1,1,0,1,0,0,1,1,0,1,7.1,6.5,"Hepatitis A virus,Giardia lamblia,Pseudomonas,Cryptosporidium"
1,0,0,1,0,0,1,1,1,1,0,0,0,0,9.0,4.0,"Salmonella typhi,Hepatitis A virus,Shigella spp.,Giardia lamblia"
0,0,0,1,1,0,0,0,1,0,0,0,0,1,8.5,8.0,E. coli
0,0,1,0,0,1,1,1,1,1,0,1,0,1,6.7,10.1,"Salmonella typhi,Hepatitis A virus,Leptospira"
1,1,1,0,0,1,0,1,0,0,0,0,1,0,8.7,8.6,"Salmonella typhi,Hepatitis A virus,Shigella spp.,E. coli,Cryptosporidium"
0,1,1,1,0,1,1,0,1,0,1,1,0,0,7.0,6.3,"Salmonella typhi,Hepatitis A virus,Shigella spp.,E. coli,Giardia lamblia,Pseudomonas"
0,0,0,1,1,0,0,0,1,1,1,1,1,1,5.6,8.2,"Hepatitis A virus,Shigella spp.,E. coli,Pseudomonas"
1,0,1,1,0,1,0,1,1,1,0,1,1,0,6.2,5.7,"Vibrio cholerae,Salmonella typhi,Hepatitis A virus,Shigella spp.,E. coli,Giardia lamblia,Leptospira,Cryptosporidium"
0,1,1,1,0,1,0,1,1,0,1,0,1,1,8.6,0.0,"Hepatitis A virus,Shigella spp.,Pseudomonas"
1,1,0,0,1,0,1,1,1,0,0,1,1,1,5.3,13.7,"Vibrio cholerae,Salmonella typhi,Shigella spp.,Giardia lamblia,Cryptosporidium"
1,1,0,0,1,0,1,1,0,0,1,0,0,1,8.8,2.2,"Salmonella typhi,Hepatitis A virus,Pseudomonas"
0,1,0,0,1,1,1,1,1,0,0,0,1,0,6.9,11.3,"Vibrio cholerae,Hepatitis A virus,Shigella spp.,Giardia lamblia"
0,1,1,1,1,1,0,0,1,1,1,1,1,1,7.6,6.0,"Hepatitis A virus,Shigella spp.,Leptospira,Pseudomonas"
1,0,1,1,1,1,0,1,0,1,1,0,0,1,7.8,2.7,"Salmonella typhi,Hepatitis A virus,Pseudomonas"
1,1,1,1,0,1,1,0,1,0,1,1,1,0,7.0,9.6,"Salmonella typhi,Hepatitis A virus,Shigella spp.,E. coli,Giardia lamblia,Leptospira,Pseudomonas,Cryptosporidium"
1,0,0,1,1,1,1,1,0,0,1,1,0,0,6.0,14.9,"Vibrio cholerae,E. coli,Giardia lamblia,Pseudomonas,Cryptosporidium"
1,1,1,0,0,1,0,1,1,0,1,1,1,1,5.8,7.4,"Vibrio cholerae,Salmonella typhi,E. coli,Leptospira,Pseudomonas,Cryptosporidium"
0,0,0,1,1,0,1,1,1,1,1,1,1,1,5.8,10.2,"Salmonella typhi,Hepatitis A virus,Shigella spp.,E. coli,Giardia lamblia,Pseudomonas"
